// /DroidStar/MainTab.qml
#include <QtQml/qqmlprivate.h>
#include <QtCore/qdatetime.h>
#include <QtCore/qloggingcategory.h>
#include <QtCore/qobject.h>
#include <QtCore/qstring.h>
#include <QtCore/qstringlist.h>
#include <QtCore/qtimezone.h>
#include <QtCore/qurl.h>
#include <QtCore/qvariant.h>
#include <QtQml/qjsengine.h>
#include <QtQml/qjsprimitivevalue.h>
#include <QtQml/qjsvalue.h>
#include <QtQml/qqmlcomponent.h>
#include <QtQml/qqmlcontext.h>
#include <QtQml/qqmlengine.h>
#include <QtQml/qqmllist.h>
#include <type_traits>
namespace QmlCacheGeneratedCode {
namespace _0x5f_DroidStar_MainTab_qml {
extern const unsigned char qmlData alignas(16) [];
extern const unsigned char qmlData alignas(16) [] = {

0x71,0x76,0x34,0x63,0x64,0x61,0x74,0x61,
0x42,0x0,0x0,0x0,0x2,0x8,0x6,0x0,
0x0,0x0,0x0,0x0,0x0,0x0,0x0,0x0,
0x0,0x66,0x1,0x0,0x30,0x61,0x38,0x31,
0x33,0x39,0x63,0x35,0x37,0x34,0x66,0x65,
0x31,0x35,0x30,0x61,0x62,0x61,0x39,0x32,
0x64,0x35,0x66,0x32,0x34,0x38,0x34,0x61,
0x38,0x66,0x33,0x66,0x64,0x62,0x37,0x37,
0x34,0x39,0x37,0x37,0x0,0x0,0x0,0x0,
0x0,0x0,0x0,0x0,0xf4,0x13,0xa7,0x1a,
0xcc,0x8c,0x76,0x1f,0x40,0xed,0x4e,0xac,
0x73,0xc4,0x36,0x8d,0x0,0x0,0x0,0x0,
0x0,0x0,0x0,0x0,0x0,0x0,0x0,0x0,
0x0,0x0,0x0,0x0,0x23,0x0,0x0,0x0,
0xf2,0x1,0x0,0x0,0xc0,0xb6,0x0,0x0,
0x3f,0x1,0x0,0x0,0xf8,0x0,0x0,0x0,
0x0,0x0,0x0,0x0,0xf4,0x5,0x0,0x0,
0x0,0x0,0x0,0x0,0xf4,0x5,0x0,0x0,
0x25,0x0,0x0,0x0,0xf4,0x5,0x0,0x0,
0x9e,0x4,0x0,0x0,0x88,0x6,0x0,0x0,
0x0,0x0,0x0,0x0,0x0,0x19,0x0,0x0,
0x19,0x0,0x0,0x0,0x0,0x19,0x0,0x0,
0x1,0x0,0x0,0x0,0xc8,0x19,0x0,0x0,
0x23,0x0,0x0,0x0,0xd8,0x19,0x0,0x0,
0x0,0x0,0x0,0x0,0x10,0x1c,0x0,0x0,
0x0,0x0,0x0,0x0,0x10,0x1c,0x0,0x0,
0x0,0x0,0x0,0x0,0x10,0x1c,0x0,0x0,
0x0,0x0,0x0,0x0,0x10,0x1c,0x0,0x0,
0x0,0x0,0x0,0x0,0x10,0x1c,0x0,0x0,
0xff,0xff,0xff,0xff,0x0,0x0,0x0,0x0,
0x0,0x0,0x0,0x0,0xf8,0xf9,0x0,0x0,
0x10,0x1c,0x0,0x0,0xa0,0x1c,0x0,0x0,
0x30,0x1d,0x0,0x0,0xe0,0x1d,0x0,0x0,
0x90,0x1e,0x0,0x0,0x8,0x1f,0x0,0x0,
0xd8,0x1f,0x0,0x0,0x50,0x20,0x0,0x0,
0x38,0x21,0x0,0x0,0x90,0x22,0x0,0x0,
0xe0,0x22,0x0,0x0,0x30,0x23,0x0,0x0,
0x90,0x23,0x0,0x0,0x20,0x24,0x0,0x0,
0x70,0x24,0x0,0x0,0xe0,0x24,0x0,0x0,
0x50,0x25,0x0,0x0,0xa0,0x25,0x0,0x0,
0x0,0x26,0x0,0x0,0x60,0x26,0x0,0x0,
0x8,0x27,0x0,0x0,0x88,0x27,0x0,0x0,
0xf0,0x27,0x0,0x0,0x48,0x28,0x0,0x0,
0xa0,0x28,0x0,0x0,0xf0,0x28,0x0,0x0,
0x48,0x29,0x0,0x0,0xa8,0x29,0x0,0x0,
0xf8,0x29,0x0,0x0,0x60,0x2a,0x0,0x0,
0xb8,0x2a,0x0,0x0,0x8,0x2b,0x0,0x0,
0x80,0x2b,0x0,0x0,0xd8,0x2b,0x0,0x0,
0x28,0x2c,0x0,0x0,0x78,0x2c,0x0,0x0,
0xc8,0x2c,0x0,0x0,0x20,0x2d,0x0,0x0,
0x78,0x2d,0x0,0x0,0xc8,0x2d,0x0,0x0,
0x20,0x2e,0x0,0x0,0x70,0x2e,0x0,0x0,
0xc8,0x2e,0x0,0x0,0x20,0x2f,0x0,0x0,
0x78,0x2f,0x0,0x0,0xa0,0x30,0x0,0x0,
0xf0,0x30,0x0,0x0,0x48,0x31,0x0,0x0,
0xb0,0x31,0x0,0x0,0x18,0x32,0x0,0x0,
0x8,0x34,0x0,0x0,0x70,0x34,0x0,0x0,
0xd0,0x34,0x0,0x0,0x38,0x35,0x0,0x0,
0xd0,0x35,0x0,0x0,0xd0,0x37,0x0,0x0,
0x30,0x38,0x0,0x0,0x88,0x38,0x0,0x0,
0xe0,0x38,0x0,0x0,0x38,0x39,0x0,0x0,
0xa0,0x39,0x0,0x0,0x0,0x3a,0x0,0x0,
0x60,0x3a,0x0,0x0,0xc0,0x3a,0x0,0x0,
0x20,0x3b,0x0,0x0,0xb0,0x3b,0x0,0x0,
0x10,0x3c,0x0,0x0,0x68,0x3c,0x0,0x0,
0xc0,0x3c,0x0,0x0,0x18,0x3d,0x0,0x0,
0x80,0x3d,0x0,0x0,0xe8,0x3d,0x0,0x0,
0x48,0x3e,0x0,0x0,0xa8,0x3e,0x0,0x0,
0x70,0x3f,0x0,0x0,0x0,0x40,0x0,0x0,
0x60,0x40,0x0,0x0,0xb8,0x40,0x0,0x0,
0x10,0x41,0x0,0x0,0x68,0x41,0x0,0x0,
0xd0,0x41,0x0,0x0,0x30,0x42,0x0,0x0,
0x90,0x42,0x0,0x0,0xf0,0x42,0x0,0x0,
0xf8,0x4b,0x0,0x0,0x58,0x4c,0x0,0x0,
0xc8,0x4c,0x0,0x0,0x30,0x4d,0x0,0x0,
0x90,0x4d,0x0,0x0,0xf8,0x4d,0x0,0x0,
0x0,0x4f,0x0,0x0,0x60,0x4f,0x0,0x0,
0xb8,0x4f,0x0,0x0,0x10,0x50,0x0,0x0,
0x68,0x50,0x0,0x0,0xd0,0x50,0x0,0x0,
0x38,0x51,0x0,0x0,0xa8,0x51,0x0,0x0,
0x10,0x52,0x0,0x0,0x70,0x52,0x0,0x0,
0xd8,0x52,0x0,0x0,0xf0,0x53,0x0,0x0,
0x98,0x54,0x0,0x0,0xf8,0x54,0x0,0x0,
0x50,0x55,0x0,0x0,0xa8,0x55,0x0,0x0,
0x0,0x56,0x0,0x0,0x68,0x56,0x0,0x0,
0xd0,0x56,0x0,0x0,0x40,0x57,0x0,0x0,
0xa8,0x57,0x0,0x0,0x8,0x58,0x0,0x0,
0x98,0x58,0x0,0x0,0x8,0x59,0x0,0x0,
0x68,0x59,0x0,0x0,0xc8,0x59,0x0,0x0,
0x20,0x5a,0x0,0x0,0x80,0x5a,0x0,0x0,
0xe0,0x5a,0x0,0x0,0x50,0x5b,0x0,0x0,
0xb8,0x5b,0x0,0x0,0x18,0x5c,0x0,0x0,
0x78,0x5c,0x0,0x0,0xe0,0x5c,0x0,0x0,
0x50,0x5d,0x0,0x0,0xb8,0x5d,0x0,0x0,
0x18,0x5e,0x0,0x0,0xa8,0x5e,0x0,0x0,
0x8,0x5f,0x0,0x0,0x78,0x5f,0x0,0x0,
0xd8,0x5f,0x0,0x0,0x38,0x60,0x0,0x0,
0x90,0x60,0x0,0x0,0xf0,0x60,0x0,0x0,
0x50,0x61,0x0,0x0,0xc0,0x61,0x0,0x0,
0x20,0x62,0x0,0x0,0x80,0x62,0x0,0x0,
0x88,0x63,0x0,0x0,0xe8,0x63,0x0,0x0,
0x48,0x64,0x0,0x0,0xb8,0x64,0x0,0x0,
0x18,0x65,0x0,0x0,0x78,0x65,0x0,0x0,
0x0,0x66,0x0,0x0,0x90,0x66,0x0,0x0,
0xf0,0x66,0x0,0x0,0x48,0x67,0x0,0x0,
0xa0,0x67,0x0,0x0,0xf8,0x67,0x0,0x0,
0x60,0x68,0x0,0x0,0xc8,0x68,0x0,0x0,
0x38,0x69,0x0,0x0,0x98,0x69,0x0,0x0,
0xf8,0x69,0x0,0x0,0x88,0x6a,0x0,0x0,
0xe8,0x6a,0x0,0x0,0x50,0x6b,0x0,0x0,
0xc0,0x6b,0x0,0x0,0x20,0x6c,0x0,0x0,
0x80,0x6c,0x0,0x0,0x10,0x6d,0x0,0x0,
0x70,0x6d,0x0,0x0,0xd8,0x6d,0x0,0x0,
0x48,0x6e,0x0,0x0,0xa8,0x6e,0x0,0x0,
0x8,0x6f,0x0,0x0,0x98,0x6f,0x0,0x0,
0xf8,0x6f,0x0,0x0,0x68,0x70,0x0,0x0,
0xc8,0x70,0x0,0x0,0x28,0x71,0x0,0x0,
0x80,0x71,0x0,0x0,0xe0,0x71,0x0,0x0,
0x48,0x72,0x0,0x0,0xb8,0x72,0x0,0x0,
0x20,0x73,0x0,0x0,0x80,0x73,0x0,0x0,
0x68,0x74,0x0,0x0,0xd8,0x74,0x0,0x0,
0x38,0x75,0x0,0x0,0x98,0x75,0x0,0x0,
0xf8,0x75,0x0,0x0,0x68,0x76,0x0,0x0,
0xc8,0x76,0x0,0x0,0x28,0x77,0x0,0x0,
0x88,0x77,0x0,0x0,0xe8,0x77,0x0,0x0,
0x58,0x78,0x0,0x0,0xc0,0x78,0x0,0x0,
0x20,0x79,0x0,0x0,0xb0,0x79,0x0,0x0,
0x8,0x7a,0x0,0x0,0x98,0x7a,0x0,0x0,
0xf8,0x7a,0x0,0x0,0x68,0x7b,0x0,0x0,
0xc8,0x7b,0x0,0x0,0x28,0x7c,0x0,0x0,
0x88,0x7c,0x0,0x0,0xf8,0x7c,0x0,0x0,
0x58,0x7d,0x0,0x0,0xb8,0x7d,0x0,0x0,
0x18,0x7e,0x0,0x0,0x88,0x7e,0x0,0x0,
0xe8,0x7e,0x0,0x0,0x48,0x7f,0x0,0x0,
0xa8,0x7f,0x0,0x0,0x18,0x80,0x0,0x0,
0x78,0x80,0x0,0x0,0xd8,0x80,0x0,0x0,
0x38,0x81,0x0,0x0,0xa8,0x81,0x0,0x0,
0x8,0x82,0x0,0x0,0x68,0x82,0x0,0x0,
0xc8,0x82,0x0,0x0,0x38,0x83,0x0,0x0,
0x98,0x83,0x0,0x0,0xf8,0x83,0x0,0x0,
0x58,0x84,0x0,0x0,0xb8,0x84,0x0,0x0,
0x28,0x85,0x0,0x0,0x90,0x85,0x0,0x0,
0xf0,0x85,0x0,0x0,0x50,0x86,0x0,0x0,
0xb0,0x86,0x0,0x0,0x20,0x87,0x0,0x0,
0x88,0x87,0x0,0x0,0xe8,0x87,0x0,0x0,
0x18,0x89,0x0,0x0,0x78,0x89,0x0,0x0,
0x58,0x8b,0x0,0x0,0xa8,0x8b,0x0,0x0,
0x48,0x8c,0x0,0x0,0xe8,0x8c,0x0,0x0,
0x48,0x8d,0x0,0x0,0xb8,0x8d,0x0,0x0,
0x20,0x8e,0x0,0x0,0x80,0x8e,0x0,0x0,
0xe0,0x8e,0x0,0x0,0x40,0x8f,0x0,0x0,
0xb0,0x8f,0x0,0x0,0x18,0x90,0x0,0x0,
0x78,0x90,0x0,0x0,0xd8,0x90,0x0,0x0,
0x38,0x91,0x0,0x0,0xa8,0x91,0x0,0x0,
0x10,0x92,0x0,0x0,0x70,0x92,0x0,0x0,
0xd0,0x92,0x0,0x0,0x30,0x93,0x0,0x0,
0xa0,0x93,0x0,0x0,0x8,0x94,0x0,0x0,
0x68,0x94,0x0,0x0,0xc8,0x94,0x0,0x0,
0x28,0x95,0x0,0x0,0x98,0x95,0x0,0x0,
0x0,0x96,0x0,0x0,0x60,0x96,0x0,0x0,
0xc0,0x96,0x0,0x0,0x30,0x97,0x0,0x0,
0x90,0x97,0x0,0x0,0xf0,0x97,0x0,0x0,
0x50,0x98,0x0,0x0,0xb8,0x98,0x0,0x0,
0x18,0x99,0x0,0x0,0x78,0x99,0x0,0x0,
0x10,0x9b,0x0,0x0,0x68,0x9b,0x0,0x0,
0xc8,0x9b,0x0,0x0,0x30,0x9c,0x0,0x0,
0x90,0x9c,0x0,0x0,0xf0,0x9c,0x0,0x0,
0x88,0x9e,0x0,0x0,0xe0,0x9e,0x0,0x0,
0x40,0x9f,0x0,0x0,0xb0,0x9f,0x0,0x0,
0x10,0xa0,0x0,0x0,0x70,0xa0,0x0,0x0,
0xe0,0xa0,0x0,0x0,0x40,0xa1,0x0,0x0,
0xd0,0xa1,0x0,0x0,0x28,0xa2,0x0,0x0,
0x98,0xa2,0x0,0x0,0xe8,0xa2,0x0,0x0,
0x40,0xa3,0x0,0x0,0xa0,0xa3,0x0,0x0,
0x10,0xa4,0x0,0x0,0x60,0xa4,0x0,0x0,
0xb8,0xa4,0x0,0x0,0x20,0xa5,0x0,0x0,
0x90,0xa5,0x0,0x0,0xe0,0xa5,0x0,0x0,
0x38,0xa6,0x0,0x0,0xa0,0xa6,0x0,0x0,
0x10,0xa7,0x0,0x0,0x60,0xa7,0x0,0x0,
0xb8,0xa7,0x0,0x0,0x28,0xa8,0x0,0x0,
0x88,0xa8,0x0,0x0,0xe8,0xa8,0x0,0x0,
0x78,0xa9,0x0,0x0,0xd8,0xa9,0x0,0x0,
0xf8,0xaa,0x0,0x0,0x70,0xab,0x0,0x0,
0xd0,0xab,0x0,0x0,0x38,0xac,0x0,0x0,
0xc8,0xad,0x0,0x0,0x78,0xae,0x0,0x0,
0x28,0xaf,0x0,0x0,0xd8,0xaf,0x0,0x0,
0x50,0xb1,0x0,0x0,0xb8,0xb1,0x0,0x0,
0x10,0xb2,0x0,0x0,0x60,0xb2,0x0,0x0,
0xb8,0xb2,0x0,0x0,0x10,0xb3,0x0,0x0,
0x68,0xb3,0x0,0x0,0xc0,0xb3,0x0,0x0,
0x18,0xb4,0x0,0x0,0x70,0xb4,0x0,0x0,
0x80,0xb4,0x0,0x0,0x90,0xb4,0x0,0x0,
0xa0,0xb4,0x0,0x0,0xb0,0xb4,0x0,0x0,
0xc0,0xb4,0x0,0x0,0xd0,0xb4,0x0,0x0,
0xe0,0xb4,0x0,0x0,0xf0,0xb4,0x0,0x0,
0x0,0xb5,0x0,0x0,0x10,0xb5,0x0,0x0,
0x20,0xb5,0x0,0x0,0x30,0xb5,0x0,0x0,
0x40,0xb5,0x0,0x0,0x50,0xb5,0x0,0x0,
0x60,0xb5,0x0,0x0,0x70,0xb5,0x0,0x0,
0x80,0xb5,0x0,0x0,0x90,0xb5,0x0,0x0,
0xa0,0xb5,0x0,0x0,0xb0,0xb5,0x0,0x0,
0xc0,0xb5,0x0,0x0,0xd0,0xb5,0x0,0x0,
0xe0,0xb5,0x0,0x0,0xf0,0xb5,0x0,0x0,
0x0,0xb6,0x0,0x0,0x10,0xb6,0x0,0x0,
0x20,0xb6,0x0,0x0,0x30,0xb6,0x0,0x0,
0x40,0xb6,0x0,0x0,0x50,0xb6,0x0,0x0,
0x60,0xb6,0x0,0x0,0x70,0xb6,0x0,0x0,
0x80,0xb6,0x0,0x0,0x90,0xb6,0x0,0x0,
0xa0,0xb6,0x0,0x0,0xb0,0xb6,0x0,0x0,
0x23,0x11,0x0,0x0,0x23,0x11,0x0,0x0,
0x33,0x11,0x0,0x0,0x44,0x11,0x0,0x0,
0x67,0x2,0x0,0x0,0x33,0x2,0x0,0x0,
0x54,0x11,0x0,0x0,0x33,0x11,0x0,0x0,
0x64,0x11,0x0,0x0,0x70,0x11,0x0,0x0,
0x33,0x2,0x0,0x0,0x84,0x11,0x0,0x0,
0x33,0x2,0x0,0x0,0x54,0x11,0x0,0x0,
0x33,0x11,0x0,0x0,0x94,0x11,0x0,0x0,
0xa3,0x11,0x0,0x0,0xb0,0x11,0x0,0x0,
0xa3,0x11,0x0,0x0,0xc0,0x11,0x0,0x0,
0x53,0xd,0x0,0x0,0xa3,0x11,0x0,0x0,
0xb0,0x11,0x0,0x0,0xa3,0x11,0x0,0x0,
0xc0,0x11,0x0,0x0,0x51,0x8,0x0,0x0,
0xa3,0x11,0x0,0x0,0xb0,0x11,0x0,0x0,
0x53,0xd,0x0,0x0,0xa3,0x11,0x0,0x0,
0xb0,0x11,0x0,0x0,0x51,0x8,0x0,0x0,
0x53,0xd,0x0,0x0,0x51,0x8,0x0,0x0,
0xe3,0x4,0x0,0x0,0xf0,0x11,0x0,0x0,
0xe3,0x4,0x0,0x0,0x53,0x0,0x0,0x0,
0x60,0x0,0x0,0x0,0x61,0x0,0x0,0x0,
0x43,0x6,0x0,0x0,0x53,0x0,0x0,0x0,
0x60,0x0,0x0,0x0,0x61,0x0,0x0,0x0,
0x43,0x6,0x0,0x0,0x53,0x0,0x0,0x0,
0x60,0x0,0x0,0x0,0xc1,0x8,0x0,0x0,
0xe3,0x4,0x0,0x0,0x53,0x0,0x0,0x0,
0x60,0x0,0x0,0x0,0x61,0x0,0x0,0x0,
0x43,0x6,0x0,0x0,0x53,0x0,0x0,0x0,
0x60,0x0,0x0,0x0,0x61,0x0,0x0,0x0,
0x43,0x6,0x0,0x0,0x53,0x0,0x0,0x0,
0x60,0x0,0x0,0x0,0xc1,0x8,0x0,0x0,
0xa3,0x6,0x0,0x0,0x50,0x8,0x0,0x0,
0xc3,0x6,0x0,0x0,0x50,0x8,0x0,0x0,
0x3,0x10,0x0,0x0,0x14,0x12,0x0,0x0,
0x23,0x12,0x0,0x0,0x34,0x12,0x0,0x0,
0x17,0x10,0x0,0x0,0x53,0x12,0x0,0x0,
0x63,0x1,0x0,0x0,0x73,0x1,0x0,0x0,
0x83,0x1,0x0,0x0,0x93,0x1,0x0,0x0,
0x57,0x1,0x0,0x0,0x63,0x1,0x0,0x0,
0x73,0x1,0x0,0x0,0x83,0x1,0x0,0x0,
0x93,0x1,0x0,0x0,0xa7,0x1,0x0,0x0,
0x33,0x11,0x0,0x0,0x67,0x2,0x0,0x0,
0x67,0x2,0x0,0x0,0xa3,0x6,0x0,0x0,
0x50,0x8,0x0,0x0,0x23,0x12,0x0,0x0,
0x34,0x12,0x0,0x0,0x53,0xd,0x0,0x0,
0x51,0x8,0x0,0x0,0x23,0x12,0x0,0x0,
0x83,0x12,0x0,0x0,0x90,0x12,0x0,0x0,
0x34,0x12,0x0,0x0,0xa3,0x12,0x0,0x0,
0x70,0x0,0x0,0x0,0x83,0x0,0x0,0x0,
0xa3,0x12,0x0,0x0,0x60,0x0,0x0,0x0,
0xa3,0x12,0x0,0x0,0x70,0x0,0x0,0x0,
0x83,0x0,0x0,0x0,0x43,0x8,0x0,0x0,
0xb0,0x12,0x0,0x0,0xa3,0x12,0x0,0x0,
0x70,0x0,0x0,0x0,0xf3,0x7,0x0,0x0,
0xc0,0x8,0x0,0x0,0xf3,0x7,0x0,0x0,
0x60,0x0,0x0,0x0,0xf3,0x7,0x0,0x0,
0xd0,0x8,0x0,0x0,0xa3,0x12,0x0,0x0,
0x60,0x0,0x0,0x0,0xa3,0x12,0x0,0x0,
0x70,0x0,0x0,0x0,0x83,0x0,0x0,0x0,
0x33,0x2,0x0,0x0,0xe3,0x5,0x0,0x0,
0xf3,0x11,0x0,0x0,0x51,0x8,0x0,0x0,
0xa3,0x12,0x0,0x0,0x70,0x0,0x0,0x0,
0x3,0x8,0x0,0x0,0xf0,0x11,0x0,0x0,
0x43,0x8,0x0,0x0,0xb0,0x12,0x0,0x0,
0x43,0x8,0x0,0x0,0xc0,0x12,0x0,0x0,
0xa3,0x12,0x0,0x0,0x60,0x0,0x0,0x0,
0xa3,0x12,0x0,0x0,0x60,0x0,0x0,0x0,
0x33,0x2,0x0,0x0,0xa3,0x12,0x0,0x0,
0x60,0x0,0x0,0x0,0x93,0x9,0x0,0x0,
0xa3,0x12,0x0,0x0,0x60,0x0,0x0,0x0,
0xa3,0x12,0x0,0x0,0x70,0x0,0x0,0x0,
0x43,0x8,0x0,0x0,0xb0,0x12,0x0,0x0,
0xe3,0x5,0x0,0x0,0x93,0x9,0x0,0x0,
0x51,0x8,0x0,0x0,0x3,0x8,0x0,0x0,
0xd3,0x12,0x0,0x0,0x41,0xb,0x0,0x0,
0x3,0x8,0x0,0x0,0xb0,0xa,0x0,0x0,
0xe4,0x12,0x0,0x0,0x23,0x12,0x0,0x0,
0x93,0x9,0x0,0x0,0x34,0x12,0x0,0x0,
0x33,0x11,0x0,0x0,0xd3,0x5,0x0,0x0,
0x50,0x8,0x0,0x0,0x4,0x13,0x0,0x0,
0xa3,0x12,0x0,0x0,0xa3,0x12,0x0,0x0,
0x60,0x0,0x0,0x0,0x77,0x2,0x0,0x0,
0x27,0xb,0x0,0x0,0xf3,0xa,0x0,0x0,
0x3,0xb,0x0,0x0,0x13,0xb,0x0,0x0,
0x33,0x11,0x0,0x0,0x14,0x13,0x0,0x0,
0x3,0xb,0x0,0x0,0xf3,0xa,0x0,0x0,
0xa3,0x12,0x0,0x0,0x60,0x0,0x0,0x0,
0x33,0x11,0x0,0x0,0x24,0x13,0x0,0x0,
0xa3,0x4,0x0,0x0,0x60,0x0,0x0,0x0,
0xa3,0x4,0x0,0x0,0x61,0x0,0x0,0x0,
0xa3,0x4,0x0,0x0,0x60,0x0,0x0,0x0,
0xa3,0x4,0x0,0x0,0x60,0x0,0x0,0x0,
0x61,0x0,0x0,0x0,0xa3,0x4,0x0,0x0,
0x61,0x0,0x0,0x0,0xa3,0x12,0x0,0x0,
0x60,0x0,0x0,0x0,0xa3,0x12,0x0,0x0,
0x70,0x0,0x0,0x0,0x83,0x0,0x0,0x0,
0x43,0xb,0x0,0x0,0xf3,0x11,0x0,0x0,
0xe3,0x4,0x0,0x0,0x30,0xb,0x0,0x0,
0x33,0x11,0x0,0x0,0xe3,0x4,0x0,0x0,
0xf0,0x11,0x0,0x0,0xd4,0x13,0x0,0x0,
0xe3,0x4,0x0,0x0,0xf0,0x11,0x0,0x0,
0xe3,0x4,0x0,0x0,0x53,0x0,0x0,0x0,
0x60,0x0,0x0,0x0,0x61,0x0,0x0,0x0,
0x43,0x6,0x0,0x0,0x53,0x0,0x0,0x0,
0x60,0x0,0x0,0x0,0x61,0x0,0x0,0x0,
0x43,0x6,0x0,0x0,0x53,0x0,0x0,0x0,
0x60,0x0,0x0,0x0,0xc1,0x8,0x0,0x0,
0xe3,0x4,0x0,0x0,0x53,0x0,0x0,0x0,
0x60,0x0,0x0,0x0,0x61,0x0,0x0,0x0,
0x43,0x6,0x0,0x0,0x53,0x0,0x0,0x0,
0x60,0x0,0x0,0x0,0x61,0x0,0x0,0x0,
0x43,0x6,0x0,0x0,0x53,0x0,0x0,0x0,
0x60,0x0,0x0,0x0,0xc1,0x8,0x0,0x0,
0xa3,0x12,0x0,0x0,0x70,0x0,0x0,0x0,
0xe3,0x4,0x0,0x0,0x50,0xb,0x0,0x0,
0xe3,0x4,0x0,0x0,0x90,0x8,0x0,0x0,
0x43,0x8,0x0,0x0,0xb0,0x12,0x0,0x0,
0xe3,0x4,0x0,0x0,0x50,0x10,0x0,0x0,
0xa3,0x12,0x0,0x0,0x60,0x0,0x0,0x0,
0xa3,0x12,0x0,0x0,0x60,0x0,0x0,0x0,
0xa3,0x12,0x0,0x0,0x70,0x0,0x0,0x0,
0x83,0x0,0x0,0x0,0x33,0x11,0x0,0x0,
0xa3,0x5,0x0,0x0,0x40,0xb,0x0,0x0,
0x14,0x14,0x0,0x0,0xa3,0x12,0x0,0x0,
0x70,0x0,0x0,0x0,0xa3,0x5,0x0,0x0,
0x50,0xb,0x0,0x0,0xa3,0x5,0x0,0x0,
0x90,0x8,0x0,0x0,0x43,0x8,0x0,0x0,
0xb0,0x12,0x0,0x0,0xa3,0x5,0x0,0x0,
0x50,0x10,0x0,0x0,0xa3,0x12,0x0,0x0,
0x60,0x0,0x0,0x0,0xa3,0x12,0x0,0x0,
0x60,0x0,0x0,0x0,0xa3,0x12,0x0,0x0,
0x70,0x0,0x0,0x0,0x83,0x0,0x0,0x0,
0x33,0x11,0x0,0x0,0xc3,0x5,0x0,0x0,
0x40,0xb,0x0,0x0,0x24,0x15,0x0,0x0,
0xa3,0x12,0x0,0x0,0x70,0x0,0x0,0x0,
0xc3,0x5,0x0,0x0,0x50,0xb,0x0,0x0,
0xc3,0x5,0x0,0x0,0x90,0x8,0x0,0x0,
0x43,0x8,0x0,0x0,0xb0,0x12,0x0,0x0,
0xc3,0x5,0x0,0x0,0x50,0x10,0x0,0x0,
0xa3,0x12,0x0,0x0,0x60,0x0,0x0,0x0,
0xa3,0x12,0x0,0x0,0x60,0x0,0x0,0x0,
0xa3,0x12,0x0,0x0,0x70,0x0,0x0,0x0,
0x83,0x0,0x0,0x0,0x33,0x11,0x0,0x0,
0x43,0x15,0x0,0x0,0x50,0x15,0x0,0x0,
0x50,0x8,0x0,0x0,0x64,0x15,0x0,0x0,
0x34,0x15,0x0,0x0,0x33,0x11,0x0,0x0,
0x73,0x5,0x0,0x0,0xf0,0x11,0x0,0x0,
0x74,0x15,0x0,0x0,0x33,0x11,0x0,0x0,
0xd3,0x4,0x0,0x0,0xf0,0x11,0x0,0x0,
0x84,0x15,0x0,0x0,0x33,0x11,0x0,0x0,
0xd3,0x5,0x0,0x0,0x50,0x8,0x0,0x0,
0x94,0x15,0x0,0x0,0x33,0x11,0x0,0x0,
0x43,0x15,0x0,0x0,0xb0,0x15,0x0,0x0,
0x50,0x8,0x0,0x0,0xa4,0x15,0x0,0x0,
0x33,0x11,0x0,0x0,0x43,0x15,0x0,0x0,
0xd0,0x15,0x0,0x0,0xf0,0x11,0x0,0x0,
0xc4,0x15,0x0,0x0,0x33,0x11,0x0,0x0,
0x43,0x15,0x0,0x0,0xf0,0x15,0x0,0x0,
0x50,0x8,0x0,0x0,0xe4,0x15,0x0,0x0,
0x33,0x11,0x0,0x0,0x43,0x15,0x0,0x0,
0x10,0x16,0x0,0x0,0x50,0x8,0x0,0x0,
0x4,0x16,0x0,0x0,0x33,0x11,0x0,0x0,
0x43,0x15,0x0,0x0,0x30,0x16,0x0,0x0,
0x50,0x8,0x0,0x0,0x24,0x16,0x0,0x0,
0x33,0x11,0x0,0x0,0x43,0x15,0x0,0x0,
0x50,0x16,0x0,0x0,0x50,0x8,0x0,0x0,
0x44,0x16,0x0,0x0,0x33,0x11,0x0,0x0,
0x43,0x15,0x0,0x0,0x70,0x16,0x0,0x0,
0x50,0x8,0x0,0x0,0x64,0x16,0x0,0x0,
0x33,0x11,0x0,0x0,0x43,0x15,0x0,0x0,
0x90,0x16,0x0,0x0,0x50,0x8,0x0,0x0,
0x84,0x16,0x0,0x0,0x33,0x11,0x0,0x0,
0x43,0x15,0x0,0x0,0xb0,0x16,0x0,0x0,
0x50,0x8,0x0,0x0,0xa4,0x16,0x0,0x0,
0x33,0x11,0x0,0x0,0x43,0x15,0x0,0x0,
0xd0,0x16,0x0,0x0,0x50,0x8,0x0,0x0,
0xc4,0x16,0x0,0x0,0x33,0x11,0x0,0x0,
0x43,0x15,0x0,0x0,0xf0,0x16,0x0,0x0,
0x50,0x8,0x0,0x0,0xe4,0x16,0x0,0x0,
0x33,0x11,0x0,0x0,0x43,0x15,0x0,0x0,
0x10,0x17,0x0,0x0,0x50,0x8,0x0,0x0,
0x4,0x17,0x0,0x0,0x33,0x11,0x0,0x0,
0x53,0x0,0x0,0x0,0x10,0x6,0x0,0x0,
0xe0,0xe,0x0,0x0,0x24,0x17,0x0,0x0,
0x33,0x11,0x0,0x0,0x43,0x15,0x0,0x0,
0x40,0x17,0x0,0x0,0x50,0x8,0x0,0x0,
0x34,0x17,0x0,0x0,0x33,0x11,0x0,0x0,
0x43,0x15,0x0,0x0,0x60,0x17,0x0,0x0,
0xe0,0xe,0x0,0x0,0x54,0x17,0x0,0x0,
0x33,0x11,0x0,0x0,0x43,0x15,0x0,0x0,
0x80,0x17,0x0,0x0,0xe0,0xe,0x0,0x0,
0x74,0x17,0x0,0x0,0x33,0x11,0x0,0x0,
0x43,0x15,0x0,0x0,0xa0,0x17,0x0,0x0,
0xf0,0x11,0x0,0x0,0x94,0x17,0x0,0x0,
0x33,0x11,0x0,0x0,0x43,0x15,0x0,0x0,
0xc0,0x17,0x0,0x0,0xf0,0x11,0x0,0x0,
0xb4,0x17,0x0,0x0,0x33,0x11,0x0,0x0,
0x43,0x15,0x0,0x0,0xe0,0x17,0x0,0x0,
0xf0,0x11,0x0,0x0,0xd4,0x17,0x0,0x0,
0x33,0x11,0x0,0x0,0x43,0x15,0x0,0x0,
0x0,0x18,0x0,0x0,0xf0,0x11,0x0,0x0,
0xf4,0x17,0x0,0x0,0x33,0x11,0x0,0x0,
0x43,0x15,0x0,0x0,0x20,0x18,0x0,0x0,
0x50,0x8,0x0,0x0,0x14,0x18,0x0,0x0,
0x33,0x11,0x0,0x0,0x43,0x15,0x0,0x0,
0x40,0x18,0x0,0x0,0x50,0x8,0x0,0x0,
0x34,0x18,0x0,0x0,0x33,0x11,0x0,0x0,
0x43,0x15,0x0,0x0,0x60,0x18,0x0,0x0,
0x50,0x8,0x0,0x0,0x54,0x18,0x0,0x0,
0x33,0x11,0x0,0x0,0x43,0x15,0x0,0x0,
0x80,0x18,0x0,0x0,0x50,0x8,0x0,0x0,
0x74,0x18,0x0,0x0,0x33,0x11,0x0,0x0,
0x43,0x15,0x0,0x0,0xa0,0x18,0x0,0x0,
0x50,0x8,0x0,0x0,0x94,0x18,0x0,0x0,
0x33,0x11,0x0,0x0,0x43,0x15,0x0,0x0,
0xc0,0x18,0x0,0x0,0x50,0x8,0x0,0x0,
0xb4,0x18,0x0,0x0,0x33,0x11,0x0,0x0,
0x43,0x15,0x0,0x0,0xe0,0x18,0x0,0x0,
0x50,0x8,0x0,0x0,0xd4,0x18,0x0,0x0,
0x33,0x11,0x0,0x0,0x43,0x15,0x0,0x0,
0xe0,0x18,0x0,0x0,0x50,0x8,0x0,0x0,
0xf4,0x18,0x0,0x0,0x33,0x11,0x0,0x0,
0x43,0x15,0x0,0x0,0x10,0x19,0x0,0x0,
0x50,0x8,0x0,0x0,0x4,0x19,0x0,0x0,
0x33,0x11,0x0,0x0,0x43,0x15,0x0,0x0,
0x30,0x19,0x0,0x0,0x50,0x8,0x0,0x0,
0x24,0x19,0x0,0x0,0x33,0x11,0x0,0x0,
0x43,0x15,0x0,0x0,0x50,0x19,0x0,0x0,
0x50,0x8,0x0,0x0,0x44,0x19,0x0,0x0,
0x33,0x11,0x0,0x0,0x43,0x15,0x0,0x0,
0x70,0x19,0x0,0x0,0x50,0x8,0x0,0x0,
0x64,0x19,0x0,0x0,0x33,0x11,0x0,0x0,
0x43,0x15,0x0,0x0,0x90,0x19,0x0,0x0,
0x50,0x8,0x0,0x0,0x84,0x19,0x0,0x0,
0x33,0x11,0x0,0x0,0x43,0x15,0x0,0x0,
0xb0,0x19,0x0,0x0,0x50,0x8,0x0,0x0,
0xa4,0x19,0x0,0x0,0x33,0x11,0x0,0x0,
0x43,0x15,0x0,0x0,0xb0,0x19,0x0,0x0,
0x50,0x8,0x0,0x0,0xc4,0x19,0x0,0x0,
0x33,0x11,0x0,0x0,0x43,0x15,0x0,0x0,
0xe0,0x19,0x0,0x0,0x50,0x8,0x0,0x0,
0xd4,0x19,0x0,0x0,0x33,0x11,0x0,0x0,
0x43,0x15,0x0,0x0,0x0,0x1a,0x0,0x0,
0x50,0x8,0x0,0x0,0xf4,0x19,0x0,0x0,
0x33,0x11,0x0,0x0,0x14,0x1a,0x0,0x0,
0xa3,0x12,0x0,0x0,0x70,0x0,0x0,0x0,
0xa3,0x12,0x0,0x0,0x70,0x0,0x0,0x0,
0x83,0x0,0x0,0x0,0xa3,0x12,0x0,0x0,
0x60,0x0,0x0,0x0,0xa3,0x12,0x0,0x0,
0x70,0x0,0x0,0x0,0x83,0x0,0x0,0x0,
0x43,0xb,0x0,0x0,0xf3,0x11,0x0,0x0,
0x43,0x15,0x0,0x0,0x30,0x1a,0x0,0x0,
0xe0,0xe,0x0,0x0,0x33,0x11,0x0,0x0,
0x3,0x5,0x0,0x0,0xf0,0x11,0x0,0x0,
0x44,0x1a,0x0,0x0,0x33,0x11,0x0,0x0,
0x54,0x1a,0x0,0x0,0x33,0x11,0x0,0x0,
0x3,0x5,0x0,0x0,0xf0,0x11,0x0,0x0,
0x64,0x1a,0x0,0x0,0xa3,0x12,0x0,0x0,
0x70,0x0,0x0,0x0,0x3,0x5,0x0,0x0,
0x50,0xb,0x0,0x0,0x3,0x5,0x0,0x0,
0x90,0x8,0x0,0x0,0x43,0x8,0x0,0x0,
0xb0,0x12,0x0,0x0,0x3,0x5,0x0,0x0,
0x50,0x10,0x0,0x0,0xa3,0x12,0x0,0x0,
0x60,0x0,0x0,0x0,0xa3,0x12,0x0,0x0,
0x70,0x0,0x0,0x0,0x83,0x0,0x0,0x0,
0xa3,0x12,0x0,0x0,0x60,0x0,0x0,0x0,
0xa3,0x12,0x0,0x0,0x70,0x0,0x0,0x0,
0x83,0x0,0x0,0x0,0x43,0xb,0x0,0x0,
0xf3,0x11,0x0,0x0,0xe3,0x4,0x0,0x0,
0x30,0xb,0x0,0x0,0x33,0x11,0x0,0x0,
0x83,0x5,0x0,0x0,0xf0,0x11,0x0,0x0,
0x74,0x15,0x0,0x0,0xa3,0x12,0x0,0x0,
0x70,0x0,0x0,0x0,0x83,0x5,0x0,0x0,
0x50,0xb,0x0,0x0,0x83,0x5,0x0,0x0,
0x90,0x8,0x0,0x0,0x43,0x8,0x0,0x0,
0xb0,0x12,0x0,0x0,0x83,0x5,0x0,0x0,
0x50,0x10,0x0,0x0,0xa3,0x12,0x0,0x0,
0x60,0x0,0x0,0x0,0xa3,0x12,0x0,0x0,
0x70,0x0,0x0,0x0,0x83,0x0,0x0,0x0,
0xa3,0x12,0x0,0x0,0x60,0x0,0x0,0x0,
0xa3,0x12,0x0,0x0,0x70,0x0,0x0,0x0,
0x83,0x0,0x0,0x0,0x33,0x11,0x0,0x0,
0x13,0x6,0x0,0x0,0xe0,0xe,0x0,0x0,
0x24,0x17,0x0,0x0,0xa3,0x12,0x0,0x0,
0x70,0x0,0x0,0x0,0x83,0x0,0x0,0x0,
0xa3,0x12,0x0,0x0,0x60,0x0,0x0,0x0,
0xa3,0x12,0x0,0x0,0x70,0x0,0x0,0x0,
0x83,0x0,0x0,0x0,0x43,0x8,0x0,0x0,
0xb0,0x12,0x0,0x0,0xa3,0x12,0x0,0x0,
0x70,0x0,0x0,0x0,0xa3,0x12,0x0,0x0,
0x60,0x0,0x0,0x0,0xa3,0x12,0x0,0x0,
0x70,0x0,0x0,0x0,0x83,0x0,0x0,0x0,
0xa3,0x12,0x0,0x0,0x60,0x0,0x0,0x0,
0xa3,0x12,0x0,0x0,0x70,0x0,0x0,0x0,
0x83,0x0,0x0,0x0,0xa3,0x12,0x0,0x0,
0x70,0x0,0x0,0x0,0xa3,0x12,0x0,0x0,
0x60,0x0,0x0,0x0,0xa3,0x12,0x0,0x0,
0x70,0x0,0x0,0x0,0x83,0x0,0x0,0x0,
0xa3,0x12,0x0,0x0,0x60,0x0,0x0,0x0,
0xa3,0x12,0x0,0x0,0x70,0x0,0x0,0x0,
0x83,0x0,0x0,0x0,0x33,0x11,0x0,0x0,
0x33,0x5,0x0,0x0,0x50,0x8,0x0,0x0,
0x34,0x1c,0x0,0x0,0xa3,0x12,0x0,0x0,
0x70,0x0,0x0,0x0,0xa3,0x12,0x0,0x0,
0x70,0x0,0x0,0x0,0x83,0x0,0x0,0x0,
0xa3,0x12,0x0,0x0,0x60,0x0,0x0,0x0,
0xa3,0x12,0x0,0x0,0x70,0x0,0x0,0x0,
0x83,0x0,0x0,0x0,0x43,0x8,0x0,0x0,
0xb0,0x12,0x0,0x0,0xa3,0x12,0x0,0x0,
0x70,0x0,0x0,0x0,0xa3,0x12,0x0,0x0,
0x60,0x0,0x0,0x0,0xa3,0x12,0x0,0x0,
0x70,0x0,0x0,0x0,0x83,0x0,0x0,0x0,
0xa3,0x12,0x0,0x0,0x60,0x0,0x0,0x0,
0xa3,0x12,0x0,0x0,0x70,0x0,0x0,0x0,
0x83,0x0,0x0,0x0,0x33,0x11,0x0,0x0,
0xd3,0x5,0x0,0x0,0x50,0x8,0x0,0x0,
0x4,0x13,0x0,0x0,0x23,0x12,0x0,0x0,
0xd3,0x5,0x0,0x0,0x50,0x8,0x0,0x0,
0x34,0x12,0x0,0x0,0xd3,0x5,0x0,0x0,
0x50,0x8,0x0,0x0,0x47,0x2,0x0,0x0,
0x67,0x2,0x0,0x0,0xa3,0x12,0x0,0x0,
0x70,0x0,0x0,0x0,0xa3,0x12,0x0,0x0,
0x60,0x0,0x0,0x0,0xa3,0x12,0x0,0x0,
0x70,0x0,0x0,0x0,0x83,0x0,0x0,0x0,
0xa3,0x12,0x0,0x0,0x60,0x0,0x0,0x0,
0xa3,0x12,0x0,0x0,0x70,0x0,0x0,0x0,
0x83,0x0,0x0,0x0,0x33,0x11,0x0,0x0,
0x3,0x6,0x0,0x0,0xf0,0x11,0x0,0x0,
0xd4,0x1c,0x0,0x0,0xa3,0x12,0x0,0x0,
0x70,0x0,0x0,0x0,0x3,0x6,0x0,0x0,
0x50,0xb,0x0,0x0,0x3,0x6,0x0,0x0,
0x90,0x8,0x0,0x0,0x43,0x8,0x0,0x0,
0xb0,0x12,0x0,0x0,0x3,0x6,0x0,0x0,
0x50,0x10,0x0,0x0,0xa3,0x12,0x0,0x0,
0x60,0x0,0x0,0x0,0xa3,0x12,0x0,0x0,
0x70,0x0,0x0,0x0,0x83,0x0,0x0,0x0,
0xa3,0x12,0x0,0x0,0x60,0x0,0x0,0x0,
0xa3,0x12,0x0,0x0,0x70,0x0,0x0,0x0,
0x83,0x0,0x0,0x0,0x33,0x11,0x0,0x0,
0xa3,0x7,0x0,0x0,0xe0,0xe,0x0,0x0,
0xe4,0x1c,0x0,0x0,0xa3,0x12,0x0,0x0,
0x70,0x0,0x0,0x0,0xa3,0x12,0x0,0x0,
0x60,0x0,0x0,0x0,0xa3,0x12,0x0,0x0,
0x70,0x0,0x0,0x0,0x83,0x0,0x0,0x0,
0xa3,0x12,0x0,0x0,0x60,0x0,0x0,0x0,
0xa3,0x12,0x0,0x0,0x70,0x0,0x0,0x0,
0x83,0x0,0x0,0x0,0x33,0x11,0x0,0x0,
0xc3,0x7,0x0,0x0,0xe0,0xe,0x0,0x0,
0xf4,0x1c,0x0,0x0,0xa3,0x12,0x0,0x0,
0x70,0x0,0x0,0x0,0xa3,0x12,0x0,0x0,
0x60,0x0,0x0,0x0,0xa3,0x12,0x0,0x0,
0x70,0x0,0x0,0x0,0x83,0x0,0x0,0x0,
0xa3,0x12,0x0,0x0,0x60,0x0,0x0,0x0,
0xa3,0x12,0x0,0x0,0x70,0x0,0x0,0x0,
0x83,0x0,0x0,0x0,0x33,0x11,0x0,0x0,
0xe3,0x7,0x0,0x0,0xe0,0xe,0x0,0x0,
0x4,0x1d,0x0,0x0,0xa3,0x12,0x0,0x0,
0x70,0x0,0x0,0x0,0xa3,0x12,0x0,0x0,
0x70,0x0,0x0,0x0,0x83,0x0,0x0,0x0,
0xa3,0x12,0x0,0x0,0x60,0x0,0x0,0x0,
0xa3,0x12,0x0,0x0,0x70,0x0,0x0,0x0,
0x83,0x0,0x0,0x0,0x43,0x8,0x0,0x0,
0xb0,0x12,0x0,0x0,0xa3,0x12,0x0,0x0,
0x70,0x0,0x0,0x0,0xa3,0x12,0x0,0x0,
0x60,0x0,0x0,0x0,0xa3,0x12,0x0,0x0,
0x70,0x0,0x0,0x0,0x83,0x0,0x0,0x0,
0xa3,0x12,0x0,0x0,0x60,0x0,0x0,0x0,
0xa3,0x12,0x0,0x0,0x70,0x0,0x0,0x0,
0x83,0x0,0x0,0x0,0xf3,0xc,0x0,0x0,
0x33,0x11,0x0,0x0,0xf3,0xc,0x0,0x0,
0x14,0x1d,0x0,0x0,0xb3,0xc,0x0,0x0,
0xe3,0xc,0x0,0x0,0x34,0x1d,0x0,0x0,
0x51,0x8,0x0,0x0,0xa3,0x12,0x0,0x0,
0x70,0x0,0x0,0x0,0x83,0x0,0x0,0x0,
0xa3,0x12,0x0,0x0,0x60,0x0,0x0,0x0,
0xa3,0x12,0x0,0x0,0x70,0x0,0x0,0x0,
0x83,0x0,0x0,0x0,0xa3,0x12,0x0,0x0,
0x70,0x0,0x0,0x0,0xa3,0x12,0x0,0x0,
0x70,0x0,0x0,0x0,0x83,0x0,0x0,0x0,
0xa3,0x12,0x0,0x0,0x60,0x0,0x0,0x0,
0xa3,0x12,0x0,0x0,0x70,0x0,0x0,0x0,
0x83,0x0,0x0,0x0,0xa3,0x12,0x0,0x0,
0x70,0x0,0x0,0x0,0xa3,0x12,0x0,0x0,
0x60,0x0,0x0,0x0,0xa3,0x12,0x0,0x0,
0x70,0x0,0x0,0x0,0x83,0x0,0x0,0x0,
0xa3,0x12,0x0,0x0,0x60,0x0,0x0,0x0,
0xa3,0x12,0x0,0x0,0x70,0x0,0x0,0x0,
0x83,0x0,0x0,0x0,0xa3,0x11,0x0,0x0,
0xb0,0x11,0x0,0x0,0xa3,0x11,0x0,0x0,
0xc0,0x11,0x0,0x0,0xa3,0x11,0x0,0x0,
0xc0,0x11,0x0,0x0,0x43,0x8,0x0,0x0,
0x40,0x1d,0x0,0x0,0x23,0x12,0x0,0x0,
0x53,0x8,0x0,0x0,0x34,0x12,0x0,0x0,
0xa3,0x12,0x0,0x0,0x70,0x0,0x0,0x0,
0xa3,0x12,0x0,0x0,0x70,0x0,0x0,0x0,
0x83,0x0,0x0,0x0,0xa3,0x12,0x0,0x0,
0x60,0x0,0x0,0x0,0xa3,0x12,0x0,0x0,
0x70,0x0,0x0,0x0,0x83,0x0,0x0,0x0,
0xa3,0x12,0x0,0x0,0x70,0x0,0x0,0x0,
0xa3,0x12,0x0,0x0,0x70,0x0,0x0,0x0,
0x83,0x0,0x0,0x0,0xa3,0x12,0x0,0x0,
0x60,0x0,0x0,0x0,0xa3,0x12,0x0,0x0,
0x70,0x0,0x0,0x0,0x83,0x0,0x0,0x0,
0xa3,0x12,0x0,0x0,0x70,0x0,0x0,0x0,
0xa3,0x12,0x0,0x0,0x70,0x0,0x0,0x0,
0x83,0x0,0x0,0x0,0xa3,0x12,0x0,0x0,
0x60,0x0,0x0,0x0,0xa3,0x12,0x0,0x0,
0x70,0x0,0x0,0x0,0x83,0x0,0x0,0x0,
0xa3,0x12,0x0,0x0,0x70,0x0,0x0,0x0,
0xa3,0x12,0x0,0x0,0x70,0x0,0x0,0x0,
0x83,0x0,0x0,0x0,0xa3,0x12,0x0,0x0,
0x60,0x0,0x0,0x0,0xa3,0x12,0x0,0x0,
0x70,0x0,0x0,0x0,0x83,0x0,0x0,0x0,
0xa3,0x12,0x0,0x0,0x70,0x0,0x0,0x0,
0xa3,0x12,0x0,0x0,0x70,0x0,0x0,0x0,
0x83,0x0,0x0,0x0,0xa3,0x12,0x0,0x0,
0x60,0x0,0x0,0x0,0xa3,0x12,0x0,0x0,
0x70,0x0,0x0,0x0,0x83,0x0,0x0,0x0,
0xa3,0x12,0x0,0x0,0x70,0x0,0x0,0x0,
0xa3,0x12,0x0,0x0,0x70,0x0,0x0,0x0,
0x83,0x0,0x0,0x0,0xa3,0x12,0x0,0x0,
0x60,0x0,0x0,0x0,0xa3,0x12,0x0,0x0,
0x70,0x0,0x0,0x0,0x83,0x0,0x0,0x0,
0xa3,0x12,0x0,0x0,0x70,0x0,0x0,0x0,
0xa3,0x12,0x0,0x0,0x60,0x0,0x0,0x0,
0xa3,0x12,0x0,0x0,0x70,0x0,0x0,0x0,
0x83,0x0,0x0,0x0,0xa3,0x12,0x0,0x0,
0x60,0x0,0x0,0x0,0xa3,0x12,0x0,0x0,
0x70,0x0,0x0,0x0,0x83,0x0,0x0,0x0,
0xa3,0x12,0x0,0x0,0x70,0x0,0x0,0x0,
0xa3,0x12,0x0,0x0,0x60,0x0,0x0,0x0,
0xa3,0x12,0x0,0x0,0x70,0x0,0x0,0x0,
0x83,0x0,0x0,0x0,0xa3,0x12,0x0,0x0,
0x60,0x0,0x0,0x0,0xa3,0x12,0x0,0x0,
0x70,0x0,0x0,0x0,0x83,0x0,0x0,0x0,
0x23,0x12,0x0,0x0,0x53,0x8,0x0,0x0,
0x34,0x12,0x0,0x0,0x53,0x8,0x0,0x0,
0xf3,0x2,0x0,0x0,0x74,0x1d,0x0,0x0,
0x23,0x12,0x0,0x0,0x34,0x12,0x0,0x0,
0xf3,0xd,0x0,0x0,0x14,0x12,0x0,0x0,
0xa3,0x12,0x0,0x0,0x70,0x0,0x0,0x0,
0xa3,0x6,0x0,0x0,0x50,0x8,0x0,0x0,
0x23,0x12,0x0,0x0,0xa3,0x6,0x0,0x0,
0x50,0x8,0x0,0x0,0x34,0x12,0x0,0x0,
0xf3,0x2,0x0,0x0,0xa4,0x1d,0x0,0x0,
0xa3,0x6,0x0,0x0,0x50,0x8,0x0,0x0,
0xb7,0x1d,0x0,0x0,0xc7,0x1d,0x0,0x0,
0xa3,0x11,0x0,0x0,0xd4,0x1d,0x0,0x0,
0x17,0x10,0x0,0x0,0x23,0x12,0x0,0x0,
0xa3,0x6,0x0,0x0,0x50,0x8,0x0,0x0,
0x34,0x12,0x0,0x0,0x23,0x12,0x0,0x0,
0x34,0x12,0x0,0x0,0xa3,0x11,0x0,0x0,
0x23,0x12,0x0,0x0,0x34,0x12,0x0,0x0,
0xd7,0x2,0x0,0x0,0x23,0x12,0x0,0x0,
0x34,0x12,0x0,0x0,0xd7,0x2,0x0,0x0,
0xa3,0x12,0x0,0x0,0x60,0x0,0x0,0x0,
0xa3,0x12,0x0,0x0,0x70,0x0,0x0,0x0,
0x83,0x0,0x0,0x0,0xa3,0x12,0x0,0x0,
0x60,0x0,0x0,0x0,0xa3,0x12,0x0,0x0,
0x70,0x0,0x0,0x0,0x83,0x0,0x0,0x0,
0xa3,0x12,0x0,0x0,0x70,0x0,0x0,0x0,
0xa3,0x12,0x0,0x0,0x60,0x0,0x0,0x0,
0xa3,0x12,0x0,0x0,0x70,0x0,0x0,0x0,
0x83,0x0,0x0,0x0,0xa3,0x12,0x0,0x0,
0x60,0x0,0x0,0x0,0xa3,0x12,0x0,0x0,
0x70,0x0,0x0,0x0,0x83,0x0,0x0,0x0,
0xa3,0x12,0x0,0x0,0x70,0x0,0x0,0x0,
0xa3,0x12,0x0,0x0,0x60,0x0,0x0,0x0,
0xa3,0x12,0x0,0x0,0x70,0x0,0x0,0x0,
0x83,0x0,0x0,0x0,0xa3,0x12,0x0,0x0,
0x60,0x0,0x0,0x0,0xa3,0x12,0x0,0x0,
0x70,0x0,0x0,0x0,0x83,0x0,0x0,0x0,
0xa3,0x12,0x0,0x0,0x70,0x0,0x0,0x0,
0xa3,0x12,0x0,0x0,0x60,0x0,0x0,0x0,
0xa3,0x12,0x0,0x0,0x70,0x0,0x0,0x0,
0x83,0x0,0x0,0x0,0xa3,0x12,0x0,0x0,
0x60,0x0,0x0,0x0,0xa3,0x12,0x0,0x0,
0x70,0x0,0x0,0x0,0x83,0x0,0x0,0x0,
0xa3,0x12,0x0,0x0,0x70,0x0,0x0,0x0,
0xa3,0x12,0x0,0x0,0x60,0x0,0x0,0x0,
0xa3,0x12,0x0,0x0,0x70,0x0,0x0,0x0,
0x83,0x0,0x0,0x0,0xa3,0x12,0x0,0x0,
0x60,0x0,0x0,0x0,0xa3,0x12,0x0,0x0,
0x70,0x0,0x0,0x0,0x83,0x0,0x0,0x0,
0xa3,0x12,0x0,0x0,0x70,0x0,0x0,0x0,
0x33,0xe,0x0,0x0,0xd0,0x8,0x0,0x0,
0x33,0xe,0x0,0x0,0x70,0x0,0x0,0x0,
0xa3,0x12,0x0,0x0,0x60,0x0,0x0,0x0,
0xa3,0x12,0x0,0x0,0x70,0x0,0x0,0x0,
0x83,0x0,0x0,0x0,0xa3,0x12,0x0,0x0,
0x70,0x0,0x0,0x0,0x13,0x8,0x0,0x0,
0xd0,0x8,0x0,0x0,0x13,0x8,0x0,0x0,
0x70,0x0,0x0,0x0,0xa3,0x12,0x0,0x0,
0x60,0x0,0x0,0x0,0xa3,0x12,0x0,0x0,
0x70,0x0,0x0,0x0,0x83,0x0,0x0,0x0,
0xc3,0x0,0x0,0x0,0xc3,0x0,0x0,0x0,
0xe3,0x0,0x0,0x0,0xe3,0x0,0x0,0x0,
0xf3,0x0,0x0,0x0,0xe3,0x0,0x0,0x0,
0xf3,0x0,0x0,0x0,0xf3,0x0,0x0,0x0,
0x3,0x1,0x0,0x0,0xe3,0x0,0x0,0x0,
0xf3,0x0,0x0,0x0,0x3,0x1,0x0,0x0,
0x3,0x1,0x0,0x0,0x43,0x8,0x0,0x0,
0x40,0x1d,0x0,0x0,0xa3,0x12,0x0,0x0,
0x70,0x0,0x0,0x0,0x23,0x8,0x0,0x0,
0xd0,0x8,0x0,0x0,0x23,0x8,0x0,0x0,
0x70,0x0,0x0,0x0,0xa3,0x12,0x0,0x0,
0x60,0x0,0x0,0x0,0xa3,0x12,0x0,0x0,
0x70,0x0,0x0,0x0,0x83,0x0,0x0,0x0,
0x13,0x1,0x0,0x0,0x13,0x1,0x0,0x0,
0x23,0x1,0x0,0x0,0x23,0x1,0x0,0x0,
0x33,0x1,0x0,0x0,0x23,0x1,0x0,0x0,
0x33,0x1,0x0,0x0,0x33,0x1,0x0,0x0,
0x43,0x1,0x0,0x0,0x23,0x1,0x0,0x0,
0x33,0x1,0x0,0x0,0x43,0x1,0x0,0x0,
0x43,0x1,0x0,0x0,0x43,0x8,0x0,0x0,
0x40,0x1d,0x0,0x0,0xa3,0x12,0x0,0x0,
0x70,0x0,0x0,0x0,0xa3,0x12,0x0,0x0,
0x70,0x0,0x0,0x0,0x83,0x0,0x0,0x0,
0xa3,0x12,0x0,0x0,0x60,0x0,0x0,0x0,
0xa3,0x12,0x0,0x0,0x70,0x0,0x0,0x0,
0xa3,0x12,0x0,0x0,0x70,0x0,0x0,0x0,
0x83,0x0,0x0,0x0,0xa3,0x12,0x0,0x0,
0x70,0x0,0x0,0x0,0x33,0x11,0x0,0x0,
0x63,0x1e,0x0,0x0,0x50,0x8,0x0,0x0,
0x54,0x1e,0x0,0x0,0xa3,0x0,0x0,0x0,
0xa3,0x12,0x0,0x0,0x70,0x0,0x0,0x0,
0x83,0x0,0x0,0x0,0xb3,0xe,0x0,0x0,
0xa3,0x0,0x0,0x0,0xa3,0x12,0x0,0x0,
0x60,0x0,0x0,0x0,0xa3,0x12,0x0,0x0,
0x70,0x0,0x0,0x0,0x83,0x0,0x0,0x0,
0xb3,0xe,0x0,0x0,0xa3,0x0,0x0,0x0,
0xa3,0x12,0x0,0x0,0x60,0x0,0x0,0x0,
0xa3,0x12,0x0,0x0,0x70,0x0,0x0,0x0,
0x83,0x0,0x0,0x0,0xb3,0xe,0x0,0x0,
0xa3,0x0,0x0,0x0,0xa3,0x12,0x0,0x0,
0x60,0x0,0x0,0x0,0xa3,0x12,0x0,0x0,
0x70,0x0,0x0,0x0,0x83,0x0,0x0,0x0,
0xb3,0xe,0x0,0x0,0xa3,0x0,0x0,0x0,
0xa3,0x12,0x0,0x0,0x70,0x0,0x0,0x0,
0x83,0x0,0x0,0x0,0xa3,0x12,0x0,0x0,
0x60,0x0,0x0,0x0,0xa3,0x12,0x0,0x0,
0x70,0x0,0x0,0x0,0x83,0x0,0x0,0x0,
0x33,0x11,0x0,0x0,0x73,0xf,0x0,0x0,
0x50,0x8,0x0,0x0,0x74,0x1e,0x0,0x0,
0xa3,0x12,0x0,0x0,0x70,0x0,0x0,0x0,
0x83,0xf,0x0,0x0,0xa3,0xf,0x0,0x0,
0x23,0x12,0x0,0x0,0x83,0xf,0x0,0x0,
0xa3,0xf,0x0,0x0,0x34,0x12,0x0,0x0,
0x83,0xf,0x0,0x0,0xa3,0xf,0x0,0x0,
0xb7,0x1d,0x0,0x0,0xc7,0xf,0x0,0x0,
0x23,0x12,0x0,0x0,0x34,0x12,0x0,0x0,
0xa3,0x12,0x0,0x0,0x70,0x0,0x0,0x0,
0x83,0x0,0x0,0x0,0xa3,0x0,0x0,0x0,
0xa3,0x12,0x0,0x0,0x60,0x0,0x0,0x0,
0xa3,0x12,0x0,0x0,0x70,0x0,0x0,0x0,
0xd3,0x8,0x0,0x0,0x43,0x15,0x0,0x0,
0xb0,0x1e,0x0,0x0,0xe0,0xe,0x0,0x0,
0x43,0x10,0x0,0x0,0x33,0x11,0x0,0x0,
0x43,0x10,0x0,0x0,0xc4,0x1e,0x0,0x0,
0x43,0x10,0x0,0x0,0x43,0x7,0x0,0x0,
0xe1,0xa,0x0,0x0,0x83,0x7,0x0,0x0,
0x71,0x8,0x0,0x0,0x43,0x7,0x0,0x0,
0xe1,0xa,0x0,0x0,0x73,0x7,0x0,0x0,
0x71,0x8,0x0,0x0,0x83,0x7,0x0,0x0,
0x51,0x8,0x0,0x0,0x43,0x15,0x0,0x0,
0xb0,0x1e,0x0,0x0,0xe0,0xe,0x0,0x0,
0x33,0x11,0x0,0x0,0xd4,0x1e,0x0,0x0,
0x43,0x15,0x0,0x0,0xb0,0x1e,0x0,0x0,
0xe0,0xe,0x0,0x0,0x33,0x11,0x0,0x0,
0xe4,0x1e,0x0,0x0,0x43,0x15,0x0,0x0,
0xb0,0x1e,0x0,0x0,0xe0,0xe,0x0,0x0,
0x33,0x11,0x0,0x0,0xe4,0x1e,0x0,0x0,
0x53,0x7,0x0,0x0,0xf0,0xa,0x0,0x0,
0xf1,0xa,0x0,0x0,0x73,0x7,0x0,0x0,
0x53,0x7,0x0,0x0,0xf0,0xa,0x0,0x0,
0x51,0x8,0x0,0x0,0x53,0x7,0x0,0x0,
0xf0,0xa,0x0,0x0,0x43,0x15,0x0,0x0,
0x40,0x17,0x0,0x0,0x50,0x8,0x0,0x0,
0xb7,0x1d,0x0,0x0,0x53,0x7,0x0,0x0,
0x41,0x10,0x0,0x0,0x33,0x11,0x0,0x0,
0x53,0x7,0x0,0x0,0x40,0x10,0x0,0x0,
0xc4,0x1e,0x0,0x0,0x43,0x7,0x0,0x0,
0xe1,0xa,0x0,0x0,0x83,0x7,0x0,0x0,
0x51,0x8,0x0,0x0,0x63,0x7,0x0,0x0,
0x40,0x10,0x0,0x0,0xa3,0x12,0x0,0x0,
0x60,0x0,0x0,0x0,0xa3,0x12,0x0,0x0,
0x43,0x8,0x0,0x0,0xc0,0x12,0x0,0x0,
0x43,0x8,0x0,0x0,0xb0,0x12,0x0,0x0,
0xa3,0x12,0x0,0x0,0xa0,0x10,0x0,0x0,
0x43,0x8,0x0,0x0,0xc0,0x12,0x0,0x0,
0x43,0x8,0x0,0x0,0xb0,0x12,0x0,0x0,
0xa3,0x12,0x0,0x0,0xa0,0x10,0x0,0x0,
0x0,0x0,0x0,0x0,0x0,0x40,0x8c,0x3f,
0x0,0x0,0x0,0x0,0x0,0x80,0x77,0x3f,
0x0,0x0,0x0,0x0,0x0,0x0,0x8a,0x3f,
0x0,0x0,0x0,0x0,0x0,0x40,0xd1,0x3f,
0x0,0x0,0x0,0x0,0x0,0x40,0xe1,0x3f,
0x0,0x0,0x0,0x0,0x0,0x40,0xcb,0x3f,
0x0,0x0,0x0,0x0,0x0,0x40,0xc1,0x3f,
0x0,0x0,0x0,0x0,0x0,0x40,0xf5,0x7f,
0x0,0x0,0x0,0x0,0x0,0x40,0x5,0xc0,
0x0,0x0,0x0,0x0,0x0,0x40,0x5,0x40,
0x9a,0x99,0x99,0x99,0x99,0xd9,0x4c,0x40,
0x0,0x0,0x0,0x0,0x0,0x40,0x9c,0x3f,
0x0,0x0,0x0,0x0,0x0,0x40,0xcc,0x3f,
0x0,0x0,0x0,0x0,0x0,0x40,0xc5,0x3f,
0x0,0x0,0x0,0x0,0x0,0x40,0xcd,0x3f,
0x0,0x0,0x0,0x0,0x0,0xc0,0x3,0x0,
0x1,0x0,0x0,0x0,0x0,0xc0,0x3,0x0,
0xcd,0xcc,0xcc,0xcc,0xcc,0x8c,0xe9,0x3f,
0x66,0x66,0x66,0x66,0x66,0x26,0xd5,0x3f,
0x66,0x66,0x66,0x66,0x66,0x26,0xd7,0x3f,
0x66,0x66,0x66,0x66,0x66,0x26,0xd1,0x3f,
0x66,0x66,0x66,0x66,0x66,0x26,0xd3,0x3f,
0x66,0x66,0x66,0x66,0x66,0x26,0xdd,0x3f,
0x9a,0x99,0x99,0x99,0x99,0xd9,0x4,0x40,
0x66,0x66,0x66,0x66,0x66,0x26,0xd9,0x3f,
0xcc,0x19,0x0,0x0,0x1,0x0,0x0,0x0,
0x99,0x0,0x0,0x0,0x0,0x0,0x0,0x0,
0x86,0x0,0x0,0x0,0x0,0x0,0x0,0x0,
0xff,0xff,0xff,0xff,0xff,0xff,0xff,0xff,
0xaa,0x0,0x0,0x0,0x0,0x0,0x0,0x0,
0xff,0xff,0xff,0xff,0xff,0xff,0xff,0xff,
0xbc,0x0,0x0,0x0,0x0,0x0,0x0,0x0,
0xff,0xff,0xff,0xff,0xff,0xff,0xff,0xff,
0xbe,0x0,0x0,0x0,0x0,0x0,0x0,0x0,
0xff,0xff,0xff,0xff,0xff,0xff,0xff,0xff,
0xbf,0x0,0x0,0x0,0x0,0x0,0x0,0x0,
0xff,0xff,0xff,0xff,0xff,0xff,0xff,0xff,
0xc1,0x0,0x0,0x0,0x0,0x0,0x0,0x0,
0xff,0xff,0xff,0xff,0xff,0xff,0xff,0xff,
0xc2,0x0,0x0,0x0,0x0,0x0,0x0,0x0,
0xff,0xff,0xff,0xff,0xff,0xff,0xff,0xff,
0x0,0x0,0x0,0x0,0x0,0x0,0x0,0x0,
0xff,0xff,0xff,0xff,0xff,0xff,0xff,0xff,
0xc8,0x0,0x0,0x0,0x0,0x0,0x0,0x0,
0xff,0xff,0xff,0xff,0xff,0xff,0xff,0xff,
0xc9,0x0,0x0,0x0,0x0,0x0,0x0,0x0,
0xff,0xff,0xff,0xff,0xff,0xff,0xff,0xff,
0xca,0x0,0x0,0x0,0x0,0x0,0x0,0x0,
0xff,0xff,0xff,0xff,0xff,0xff,0xff,0xff,
0xcc,0x0,0x0,0x0,0x0,0x0,0x0,0x0,
0xff,0xff,0xff,0xff,0xff,0xff,0xff,0xff,
0xd2,0x0,0x0,0x0,0x0,0x0,0x0,0x0,
0xff,0xff,0xff,0xff,0xff,0xff,0xff,0xff,
0xd4,0x0,0x0,0x0,0x0,0x0,0x0,0x0,
0xff,0xff,0xff,0xff,0xff,0xff,0xff,0xff,
0xda,0x0,0x0,0x0,0x0,0x0,0x0,0x0,
0xff,0xff,0xff,0xff,0xff,0xff,0xff,0xff,
0xdb,0x0,0x0,0x0,0x0,0x0,0x0,0x0,
0xff,0xff,0xff,0xff,0xff,0xff,0xff,0xff,
0xdc,0x0,0x0,0x0,0x0,0x0,0x0,0x0,
0xff,0xff,0xff,0xff,0xff,0xff,0xff,0xff,
0xdd,0x0,0x0,0x0,0x0,0x0,0x0,0x0,
0xff,0xff,0xff,0xff,0xff,0xff,0xff,0xff,
0x84,0x0,0x0,0x0,0x0,0x0,0x0,0x0,
0xff,0xff,0xff,0xff,0xff,0xff,0xff,0xff,
0x0,0x0,0x0,0x0,0x0,0x0,0x0,0x0,
0xff,0xff,0xff,0xff,0xff,0xff,0xff,0xff,
0x0,0x0,0x0,0x0,0x0,0x0,0x0,0x0,
0xff,0xff,0xff,0xff,0xff,0xff,0xff,0xff,
0x0,0x0,0x0,0x0,0x0,0x0,0x0,0x0,
0xff,0xff,0xff,0xff,0xff,0xff,0xff,0xff,
0x0,0x0,0x0,0x0,0x0,0x0,0x0,0x0,
0xff,0xff,0xff,0xff,0xff,0xff,0xff,0xff,
0x0,0x0,0x0,0x0,0x0,0x0,0x0,0x0,
0xff,0xff,0xff,0xff,0xff,0xff,0xff,0xff,
0x0,0x0,0x0,0x0,0x0,0x0,0x0,0x0,
0xff,0xff,0xff,0xff,0xff,0xff,0xff,0xff,
0x0,0x0,0x0,0x0,0x0,0x0,0x0,0x0,
0xff,0xff,0xff,0xff,0xff,0xff,0xff,0xff,
0x0,0x0,0x0,0x0,0x0,0x0,0x0,0x0,
0xff,0xff,0xff,0xff,0xff,0xff,0xff,0xff,
0xe4,0x0,0x0,0x0,0x0,0x0,0x0,0x0,
0xff,0xff,0xff,0xff,0xff,0xff,0xff,0xff,
0xcc,0x0,0x0,0x0,0x0,0x0,0x0,0x0,
0xff,0xff,0xff,0xff,0xff,0xff,0xff,0xff,
0xf2,0x0,0x0,0x0,0x0,0x0,0x0,0x0,
0xff,0xff,0xff,0xff,0xff,0xff,0xff,0xff,
0xf4,0x0,0x0,0x0,0x0,0x0,0x0,0x0,
0xff,0xff,0xff,0xff,0xff,0xff,0xff,0xff,
0xf6,0x0,0x0,0x0,0x0,0x0,0x0,0x0,
0xff,0xff,0xff,0xff,0xff,0xff,0xff,0xff,
0x0,0x0,0x0,0x0,0x0,0x0,0x0,0x0,
0xff,0xff,0xff,0xff,0xff,0xff,0xff,0xff,
0x9,0x1,0x0,0x0,0x0,0x0,0x0,0x0,
0xff,0xff,0xff,0xff,0xff,0xff,0xff,0xff,
0xc,0x1,0x0,0x0,0x0,0x0,0x0,0x0,
0xff,0xff,0xff,0xff,0xff,0xff,0xff,0xff,
0x0,0x0,0x0,0x0,0x0,0x0,0x0,0x0,
0x68,0x0,0x0,0x0,0x1b,0x0,0x0,0x0,
0x9,0x0,0x0,0x0,0x0,0x0,0x0,0x0,
0x38,0x0,0x0,0x0,0x0,0x0,0x0,0x0,
0x38,0x0,0x0,0x0,0x0,0x0,0x4,0x0,
0xff,0xff,0xff,0xff,0x8,0x0,0x0,0x0,
0x24,0x0,0x10,0x0,0x0,0x0,0x0,0x0,
0x0,0x0,0x7,0x0,0x0,0x0,0x0,0x0,
0x0,0x0,0x0,0x0,0x25,0x0,0x0,0x0,
0x2,0x0,0x0,0x0,0x4,0x0,0x0,0x0,
0x26,0x0,0x0,0x0,0x4,0x0,0x0,0x0,
0xf,0x0,0x0,0x0,0x29,0x0,0x0,0x0,
0x6,0x0,0x0,0x0,0x18,0x0,0x0,0x0,
0x2b,0x0,0x0,0x0,0x6,0x0,0x0,0x0,
0x2e,0x0,0x50,0xb,0x10,0x14,0x18,0x7,
0x30,0x8,0x1a,0x7,0x6,0x4c,0x9,0x10,
0x12,0x18,0x7,0x30,0x8,0x1a,0x7,0x6,
0x16,0x6,0x2,0x0,0x0,0x0,0x0,0x0,
0x0,0x0,0x0,0x0,0x0,0x0,0x0,0x0,
0x68,0x0,0x0,0x0,0x19,0x0,0x0,0x0,
0xb,0x0,0x0,0x0,0x0,0x0,0x0,0x0,
0x38,0x0,0x0,0x0,0x0,0x0,0x0,0x0,
0x38,0x0,0x0,0x0,0x0,0x0,0x4,0x0,
0xff,0xff,0xff,0xff,0x8,0x0,0x0,0x0,
0x2c,0x0,0x50,0x0,0x0,0x0,0x0,0x0,
0x0,0x0,0x7,0x0,0x0,0x0,0x0,0x0,
0x0,0x0,0x0,0x0,0x2d,0x0,0x0,0x0,
0x2,0x0,0x0,0x0,0x4,0x0,0x0,0x0,
0x2e,0x0,0x0,0x0,0x4,0x0,0x0,0x0,
0xe,0x0,0x0,0x0,0x31,0x0,0x0,0x0,
0x6,0x0,0x0,0x0,0x16,0x0,0x0,0x0,
0x33,0x0,0x0,0x0,0x6,0x0,0x0,0x0,
0x2e,0x1,0x50,0xa,0x8,0x18,0x7,0x30,
0xa,0x1a,0x7,0x6,0x4c,0x8,0xa,0x18,
0x7,0x30,0xa,0x1a,0x7,0x6,0x16,0x6,
0x2,0x0,0x0,0x0,0x0,0x0,0x0,0x0,
0x0,0x0,0x0,0x0,0x0,0x0,0x0,0x0,
0x94,0x0,0x0,0x0,0x12,0x0,0x0,0x0,
0x15,0x0,0x0,0x0,0x4,0x0,0x4,0x0,
0x38,0x0,0x0,0x0,0x0,0x0,0x0,0x0,
0x58,0x0,0x0,0x0,0x0,0x0,0x5,0x0,
0xff,0xff,0xff,0xff,0xb,0x0,0x0,0x0,
0x3e,0x0,0x10,0x0,0x0,0x0,0x0,0x0,
0x0,0x0,0xb,0x0,0x0,0x0,0x0,0x0,
0x16,0x0,0x0,0x0,0x0,0x0,0x0,0x0,
0x17,0x0,0x0,0x0,0x0,0x0,0x0,0x0,
0x18,0x0,0x0,0x0,0x0,0x0,0x0,0x0,
0x19,0x0,0x0,0x0,0x0,0x0,0x0,0x0,
0x0,0x0,0x0,0x0,0x3f,0x0,0x0,0x0,
0x2,0x0,0x0,0x0,0x4,0x0,0x0,0x0,
0x40,0x0,0x0,0x0,0x4,0x0,0x0,0x0,
0x8,0x0,0x0,0x0,0x41,0x0,0x0,0x0,
0x6,0x0,0x0,0x0,0xc,0x0,0x0,0x0,
0x42,0x0,0x0,0x0,0x8,0x0,0x0,0x0,
0x10,0x0,0x0,0x0,0x43,0x0,0x0,0x0,
0x8,0x0,0x0,0x0,0x16,0x6,0x30,0xc,
0x16,0x7,0x30,0xe,0x16,0x8,0x30,0xf,
0x16,0x9,0x30,0x10,0xe,0x2,0x0,0x0,
0x0,0x0,0x0,0x0,0x0,0x0,0x0,0x0,
0x94,0x0,0x0,0x0,0x12,0x0,0x0,0x0,
0x1a,0x0,0x0,0x0,0x4,0x0,0x4,0x0,
0x38,0x0,0x0,0x0,0x0,0x0,0x0,0x0,
0x58,0x0,0x0,0x0,0x0,0x0,0x5,0x0,
0xff,0xff,0xff,0xff,0xb,0x0,0x0,0x0,
0x46,0x0,0x10,0x0,0x0,0x0,0x0,0x0,
0x0,0x0,0xb,0x0,0x0,0x0,0x0,0x0,
0x16,0x0,0x0,0x0,0x0,0x0,0x0,0x0,
0x17,0x0,0x0,0x0,0x0,0x0,0x0,0x0,
0x18,0x0,0x0,0x0,0x0,0x0,0x0,0x0,
0x19,0x0,0x0,0x0,0x0,0x0,0x0,0x0,
0x0,0x0,0x0,0x0,0x47,0x0,0x0,0x0,
0x2,0x0,0x0,0x0,0x4,0x0,0x0,0x0,
0x48,0x0,0x0,0x0,0x4,0x0,0x0,0x0,
0x8,0x0,0x0,0x0,0x49,0x0,0x0,0x0,
0x6,0x0,0x0,0x0,0xc,0x0,0x0,0x0,
0x4a,0x0,0x0,0x0,0x8,0x0,0x0,0x0,
0x10,0x0,0x0,0x0,0x4b,0x0,0x0,0x0,
0x8,0x0,0x0,0x0,0x16,0x6,0x30,0x11,
0x16,0x7,0x30,0x12,0x16,0x8,0x30,0x13,
0x16,0x9,0x30,0x14,0xe,0x2,0x0,0x0,
0x0,0x0,0x0,0x0,0x0,0x0,0x0,0x0,
0x64,0x0,0x0,0x0,0xf,0x0,0x0,0x0,
0x24,0x0,0x0,0x0,0x1,0x0,0x1,0x0,
0x38,0x0,0x0,0x0,0x0,0x0,0x0,0x0,
0x40,0x0,0x0,0x0,0x0,0x0,0x3,0x0,
0xff,0xff,0xff,0xff,0xc,0x0,0x0,0x0,
0x59,0x0,0x50,0x0,0x0,0x0,0x0,0x0,
0x0,0x0,0x8,0x0,0x0,0x0,0x0,0x0,
0x25,0x0,0x0,0x0,0x0,0x0,0x0,0x0,
0x0,0x0,0x0,0x0,0x5a,0x0,0x0,0x0,
0x2,0x0,0x0,0x0,0x9,0x0,0x0,0x0,
0x5b,0x0,0x0,0x0,0x4,0x0,0x0,0x0,
0xd,0x0,0x0,0x0,0x5c,0x0,0x0,0x0,
0x4,0x0,0x0,0x0,0x2e,0x2,0x18,0x8,
0xac,0x3,0x8,0x1,0x6,0xb4,0x4,0x0,
0x0,0xe,0x2,0x0,0x0,0x0,0x0,0x0,
0x84,0x0,0x0,0x0,0x44,0x0,0x0,0x0,
0x26,0x0,0x0,0x0,0x0,0x0,0x0,0x0,
0x38,0x0,0x0,0x0,0x0,0x0,0x0,0x0,
0x38,0x0,0x0,0x0,0x0,0x0,0x6,0x0,
0xff,0xff,0xff,0xff,0xf,0x0,0x0,0x0,
0x5e,0x0,0x50,0x0,0x1,0x0,0x0,0x0,
0x0,0x0,0x9,0x0,0x0,0x0,0x0,0x0,
0x0,0x0,0x0,0x0,0x5f,0x0,0x0,0x0,
0x2,0x0,0x0,0x0,0x9,0x0,0x0,0x0,
0x60,0x0,0x0,0x0,0x3,0x0,0x0,0x0,
0x14,0x0,0x0,0x0,0x61,0x0,0x0,0x0,
0x4,0x0,0x0,0x0,0x22,0x0,0x0,0x0,
0x62,0x0,0x0,0x0,0x7,0x0,0x0,0x0,
0x3a,0x0,0x0,0x0,0x63,0x0,0x0,0x0,
0x8,0x0,0x0,0x0,0x42,0x0,0x0,0x0,
0x64,0x0,0x0,0x0,0x8,0x0,0x0,0x0,
0x17,0x0,0x0,0x0,0x2e,0x5,0x18,0x9,
0xac,0x6,0x9,0x0,0x0,0x2e,0x7,0x18,
0x9,0xac,0x8,0x9,0x0,0x0,0x18,0x8,
0x6,0x18,0x7,0x1a,0x7,0x9,0x16,0x8,
0x3c,0x9,0x68,0x9,0x50,0x20,0x2e,0xa,
0x18,0xa,0x1a,0x8,0xe,0x16,0x7,0x34,
0xe,0x18,0xe,0xea,0x0,0x1,0xe,0x18,
0xd,0xac,0xb,0xa,0x1,0xd,0x16,0x7,
0x7c,0x18,0x7,0x56,0x4c,0xd5,0xe,0x2,
0x0,0x0,0x0,0x0,0x0,0x0,0x0,0x0,
0x5c,0x0,0x0,0x0,0x14,0x0,0x0,0x0,
0x27,0x0,0x0,0x0,0x0,0x0,0x0,0x0,
0x38,0x0,0x0,0x0,0x0,0x0,0x0,0x0,
0x38,0x0,0x0,0x0,0x0,0x0,0x3,0x0,
0xff,0xff,0xff,0xff,0xa,0x0,0x0,0x0,
0x67,0x0,0x10,0x0,0x0,0x0,0x0,0x0,
0x0,0x0,0x7,0x0,0x0,0x0,0x0,0x0,
0x0,0x0,0x0,0x0,0x68,0x0,0x0,0x0,
0x2,0x0,0x0,0x0,0x9,0x0,0x0,0x0,
0x69,0x0,0x0,0x0,0x4,0x0,0x0,0x0,
0x12,0x0,0x0,0x0,0x6a,0x0,0x0,0x0,
0x4,0x0,0x0,0x0,0x2e,0xc,0x18,0x7,
0xac,0xd,0x7,0x0,0x0,0x2e,0xe,0x18,
0x7,0xac,0xf,0x7,0x0,0x0,0xe,0x2,
0x0,0x0,0x0,0x0,0x0,0x0,0x0,0x0,
0x80,0x0,0x0,0x0,0x51,0x0,0x0,0x0,
0x2d,0x0,0x0,0x0,0x0,0x0,0x0,0x0,
0x38,0x0,0x0,0x0,0x0,0x0,0x0,0x0,
0x38,0x0,0x0,0x0,0x0,0x0,0x6,0x0,
0xff,0xff,0xff,0xff,0xb,0x0,0x0,0x0,
0x75,0x0,0x10,0x0,0x0,0x0,0x0,0x0,
0x0,0x0,0x7,0x0,0x0,0x0,0x0,0x0,
0x0,0x0,0x0,0x0,0x76,0x0,0x0,0x0,
0x1,0x0,0x0,0x0,0xc,0x0,0x0,0x0,
0x77,0x0,0x0,0x0,0x4,0x0,0x0,0x0,
0x33,0x0,0x0,0x0,0x78,0x0,0x0,0x0,
0x5,0x0,0x0,0x0,0x39,0x0,0x0,0x0,
0x79,0x0,0x0,0x0,0x8,0x0,0x0,0x0,
0x46,0x0,0x0,0x0,0x7b,0x0,0x0,0x0,
0xb,0x0,0x0,0x0,0x4f,0x0,0x0,0x0,
0x7d,0x0,0x0,0x0,0xb,0x0,0x0,0x0,
0x2e,0x10,0x3c,0x11,0x50,0x2d,0x2e,0x12,
0x3c,0x13,0x50,0x27,0x2e,0x14,0x18,0x7,
0x2e,0x15,0x3c,0x16,0x18,0x8,0x13,0x1d,
0x1,0x0,0x0,0x80,0x8,0x18,0x9,0x2e,
0x17,0x3c,0x18,0x80,0x9,0x18,0xa,0x13,
0x1e,0x1,0x0,0x0,0x80,0xa,0x42,0x19,
0x7,0x4c,0x1c,0x2e,0x1a,0x3c,0x1b,0x50,
0xd,0x2e,0x1c,0x18,0x7,0x2e,0x1d,0x3c,
0x1e,0x42,0x1f,0x7,0x4c,0x9,0x2e,0x20,
0x18,0x7,0x12,0x0,0x42,0x21,0x7,0xe,
0x2,0x0,0x0,0x0,0x0,0x0,0x0,0x0,
0x0,0x0,0x0,0x0,0x0,0x0,0x0,0x0,
0x0,0x0,0x0,0x0,0x0,0x0,0x0,0x0,
0xa4,0x0,0x0,0x0,0xaa,0x0,0x0,0x0,
0x35,0x0,0x0,0x0,0x0,0x0,0x0,0x0,
0x38,0x0,0x0,0x0,0x0,0x0,0x0,0x0,
0x38,0x0,0x0,0x0,0x0,0x0,0x9,0x0,
0xff,0xff,0xff,0xff,0xc,0x0,0x0,0x0,
0x8d,0x0,0x50,0x0,0x0,0x0,0x0,0x0,
0x0,0x0,0x7,0x0,0x0,0x0,0x0,0x0,
0x0,0x0,0x0,0x0,0x8d,0x0,0x0,0x0,
0x0,0x0,0x0,0x0,0x1,0x0,0x0,0x0,
0x8e,0x0,0x0,0x0,0x2,0x0,0x0,0x0,
0x10,0x0,0x0,0x0,0x8f,0x0,0x0,0x0,
0x5,0x0,0x0,0x0,0x27,0x0,0x0,0x0,
0x90,0x0,0x0,0x0,0x7,0x0,0x0,0x0,
0x44,0x0,0x0,0x0,0x91,0x0,0x0,0x0,
0x8,0x0,0x0,0x0,0x62,0x0,0x0,0x0,
0x93,0x0,0x0,0x0,0xb,0x0,0x0,0x0,
0x79,0x0,0x0,0x0,0x94,0x0,0x0,0x0,
0xd,0x0,0x0,0x0,0x90,0x0,0x0,0x0,
0x95,0x0,0x0,0x0,0xe,0x0,0x0,0x0,
0xa6,0x0,0x0,0x0,0x97,0x0,0x0,0x0,
0xe,0x0,0x0,0x0,0xca,0x2e,0x22,0x3c,
0x23,0x18,0x7,0x13,0x20,0x1,0x0,0x0,
0x6c,0x7,0x50,0x52,0x2e,0x24,0x18,0x8,
0x2e,0x25,0x3c,0x26,0x18,0x9,0x10,0x5,
0x9e,0x9,0x18,0xa,0x10,0x5,0xa2,0xa,
0x42,0x27,0x8,0x2e,0x28,0x18,0x8,0x2e,
0x29,0x3c,0x2a,0x18,0x9,0x10,0x2,0x9c,
0x9,0x18,0xa,0x10,0x5,0x9e,0xa,0x18,
0xb,0x10,0x5,0xa2,0xb,0x42,0x2b,0x8,
0x2e,0x2c,0x18,0x8,0x2e,0x2d,0x3c,0x2e,
0x18,0x9,0x10,0x3,0x9c,0x9,0x18,0xa,
0x10,0x5,0x9e,0xa,0x18,0xb,0x42,0x2f,
0x8,0x1a,0xb,0x6,0x4c,0x44,0x2e,0x30,
0x18,0x8,0x2e,0x31,0x3c,0x32,0x18,0x9,
0x10,0x2,0x9e,0x9,0x18,0xa,0x10,0x5,
0xa2,0xa,0x42,0x33,0x8,0x2e,0x34,0x18,
0x8,0x2e,0x35,0x3c,0x36,0x18,0x9,0x10,
0x2,0x9e,0x9,0x18,0xa,0x10,0x5,0xa2,
0xa,0x42,0x37,0x8,0x2e,0x38,0x18,0x8,
0x2e,0x39,0x3c,0x3a,0x18,0x9,0x10,0x2,
0x9e,0x9,0x18,0xa,0x42,0x3b,0x8,0x1a,
0xa,0x6,0xd4,0x16,0x6,0x2,0x0,0x0,
0x0,0x0,0x0,0x0,0x0,0x0,0x0,0x0,
0x44,0x0,0x0,0x0,0x7,0x0,0x0,0x0,
0xf9,0x0,0x0,0x0,0x0,0x0,0x0,0x0,
0x38,0x0,0x0,0x0,0x0,0x0,0x0,0x0,
0x38,0x0,0x0,0x0,0x0,0x0,0x1,0x0,
0xff,0xff,0xff,0xff,0x7,0x0,0x0,0x0,
0x7f,0x4,0x10,0x0,0x0,0x0,0x0,0x0,
0x0,0x0,0x7,0x0,0x0,0x0,0x0,0x0,
0x0,0x0,0x0,0x0,0x7f,0x4,0x0,0x0,
0x1,0x0,0x0,0x0,0x2e,0x3c,0x3c,0x3d,
0x18,0x6,0x2,0x0,0x0,0x0,0x0,0x0,
0x44,0x0,0x0,0x0,0x7,0x0,0x0,0x0,
0xfb,0x0,0x0,0x0,0x0,0x0,0x0,0x0,
0x38,0x0,0x0,0x0,0x0,0x0,0x0,0x0,
0x38,0x0,0x0,0x0,0x0,0x0,0x1,0x0,
0xff,0xff,0xff,0xff,0x7,0x0,0x0,0x0,
0x80,0x4,0x10,0x0,0x0,0x0,0x0,0x0,
0x0,0x0,0x7,0x0,0x0,0x0,0x0,0x0,
0x0,0x0,0x0,0x0,0x80,0x4,0x0,0x0,
0x1,0x0,0x0,0x0,0x2e,0x3e,0x3c,0x3f,
0x18,0x6,0x2,0x0,0x0,0x0,0x0,0x0,
0x50,0x0,0x0,0x0,0xb,0x0,0x0,0x0,
0x1,0x1,0x0,0x0,0x0,0x0,0x0,0x0,
0x38,0x0,0x0,0x0,0x0,0x0,0x0,0x0,
0x38,0x0,0x0,0x0,0x0,0x0,0x2,0x0,
0xff,0xff,0xff,0xff,0xa,0x0,0x0,0x0,
0x92,0x4,0x10,0x0,0x0,0x0,0x0,0x0,
0x0,0x0,0x7,0x0,0x0,0x0,0x0,0x0,
0x0,0x0,0x0,0x0,0x93,0x4,0x0,0x0,
0x2,0x0,0x0,0x0,0x9,0x0,0x0,0x0,
0x94,0x4,0x0,0x0,0x2,0x0,0x0,0x0,
0x2e,0x40,0x18,0x7,0xac,0x41,0x7,0x0,
0x0,0xe,0x2,0x0,0x0,0x0,0x0,0x0,
0x68,0x0,0x0,0x0,0x1b,0x0,0x0,0x0,
0x3,0x1,0x0,0x0,0x0,0x0,0x0,0x0,
0x38,0x0,0x0,0x0,0x0,0x0,0x0,0x0,
0x38,0x0,0x0,0x0,0x0,0x0,0x4,0x0,
0xff,0xff,0xff,0xff,0xb,0x0,0x0,0x0,
0x96,0x4,0x10,0x0,0x0,0x0,0x0,0x0,
0x0,0x0,0x7,0x0,0x0,0x0,0x0,0x0,
0x0,0x0,0x0,0x0,0x96,0x4,0x0,0x0,
0x0,0x0,0x0,0x0,0x1,0x0,0x0,0x0,
0x97,0x4,0x0,0x0,0x3,0x0,0x0,0x0,
0x11,0x0,0x0,0x0,0x98,0x4,0x0,0x0,
0x4,0x0,0x0,0x0,0x17,0x0,0x0,0x0,
0x99,0x4,0x0,0x0,0x4,0x0,0x0,0x0,
0xca,0x2e,0x42,0x18,0x7,0x13,0x24,0x1,
0x0,0x0,0x18,0xa,0xac,0x43,0x7,0x1,
0xa,0xb4,0x44,0x0,0x0,0x18,0x6,0xd4,
0x16,0x6,0x2,0x0,0x0,0x0,0x0,0x0,
0x0,0x0,0x0,0x0,0x0,0x0,0x0,0x0,
0x44,0x0,0x0,0x0,0x5,0x0,0x0,0x0,
0x1d,0x0,0x0,0x0,0x0,0x0,0x0,0x0,
0x38,0x0,0x0,0x0,0x0,0x0,0x0,0x0,
0x38,0x0,0x0,0x0,0x0,0x0,0x1,0x0,
0xff,0xff,0xff,0xff,0x7,0x0,0x0,0x0,
0x4f,0x0,0x50,0x0,0x0,0x0,0x0,0x0,
0x0,0x0,0x7,0x0,0x0,0x0,0x0,0x0,
0x0,0x0,0x0,0x0,0x4f,0x0,0x0,0x0,
0x1,0x0,0x0,0x0,0x2e,0x45,0x18,0x6,
0x2,0x0,0x0,0x0,0x0,0x0,0x0,0x0,
0x50,0x0,0x0,0x0,0x1b,0x0,0x0,0x0,
0x1f,0x0,0x0,0x0,0x0,0x0,0x0,0x0,
0x38,0x0,0x0,0x0,0x0,0x0,0x0,0x0,
0x38,0x0,0x0,0x0,0x0,0x0,0x2,0x0,
0xff,0xff,0xff,0xff,0xd,0x0,0x0,0x0,
0x50,0x0,0x50,0x0,0x0,0x0,0x0,0x0,
0x0,0x0,0x7,0x0,0x0,0x0,0x0,0x0,
0x0,0x0,0x0,0x0,0x50,0x0,0x0,0x0,
0x0,0x0,0x0,0x0,0x1,0x0,0x0,0x0,
0x50,0x0,0x0,0x0,0x1,0x0,0x0,0x0,
0xca,0x2e,0x46,0x18,0x9,0x2e,0x47,0x18,
0xa,0x2e,0x48,0x18,0xb,0x2e,0x49,0x18,
0xc,0xb4,0x4a,0x4,0x9,0x18,0x6,0xd4,
0x16,0x6,0x2,0x0,0x0,0x0,0x0,0x0,
0x50,0x0,0x0,0x0,0x1b,0x0,0x0,0x0,
0x21,0x0,0x0,0x0,0x0,0x0,0x0,0x0,
0x38,0x0,0x0,0x0,0x0,0x0,0x0,0x0,
0x38,0x0,0x0,0x0,0x0,0x0,0x2,0x0,
0xff,0xff,0xff,0xff,0xd,0x0,0x0,0x0,
0x51,0x0,0x50,0x0,0x0,0x0,0x0,0x0,
0x0,0x0,0x7,0x0,0x0,0x0,0x0,0x0,
0x0,0x0,0x0,0x0,0x51,0x0,0x0,0x0,
0x0,0x0,0x0,0x0,0x1,0x0,0x0,0x0,
0x51,0x0,0x0,0x0,0x1,0x0,0x0,0x0,
0xca,0x2e,0x4b,0x18,0x9,0x2e,0x4c,0x18,
0xa,0x2e,0x4d,0x18,0xb,0x2e,0x4e,0x18,
0xc,0xb4,0x4f,0x4,0x9,0x18,0x6,0xd4,
0x16,0x6,0x2,0x0,0x0,0x0,0x0,0x0,
0x44,0x0,0x0,0x0,0x5,0x0,0x0,0x0,
0x1d,0x0,0x0,0x0,0x0,0x0,0x0,0x0,
0x38,0x0,0x0,0x0,0x0,0x0,0x0,0x0,
0x38,0x0,0x0,0x0,0x0,0x0,0x1,0x0,
0xff,0xff,0xff,0xff,0x7,0x0,0x0,0x0,
0x6d,0x0,0x90,0x0,0x0,0x0,0x0,0x0,
0x0,0x0,0x7,0x0,0x0,0x0,0x0,0x0,
0x0,0x0,0x0,0x0,0x6d,0x0,0x0,0x0,
0x1,0x0,0x0,0x0,0x2e,0x50,0x18,0x6,
0x2,0x0,0x0,0x0,0x0,0x0,0x0,0x0,
0x50,0x0,0x0,0x0,0xb,0x0,0x0,0x0,
0x29,0x0,0x0,0x0,0x0,0x0,0x0,0x0,
0x38,0x0,0x0,0x0,0x0,0x0,0x0,0x0,
0x38,0x0,0x0,0x0,0x0,0x0,0x2,0x0,
0xff,0xff,0xff,0xff,0x9,0x0,0x0,0x0,
0x6e,0x0,0x90,0x0,0x0,0x0,0x0,0x0,
0x0,0x0,0x7,0x0,0x0,0x0,0x0,0x0,
0x0,0x0,0x0,0x0,0x6e,0x0,0x0,0x0,
0x0,0x0,0x0,0x0,0x1,0x0,0x0,0x0,
0x6e,0x0,0x0,0x0,0x1,0x0,0x0,0x0,
0xca,0xb4,0x51,0x0,0x0,0x18,0x6,0xd4,
0x16,0x6,0x2,0x0,0x0,0x0,0x0,0x0,
0x50,0x0,0x0,0x0,0xb,0x0,0x0,0x0,
0x2c,0x0,0x0,0x0,0x0,0x0,0x0,0x0,
0x38,0x0,0x0,0x0,0x0,0x0,0x0,0x0,
0x38,0x0,0x0,0x0,0x0,0x0,0x2,0x0,
0xff,0xff,0xff,0xff,0x9,0x0,0x0,0x0,
0x71,0x0,0x50,0x0,0x0,0x0,0x0,0x0,
0x0,0x0,0x7,0x0,0x0,0x0,0x0,0x0,
0x0,0x0,0x0,0x0,0x71,0x0,0x0,0x0,
0x0,0x0,0x0,0x0,0x1,0x0,0x0,0x0,
0x71,0x0,0x0,0x0,0x1,0x0,0x0,0x0,
0xca,0xb4,0x52,0x0,0x0,0x18,0x6,0xd4,
0x16,0x6,0x2,0x0,0x0,0x0,0x0,0x0,
0x74,0x0,0x0,0x0,0x2f,0x0,0x0,0x0,
0x33,0x0,0x0,0x0,0x0,0x0,0x0,0x0,
0x38,0x0,0x0,0x0,0x0,0x0,0x0,0x0,
0x38,0x0,0x0,0x0,0x0,0x0,0x5,0x0,
0xff,0xff,0xff,0xff,0xc,0x0,0x0,0x0,
0x84,0x0,0x90,0x0,0x0,0x0,0x0,0x0,
0x0,0x0,0x7,0x0,0x0,0x0,0x0,0x0,
0x0,0x0,0x0,0x0,0x84,0x0,0x0,0x0,
0x0,0x0,0x0,0x0,0x1,0x0,0x0,0x0,
0x85,0x0,0x0,0x0,0x2,0x0,0x0,0x0,
0xd,0x0,0x0,0x0,0x86,0x0,0x0,0x0,
0x5,0x0,0x0,0x0,0x1d,0x0,0x0,0x0,
0x87,0x0,0x0,0x0,0x6,0x0,0x0,0x0,
0x2b,0x0,0x0,0x0,0x89,0x0,0x0,0x0,
0x6,0x0,0x0,0x0,0xca,0x2e,0x53,0x3c,
0x54,0x18,0x7,0x12,0x0,0x6c,0x7,0x50,
0x1e,0x2e,0x55,0x18,0x8,0x13,0x26,0x1,
0x0,0x0,0x18,0xb,0xac,0x56,0x8,0x1,
0xb,0x2e,0x57,0x18,0x8,0x12,0x0,0x18,
0x9,0x42,0x58,0x8,0x1a,0x9,0x6,0xd4,
0x16,0x6,0x2,0x0,0x0,0x0,0x0,0x0,
0x5c,0x0,0x0,0x0,0x1f,0x0,0x0,0x0,
0x38,0x0,0x0,0x0,0x0,0x0,0x0,0x0,
0x38,0x0,0x0,0x0,0x0,0x0,0x0,0x0,
0x38,0x0,0x0,0x0,0x0,0x0,0x3,0x0,
0xff,0xff,0xff,0xff,0xc,0x0,0x0,0x0,
0x99,0x0,0x50,0x0,0x0,0x0,0x0,0x0,
0x0,0x0,0x7,0x0,0x0,0x0,0x0,0x0,
0x0,0x0,0x0,0x0,0x99,0x0,0x0,0x0,
0x0,0x0,0x0,0x0,0x1,0x0,0x0,0x0,
0x9a,0x0,0x0,0x0,0x2,0x0,0x0,0x0,
0x1b,0x0,0x0,0x0,0x9b,0x0,0x0,0x0,
0x2,0x0,0x0,0x0,0xca,0x2e,0x59,0x18,
0x7,0x13,0x27,0x1,0x0,0x0,0x18,0xb,
0x2e,0x5a,0x3c,0x5b,0x80,0xb,0x18,0xa,
0xac,0x5c,0x7,0x1,0xa,0x18,0x6,0xd4,
0x16,0x6,0x2,0x0,0x0,0x0,0x0,0x0,
0x44,0x0,0x0,0x0,0x19,0x0,0x0,0x0,
0x8e,0x0,0x0,0x0,0x0,0x0,0x0,0x0,
0x38,0x0,0x0,0x0,0x0,0x0,0x0,0x0,
0x38,0x0,0x0,0x0,0x0,0x0,0x1,0x0,
0xff,0xff,0xff,0xff,0xa,0x0,0x0,0x0,
0xcf,0x0,0x50,0x0,0x0,0x0,0x0,0x0,
0x0,0x0,0x7,0x0,0x0,0x0,0x0,0x0,
0x0,0x0,0x0,0x0,0xcf,0x0,0x0,0x0,
0x1,0x0,0x0,0x0,0x2e,0x5d,0x3c,0x5e,
0x18,0x7,0x2e,0x5f,0x9e,0x7,0x18,0x8,
0x10,0x1,0x80,0x8,0x18,0x9,0x10,0x3,
0x9c,0x9,0x18,0x6,0x2,0x0,0x0,0x0,
0x0,0x0,0x0,0x0,0x0,0x0,0x0,0x0,
0x44,0x0,0x0,0x0,0xd,0x0,0x0,0x0,
0x8f,0x0,0x0,0x0,0x0,0x0,0x0,0x0,
0x38,0x0,0x0,0x0,0x0,0x0,0x0,0x0,
0x38,0x0,0x0,0x0,0x0,0x0,0x1,0x0,
0xff,0xff,0xff,0xff,0x8,0x0,0x0,0x0,
0xd0,0x0,0x50,0x0,0x0,0x0,0x0,0x0,
0x0,0x0,0x7,0x0,0x0,0x0,0x0,0x0,
0x0,0x0,0x0,0x0,0xd0,0x0,0x0,0x0,
0x1,0x0,0x0,0x0,0x2e,0x60,0x3c,0x61,
0x18,0x7,0x10,0x4,0x9e,0x7,0x18,0x6,
0x2,0x0,0x0,0x0,0x0,0x0,0x0,0x0,
0x44,0x0,0x0,0x0,0xd,0x0,0x0,0x0,
0x90,0x0,0x0,0x0,0x0,0x0,0x0,0x0,
0x38,0x0,0x0,0x0,0x0,0x0,0x0,0x0,
0x38,0x0,0x0,0x0,0x0,0x0,0x1,0x0,
0xff,0xff,0xff,0xff,0x8,0x0,0x0,0x0,
0xd1,0x0,0x50,0x0,0x0,0x0,0x0,0x0,
0x0,0x0,0x7,0x0,0x0,0x0,0x0,0x0,
0x0,0x0,0x0,0x0,0xd1,0x0,0x0,0x0,
0x1,0x0,0x0,0x0,0x2e,0x62,0x3c,0x63,
0x18,0x7,0x2e,0x64,0x9e,0x7,0x18,0x6,
0x2,0x0,0x0,0x0,0x0,0x0,0x0,0x0,
0x44,0x0,0x0,0x0,0x7,0x0,0x0,0x0,
0x92,0x0,0x0,0x0,0x0,0x0,0x0,0x0,
0x38,0x0,0x0,0x0,0x0,0x0,0x0,0x0,
0x38,0x0,0x0,0x0,0x0,0x0,0x1,0x0,
0xff,0xff,0xff,0xff,0x7,0x0,0x0,0x0,
0xd2,0x0,0x50,0x0,0x0,0x0,0x0,0x0,
0x0,0x0,0x7,0x0,0x0,0x0,0x0,0x0,
0x0,0x0,0x0,0x0,0xd2,0x0,0x0,0x0,
0x1,0x0,0x0,0x0,0x2e,0x65,0x3c,0x66,
0x18,0x6,0x2,0x0,0x0,0x0,0x0,0x0,
0x44,0x0,0x0,0x0,0xd,0x0,0x0,0x0,
0x8b,0x0,0x0,0x0,0x0,0x0,0x0,0x0,
0x38,0x0,0x0,0x0,0x0,0x0,0x0,0x0,
0x38,0x0,0x0,0x0,0x0,0x0,0x1,0x0,
0xff,0xff,0xff,0xff,0x8,0x0,0x0,0x0,
0xcd,0x0,0x50,0x0,0x0,0x0,0x0,0x0,
0x0,0x0,0x7,0x0,0x0,0x0,0x0,0x0,
0x0,0x0,0x0,0x0,0xcd,0x0,0x0,0x0,
0x1,0x0,0x0,0x0,0x2e,0x67,0x3c,0x68,
0x18,0x7,0x10,0x28,0x9e,0x7,0x18,0x6,
0x2,0x0,0x0,0x0,0x0,0x0,0x0,0x0,
0x44,0x0,0x0,0x0,0x15,0x0,0x0,0x0,
0x95,0x0,0x0,0x0,0x0,0x0,0x0,0x0,
0x38,0x0,0x0,0x0,0x0,0x0,0x0,0x0,
0x38,0x0,0x0,0x0,0x0,0x0,0x1,0x0,
0xff,0xff,0xff,0xff,0x9,0x0,0x0,0x0,
0xda,0x0,0x50,0x0,0x0,0x0,0x0,0x0,
0x0,0x0,0x7,0x0,0x0,0x0,0x0,0x0,
0x0,0x0,0x0,0x0,0xda,0x0,0x0,0x0,
0x1,0x0,0x0,0x0,0x2e,0x69,0x3c,0x6a,
0x18,0x7,0x2e,0x6b,0x3c,0x6c,0x80,0x7,
0x18,0x8,0x10,0x5,0x80,0x8,0x18,0x6,
0x2,0x0,0x0,0x0,0x0,0x0,0x0,0x0,
0x44,0x0,0x0,0x0,0x7,0x0,0x0,0x0,
0x8e,0x0,0x0,0x0,0x0,0x0,0x0,0x0,
0x38,0x0,0x0,0x0,0x0,0x0,0x0,0x0,
0x38,0x0,0x0,0x0,0x0,0x0,0x1,0x0,
0xff,0xff,0xff,0xff,0x7,0x0,0x0,0x0,
0xdb,0x0,0x50,0x0,0x0,0x0,0x0,0x0,
0x0,0x0,0x7,0x0,0x0,0x0,0x0,0x0,
0x0,0x0,0x0,0x0,0xdb,0x0,0x0,0x0,
0x1,0x0,0x0,0x0,0x2e,0x6d,0x3c,0x6e,
0x18,0x6,0x2,0x0,0x0,0x0,0x0,0x0,
0x44,0x0,0x0,0x0,0x1f,0x0,0x0,0x0,
0x8f,0x0,0x0,0x0,0x0,0x0,0x0,0x0,
0x38,0x0,0x0,0x0,0x0,0x0,0x0,0x0,
0x38,0x0,0x0,0x0,0x0,0x0,0x1,0x0,
0xff,0xff,0xff,0xff,0xb,0x0,0x0,0x0,
0xdc,0x0,0x50,0x0,0x0,0x0,0x0,0x0,
0x0,0x0,0x7,0x0,0x0,0x0,0x0,0x0,
0x0,0x0,0x0,0x0,0xdc,0x0,0x0,0x0,
0x1,0x0,0x0,0x0,0x2e,0x6f,0x3c,0x70,
0x18,0x7,0x10,0x3,0x9c,0x7,0x18,0x8,
0x10,0x4,0x9e,0x8,0x18,0x9,0x10,0xf,
0xa2,0x9,0x18,0xa,0x10,0xa,0xa2,0xa,
0x18,0x6,0x2,0x0,0x0,0x0,0x0,0x0,
0x44,0x0,0x0,0x0,0xd,0x0,0x0,0x0,
0x90,0x0,0x0,0x0,0x0,0x0,0x0,0x0,
0x38,0x0,0x0,0x0,0x0,0x0,0x0,0x0,
0x38,0x0,0x0,0x0,0x0,0x0,0x1,0x0,
0xff,0xff,0xff,0xff,0x8,0x0,0x0,0x0,
0xdd,0x0,0x50,0x0,0x0,0x0,0x0,0x0,
0x0,0x0,0x7,0x0,0x0,0x0,0x0,0x0,
0x0,0x0,0x0,0x0,0xdd,0x0,0x0,0x0,
0x1,0x0,0x0,0x0,0x2e,0x71,0x3c,0x72,
0x18,0x7,0x2e,0x73,0x9e,0x7,0x18,0x6,
0x2,0x0,0x0,0x0,0x0,0x0,0x0,0x0,
0x44,0x0,0x0,0x0,0x5,0x0,0x0,0x0,
0x97,0x0,0x0,0x0,0x0,0x0,0x0,0x0,
0x38,0x0,0x0,0x0,0x0,0x0,0x0,0x0,
0x38,0x0,0x0,0x0,0x0,0x0,0x1,0x0,
0xff,0xff,0xff,0xff,0x7,0x0,0x0,0x0,
0xe0,0x0,0x50,0x0,0x0,0x0,0x0,0x0,
0x0,0x0,0x7,0x0,0x0,0x0,0x0,0x0,
0x0,0x0,0x0,0x0,0xe0,0x0,0x0,0x0,
0x1,0x0,0x0,0x0,0x2e,0x74,0x18,0x6,
0x2,0x0,0x0,0x0,0x0,0x0,0x0,0x0,
0x5c,0x0,0x0,0x0,0x13,0x0,0x0,0x0,
0xad,0x0,0x0,0x0,0x0,0x0,0x0,0x0,
0x38,0x0,0x0,0x0,0x0,0x0,0x0,0x0,
0x38,0x0,0x0,0x0,0x0,0x0,0x3,0x0,
0xff,0xff,0xff,0xff,0x9,0x0,0x0,0x0,
0x16,0x1,0x50,0x0,0x0,0x0,0x0,0x0,
0x0,0x0,0x7,0x0,0x0,0x0,0x0,0x0,
0x0,0x0,0x0,0x0,0x16,0x1,0x0,0x0,
0x0,0x0,0x0,0x0,0x1,0x0,0x0,0x0,
0x17,0x1,0x0,0x0,0x2,0x0,0x0,0x0,
0xf,0x0,0x0,0x0,0x1b,0x1,0x0,0x0,
0x2,0x0,0x0,0x0,0xca,0x2e,0x75,0x18,
0x7,0x2e,0x76,0x18,0x8,0x42,0x77,0x7,
0x1a,0x8,0x6,0xd4,0x16,0x6,0x2,0x0,
0x0,0x0,0x0,0x0,0x0,0x0,0x0,0x0,
0x44,0x0,0x0,0x0,0xd,0x0,0x0,0x0,
0x8b,0x0,0x0,0x0,0x0,0x0,0x0,0x0,
0x38,0x0,0x0,0x0,0x0,0x0,0x0,0x0,
0x38,0x0,0x0,0x0,0x0,0x0,0x1,0x0,
0xff,0xff,0xff,0xff,0x8,0x0,0x0,0x0,
0xde,0x0,0x50,0x0,0x0,0x0,0x0,0x0,
0x0,0x0,0x7,0x0,0x0,0x0,0x0,0x0,
0x0,0x0,0x0,0x0,0xde,0x0,0x0,0x0,
0x1,0x0,0x0,0x0,0x2e,0x78,0x3c,0x79,
0x18,0x7,0x10,0x23,0x9e,0x7,0x18,0x6,
0x2,0x0,0x0,0x0,0x0,0x0,0x0,0x0,
0x44,0x0,0x0,0x0,0x7,0x0,0x0,0x0,
0x9a,0x0,0x0,0x0,0x0,0x0,0x0,0x0,
0x38,0x0,0x0,0x0,0x0,0x0,0x0,0x0,
0x38,0x0,0x0,0x0,0x0,0x0,0x1,0x0,
0xff,0xff,0xff,0xff,0x7,0x0,0x0,0x0,
0xe4,0x0,0x90,0x0,0x0,0x0,0x0,0x0,
0x0,0x0,0x7,0x0,0x0,0x0,0x0,0x0,
0x0,0x0,0x0,0x0,0xe4,0x0,0x0,0x0,
0x1,0x0,0x0,0x0,0x2e,0x7a,0x3c,0x7b,
0x18,0x6,0x2,0x0,0x0,0x0,0x0,0x0,
0x44,0x0,0x0,0x0,0x7,0x0,0x0,0x0,
0x92,0x0,0x0,0x0,0x0,0x0,0x0,0x0,
0x38,0x0,0x0,0x0,0x0,0x0,0x0,0x0,
0x38,0x0,0x0,0x0,0x0,0x0,0x1,0x0,
0xff,0xff,0xff,0xff,0x7,0x0,0x0,0x0,
0xe6,0x0,0x90,0x0,0x0,0x0,0x0,0x0,
0x0,0x0,0x7,0x0,0x0,0x0,0x0,0x0,
0x0,0x0,0x0,0x0,0xe6,0x0,0x0,0x0,
0x1,0x0,0x0,0x0,0x2e,0x7c,0x3c,0x7d,
0x18,0x6,0x2,0x0,0x0,0x0,0x0,0x0,
0x44,0x0,0x0,0x0,0x7,0x0,0x0,0x0,
0x9c,0x0,0x0,0x0,0x0,0x0,0x0,0x0,
0x38,0x0,0x0,0x0,0x0,0x0,0x0,0x0,
0x38,0x0,0x0,0x0,0x0,0x0,0x1,0x0,
0xff,0xff,0xff,0xff,0x7,0x0,0x0,0x0,
0xe7,0x0,0x90,0x0,0x0,0x0,0x0,0x0,
0x0,0x0,0x7,0x0,0x0,0x0,0x0,0x0,
0x0,0x0,0x0,0x0,0xe7,0x0,0x0,0x0,
0x1,0x0,0x0,0x0,0x2e,0x7e,0x3c,0x7f,
0x18,0x6,0x2,0x0,0x0,0x0,0x0,0x0,
0x44,0x0,0x0,0x0,0xd,0x0,0x0,0x0,
0x8f,0x0,0x0,0x0,0x0,0x0,0x0,0x0,
0x38,0x0,0x0,0x0,0x0,0x0,0x0,0x0,
0x38,0x0,0x0,0x0,0x0,0x0,0x1,0x0,
0xff,0xff,0xff,0xff,0x7,0x0,0x0,0x0,
0xec,0x0,0x90,0x0,0x0,0x0,0x0,0x0,
0x0,0x0,0x7,0x0,0x0,0x0,0x0,0x0,
0x0,0x0,0x0,0x0,0xec,0x0,0x0,0x0,
0x1,0x0,0x0,0x0,0x2f,0x80,0x0,0x0,
0x0,0x3d,0x81,0x0,0x0,0x0,0x18,0x6,
0x2,0x0,0x0,0x0,0x0,0x0,0x0,0x0,
0x44,0x0,0x0,0x0,0xd,0x0,0x0,0x0,
0x8f,0x0,0x0,0x0,0x0,0x0,0x0,0x0,
0x38,0x0,0x0,0x0,0x0,0x0,0x0,0x0,
0x38,0x0,0x0,0x0,0x0,0x0,0x1,0x0,
0xff,0xff,0xff,0xff,0x7,0x0,0x0,0x0,
0xf0,0x0,0xd0,0x0,0x0,0x0,0x0,0x0,
0x0,0x0,0x7,0x0,0x0,0x0,0x0,0x0,
0x0,0x0,0x0,0x0,0xf0,0x0,0x0,0x0,
0x1,0x0,0x0,0x0,0x2f,0x82,0x0,0x0,
0x0,0x3d,0x83,0x0,0x0,0x0,0x18,0x6,
0x2,0x0,0x0,0x0,0x0,0x0,0x0,0x0,
0x44,0x0,0x0,0x0,0x8,0x0,0x0,0x0,
0x97,0x0,0x0,0x0,0x0,0x0,0x0,0x0,
0x38,0x0,0x0,0x0,0x0,0x0,0x0,0x0,
0x38,0x0,0x0,0x0,0x0,0x0,0x1,0x0,
0xff,0xff,0xff,0xff,0x7,0x0,0x0,0x0,
0xf4,0x0,0x10,0x1,0x0,0x0,0x0,0x0,
0x0,0x0,0x7,0x0,0x0,0x0,0x0,0x0,
0x0,0x0,0x0,0x0,0xf4,0x0,0x0,0x0,
0x1,0x0,0x0,0x0,0x2f,0x84,0x0,0x0,
0x0,0x18,0x6,0x2,0x0,0x0,0x0,0x0,
0x44,0x0,0x0,0x0,0xd,0x0,0x0,0x0,
0x8f,0x0,0x0,0x0,0x0,0x0,0x0,0x0,
0x38,0x0,0x0,0x0,0x0,0x0,0x0,0x0,
0x38,0x0,0x0,0x0,0x0,0x0,0x1,0x0,
0xff,0xff,0xff,0xff,0x7,0x0,0x0,0x0,
0xf6,0x0,0x50,0x1,0x0,0x0,0x0,0x0,
0x0,0x0,0x7,0x0,0x0,0x0,0x0,0x0,
0x0,0x0,0x0,0x0,0xf6,0x0,0x0,0x0,
0x1,0x0,0x0,0x0,0x2f,0x85,0x0,0x0,
0x0,0x3d,0x86,0x0,0x0,0x0,0x18,0x6,
0x2,0x0,0x0,0x0,0x0,0x0,0x0,0x0,
0x44,0x0,0x0,0x0,0x8,0x0,0x0,0x0,
0x9a,0x0,0x0,0x0,0x0,0x0,0x0,0x0,
0x38,0x0,0x0,0x0,0x0,0x0,0x0,0x0,
0x38,0x0,0x0,0x0,0x0,0x0,0x1,0x0,
0xff,0xff,0xff,0xff,0x7,0x0,0x0,0x0,
0xf9,0x0,0x90,0x1,0x0,0x0,0x0,0x0,
0x0,0x0,0x7,0x0,0x0,0x0,0x0,0x0,
0x0,0x0,0x0,0x0,0xf9,0x0,0x0,0x0,
0x1,0x0,0x0,0x0,0x2f,0x87,0x0,0x0,
0x0,0x18,0x6,0x2,0x0,0x0,0x0,0x0,
0x44,0x0,0x0,0x0,0xd,0x0,0x0,0x0,
0x8f,0x0,0x0,0x0,0x0,0x0,0x0,0x0,
0x38,0x0,0x0,0x0,0x0,0x0,0x0,0x0,
0x38,0x0,0x0,0x0,0x0,0x0,0x1,0x0,
0xff,0xff,0xff,0xff,0x7,0x0,0x0,0x0,
0xfa,0x0,0x90,0x1,0x0,0x0,0x0,0x0,
0x0,0x0,0x7,0x0,0x0,0x0,0x0,0x0,
0x0,0x0,0x0,0x0,0xfa,0x0,0x0,0x0,
0x1,0x0,0x0,0x0,0x2f,0x88,0x0,0x0,
0x0,0x3d,0x89,0x0,0x0,0x0,0x18,0x6,
0x2,0x0,0x0,0x0,0x0,0x0,0x0,0x0,
0x44,0x0,0x0,0x0,0xd,0x0,0x0,0x0,
0x90,0x0,0x0,0x0,0x0,0x0,0x0,0x0,
0x38,0x0,0x0,0x0,0x0,0x0,0x0,0x0,
0x38,0x0,0x0,0x0,0x0,0x0,0x1,0x0,
0xff,0xff,0xff,0xff,0x7,0x0,0x0,0x0,
0xfb,0x0,0x90,0x1,0x0,0x0,0x0,0x0,
0x0,0x0,0x7,0x0,0x0,0x0,0x0,0x0,
0x0,0x0,0x0,0x0,0xfb,0x0,0x0,0x0,
0x1,0x0,0x0,0x0,0x2f,0x8a,0x0,0x0,
0x0,0x3d,0x8b,0x0,0x0,0x0,0x18,0x6,
0x2,0x0,0x0,0x0,0x0,0x0,0x0,0x0,
0x44,0x0,0x0,0x0,0xd,0x0,0x0,0x0,
0x92,0x0,0x0,0x0,0x0,0x0,0x0,0x0,
0x38,0x0,0x0,0x0,0x0,0x0,0x0,0x0,
0x38,0x0,0x0,0x0,0x0,0x0,0x1,0x0,
0xff,0xff,0xff,0xff,0x7,0x0,0x0,0x0,
0xfc,0x0,0x90,0x1,0x0,0x0,0x0,0x0,
0x0,0x0,0x7,0x0,0x0,0x0,0x0,0x0,
0x0,0x0,0x0,0x0,0xfc,0x0,0x0,0x0,
0x1,0x0,0x0,0x0,0x2f,0x8c,0x0,0x0,
0x0,0x3d,0x8d,0x0,0x0,0x0,0x18,0x6,
0x2,0x0,0x0,0x0,0x0,0x0,0x0,0x0,
0x8c,0x0,0x0,0x0,0x98,0x0,0x0,0x0,
0xa7,0x0,0x0,0x0,0x0,0x0,0x0,0x0,
0x38,0x0,0x0,0x0,0x0,0x0,0x0,0x0,
0x38,0x0,0x0,0x0,0x0,0x0,0x7,0x0,
0xff,0xff,0xff,0xff,0xc,0x0,0x0,0x0,
0x0,0x1,0xd0,0x1,0x0,0x0,0x0,0x0,
0x0,0x0,0x7,0x0,0x0,0x0,0x0,0x0,
0x0,0x0,0x0,0x0,0x0,0x1,0x0,0x0,
0x0,0x0,0x0,0x0,0x1,0x0,0x0,0x0,
0x1,0x1,0x0,0x0,0x3,0x0,0x0,0x0,
0x16,0x0,0x0,0x0,0x2,0x1,0x0,0x0,
0x5,0x0,0x0,0x0,0x2b,0x0,0x0,0x0,
0x3,0x1,0x0,0x0,0x7,0x0,0x0,0x0,
0x48,0x0,0x0,0x0,0x4,0x1,0x0,0x0,
0x9,0x0,0x0,0x0,0x6e,0x0,0x0,0x0,
0x5,0x1,0x0,0x0,0xa,0x0,0x0,0x0,
0x94,0x0,0x0,0x0,0x7,0x1,0x0,0x0,
0xa,0x0,0x0,0x0,0xca,0x2f,0x8e,0x0,
0x0,0x0,0x18,0x7,0x2f,0x8f,0x0,0x0,
0x0,0x43,0x90,0x0,0x0,0x0,0x7,0x0,
0x0,0x0,0x2f,0x91,0x0,0x0,0x0,0x18,
0x7,0x2f,0x92,0x0,0x0,0x0,0x43,0x93,
0x0,0x0,0x0,0x7,0x0,0x0,0x0,0x2f,
0x94,0x0,0x0,0x0,0x3d,0x95,0x0,0x0,
0x0,0x18,0x7,0xad,0x96,0x0,0x0,0x0,
0x7,0x0,0x0,0x0,0x0,0x0,0x0,0x0,
0x0,0x0,0x0,0x0,0x2f,0x97,0x0,0x0,
0x0,0x18,0x7,0x13,0x2f,0x1,0x0,0x0,
0x18,0xa,0x2f,0x98,0x0,0x0,0x0,0x18,
0xb,0xad,0x99,0x0,0x0,0x0,0x7,0x0,
0x0,0x0,0x2,0x0,0x0,0x0,0xa,0x0,
0x0,0x0,0x2f,0x9a,0x0,0x0,0x0,0x18,
0x7,0x2f,0x9b,0x0,0x0,0x0,0x3d,0x9c,
0x0,0x0,0x0,0x18,0xa,0xad,0x9d,0x0,
0x0,0x0,0x7,0x0,0x0,0x0,0x1,0x0,
0x0,0x0,0xa,0x0,0x0,0x0,0x18,0x6,
0xd4,0x16,0x6,0x2,0x0,0x0,0x0,0x0,
0x44,0x0,0x0,0x0,0x8,0x0,0x0,0x0,
0xa5,0x0,0x0,0x0,0x0,0x0,0x0,0x0,
0x38,0x0,0x0,0x0,0x0,0x0,0x0,0x0,
0x38,0x0,0x0,0x0,0x0,0x0,0x1,0x0,
0xff,0xff,0xff,0xff,0x7,0x0,0x0,0x0,
0xff,0x0,0xd0,0x1,0x0,0x0,0x0,0x0,
0x0,0x0,0x7,0x0,0x0,0x0,0x0,0x0,
0x0,0x0,0x0,0x0,0xff,0x0,0x0,0x0,
0x1,0x0,0x0,0x0,0x2f,0x9e,0x0,0x0,
0x0,0x18,0x6,0x2,0x0,0x0,0x0,0x0,
0x44,0x0,0x0,0x0,0xd,0x0,0x0,0x0,
0x8f,0x0,0x0,0x0,0x0,0x0,0x0,0x0,
0x38,0x0,0x0,0x0,0x0,0x0,0x0,0x0,
0x38,0x0,0x0,0x0,0x0,0x0,0x1,0x0,
0xff,0xff,0xff,0xff,0x7,0x0,0x0,0x0,
0x10,0x1,0x10,0x1,0x0,0x0,0x0,0x0,
0x0,0x0,0x7,0x0,0x0,0x0,0x0,0x0,
0x0,0x0,0x0,0x0,0x10,0x1,0x0,0x0,
0x1,0x0,0x0,0x0,0x2f,0x9f,0x0,0x0,
0x0,0x3d,0xa0,0x0,0x0,0x0,0x18,0x6,
0x2,0x0,0x0,0x0,0x0,0x0,0x0,0x0,
0x50,0x0,0x0,0x0,0x14,0x0,0x0,0x0,
0xa7,0x0,0x0,0x0,0x0,0x0,0x0,0x0,
0x38,0x0,0x0,0x0,0x0,0x0,0x0,0x0,
0x38,0x0,0x0,0x0,0x0,0x0,0x2,0x0,
0xff,0xff,0xff,0xff,0x9,0x0,0x0,0x0,
0x11,0x1,0x10,0x1,0x0,0x0,0x0,0x0,
0x0,0x0,0x7,0x0,0x0,0x0,0x0,0x0,
0x0,0x0,0x0,0x0,0x11,0x1,0x0,0x0,
0x0,0x0,0x0,0x0,0x1,0x0,0x0,0x0,
0x11,0x1,0x0,0x0,0x1,0x0,0x0,0x0,
0xca,0xb5,0xa1,0x0,0x0,0x0,0x0,0x0,
0x0,0x0,0x0,0x0,0x0,0x0,0x18,0x6,
0xd4,0x16,0x6,0x2,0x0,0x0,0x0,0x0,
0x50,0x0,0x0,0x0,0x14,0x0,0x0,0x0,
0x33,0x0,0x0,0x0,0x0,0x0,0x0,0x0,
0x38,0x0,0x0,0x0,0x0,0x0,0x0,0x0,
0x38,0x0,0x0,0x0,0x0,0x0,0x2,0x0,
0xff,0xff,0xff,0xff,0x9,0x0,0x0,0x0,
0x28,0x1,0x90,0x0,0x0,0x0,0x0,0x0,
0x0,0x0,0x7,0x0,0x0,0x0,0x0,0x0,
0x0,0x0,0x0,0x0,0x28,0x1,0x0,0x0,
0x0,0x0,0x0,0x0,0x1,0x0,0x0,0x0,
0x28,0x1,0x0,0x0,0x1,0x0,0x0,0x0,
0xca,0xb5,0xa2,0x0,0x0,0x0,0x0,0x0,
0x0,0x0,0x0,0x0,0x0,0x0,0x18,0x6,
0xd4,0x16,0x6,0x2,0x0,0x0,0x0,0x0,
0xe0,0x0,0x0,0x0,0xfb,0x0,0x0,0x0,
0xb2,0x0,0x0,0x0,0x0,0x0,0x0,0x0,
0x38,0x0,0x0,0x0,0x0,0x0,0x0,0x0,
0x38,0x0,0x0,0x0,0x0,0x0,0xe,0x0,
0xff,0xff,0xff,0xff,0xe,0x0,0x0,0x0,
0x2a,0x1,0x90,0x0,0x0,0x0,0x0,0x0,
0x0,0x0,0x8,0x0,0x0,0x0,0x0,0x0,
0x0,0x0,0x0,0x0,0x2b,0x1,0x0,0x0,
0x1,0x0,0x0,0x0,0xd,0x0,0x0,0x0,
0x2c,0x1,0x0,0x0,0x3,0x0,0x0,0x0,
0x1d,0x0,0x0,0x0,0x2d,0x1,0x0,0x0,
0x6,0x0,0x0,0x0,0x38,0x0,0x0,0x0,
0x2e,0x1,0x0,0x0,0x8,0x0,0x0,0x0,
0x40,0x0,0x0,0x0,0x31,0x1,0x0,0x0,
0xb,0x0,0x0,0x0,0x4a,0x0,0x0,0x0,
0x34,0x1,0x0,0x0,0xd,0x0,0x0,0x0,
0x52,0x0,0x0,0x0,0x36,0x1,0x0,0x0,
0x10,0x0,0x0,0x0,0x5d,0x0,0x0,0x0,
0x39,0x1,0x0,0x0,0x11,0x0,0x0,0x0,
0x94,0x0,0x0,0x0,0x3a,0x1,0x0,0x0,
0x12,0x0,0x0,0x0,0xa4,0x0,0x0,0x0,
0x3b,0x1,0x0,0x0,0x15,0x0,0x0,0x0,
0xb8,0x0,0x0,0x0,0x3d,0x1,0x0,0x0,
0x17,0x0,0x0,0x0,0xc9,0x0,0x0,0x0,
0x3d,0x1,0x0,0x0,0x19,0x0,0x0,0x0,
0xe8,0x0,0x0,0x0,0x3e,0x1,0x0,0x0,
0x1b,0x0,0x0,0x0,0xf9,0x0,0x0,0x0,
0x40,0x1,0x0,0x0,0x1b,0x0,0x0,0x0,
0x2f,0xa3,0x0,0x0,0x0,0x18,0x8,0x10,
0x14,0x66,0x8,0x50,0x45,0x2f,0xa4,0x0,
0x0,0x0,0x18,0x9,0x2f,0xa5,0x0,0x0,
0x0,0x6c,0x9,0x50,0x23,0x2f,0xa6,0x0,
0x0,0x0,0x18,0xa,0x14,0xf,0xd,0xad,
0xa7,0x0,0x0,0x0,0xa,0x0,0x0,0x0,
0x1,0x0,0x0,0x0,0xd,0x0,0x0,0x0,
0x6,0x31,0xb0,0x0,0x0,0x0,0x4c,0xa,
0x2f,0xa8,0x0,0x0,0x0,0x31,0xb1,0x0,
0x0,0x0,0x6,0x31,0xaf,0x0,0x0,0x0,
0x4c,0xb,0x2f,0xa9,0x0,0x0,0x0,0x7c,
0x31,0xaf,0x0,0x0,0x0,0x2f,0xaa,0x0,
0x0,0x0,0x3d,0xab,0x0,0x0,0x0,0x18,
0x8,0x10,0x14,0xa2,0x8,0x18,0x9,0x2f,
0xac,0x0,0x0,0x0,0x18,0xa,0xad,0xad,
0x0,0x0,0x0,0xa,0x0,0x0,0x0,0x0,
0x0,0x0,0x0,0x0,0x0,0x0,0x0,0x9c,
0x9,0x18,0xa,0x11,0xff,0x7f,0x0,0x0,
0x9e,0xa,0x18,0x7,0x18,0x8,0x2f,0xae,
0x0,0x0,0x0,0x3d,0xaf,0x0,0x0,0x0,
0x64,0x8,0x50,0x14,0x2f,0xb0,0x0,0x0,
0x0,0x18,0x9,0x16,0x7,0x43,0xb1,0x0,
0x0,0x0,0x9,0x0,0x0,0x0,0x4c,0x41,
0x2f,0xb2,0x0,0x0,0x0,0x3d,0xb3,0x0,
0x0,0x0,0x18,0x9,0x6,0x64,0x9,0x50,
0x1f,0x2f,0xb4,0x0,0x0,0x0,0x18,0xa,
0x3d,0xb5,0x0,0x0,0x0,0x18,0xb,0x10,
0x8,0xa2,0xb,0x18,0xc,0x43,0xb6,0x0,
0x0,0x0,0xa,0x0,0x0,0x0,0x4c,0x11,
0x2f,0xb7,0x0,0x0,0x0,0x18,0xa,0x6,
0x43,0xb8,0x0,0x0,0x0,0xa,0x0,0x0,
0x0,0xe,0x2,0x0,0x0,0x0,0x0,0x0,
0x0,0x0,0x0,0x0,0x0,0x0,0x0,0x0,
0x0,0x0,0x0,0x0,0x0,0x0,0x0,0x0,
0x44,0x0,0x0,0x0,0x19,0x0,0x0,0x0,
0x8f,0x0,0x0,0x0,0x0,0x0,0x0,0x0,
0x38,0x0,0x0,0x0,0x0,0x0,0x0,0x0,
0x38,0x0,0x0,0x0,0x0,0x0,0x1,0x0,
0xff,0xff,0xff,0xff,0x9,0x0,0x0,0x0,
0x47,0x1,0x90,0x0,0x0,0x0,0x0,0x0,
0x0,0x0,0x7,0x0,0x0,0x0,0x0,0x0,
0x0,0x0,0x0,0x0,0x47,0x1,0x0,0x0,
0x1,0x0,0x0,0x0,0x2f,0xb9,0x0,0x0,
0x0,0x3d,0xba,0x0,0x0,0x0,0x18,0x7,
0x10,0x2,0x9e,0x7,0x18,0x8,0x10,0x5,
0xa2,0x8,0x18,0x6,0x2,0x0,0x0,0x0,
0x0,0x0,0x0,0x0,0x0,0x0,0x0,0x0,
0x44,0x0,0x0,0x0,0x16,0x0,0x0,0x0,
0x90,0x0,0x0,0x0,0x0,0x0,0x0,0x0,
0x38,0x0,0x0,0x0,0x0,0x0,0x0,0x0,
0x38,0x0,0x0,0x0,0x0,0x0,0x1,0x0,
0xff,0xff,0xff,0xff,0x8,0x0,0x0,0x0,
0x48,0x1,0x90,0x0,0x0,0x0,0x0,0x0,
0x0,0x0,0x7,0x0,0x0,0x0,0x0,0x0,
0x0,0x0,0x0,0x0,0x48,0x1,0x0,0x0,
0x1,0x0,0x0,0x0,0x2f,0xbb,0x0,0x0,
0x0,0x3d,0xbc,0x0,0x0,0x0,0x18,0x7,
0x2f,0xbd,0x0,0x0,0x0,0x9e,0x7,0x18,
0x6,0x2,0x0,0x0,0x0,0x0,0x0,0x0,
0x44,0x0,0x0,0x0,0x1c,0x0,0x0,0x0,
0xb6,0x0,0x0,0x0,0x0,0x0,0x0,0x0,
0x38,0x0,0x0,0x0,0x0,0x0,0x0,0x0,
0x38,0x0,0x0,0x0,0x0,0x0,0x1,0x0,
0xff,0xff,0xff,0xff,0x8,0x0,0x0,0x0,
0x4b,0x1,0x90,0x0,0x0,0x0,0x0,0x0,
0x0,0x0,0x7,0x0,0x0,0x0,0x0,0x0,
0x0,0x0,0x0,0x0,0x4b,0x1,0x0,0x0,
0x1,0x0,0x0,0x0,0x2f,0xbe,0x0,0x0,
0x0,0x18,0x7,0x10,0xff,0x6c,0x7,0x50,
0x7,0x13,0x33,0x1,0x0,0x0,0x4c,0x5,
0x2f,0xbf,0x0,0x0,0x0,0x18,0x6,0x2,
0x0,0x0,0x0,0x0,0x0,0x0,0x0,0x0,
0x44,0x0,0x0,0x0,0x4c,0x0,0x0,0x0,
0x97,0x0,0x0,0x0,0x0,0x0,0x0,0x0,
0x38,0x0,0x0,0x0,0x0,0x0,0x0,0x0,
0x38,0x0,0x0,0x0,0x0,0x0,0x1,0x0,
0xff,0xff,0xff,0xff,0x11,0x0,0x0,0x0,
0x4c,0x1,0x90,0x0,0x0,0x0,0x0,0x0,
0x0,0x0,0x7,0x0,0x0,0x0,0x0,0x0,
0x0,0x0,0x0,0x0,0x4c,0x1,0x0,0x0,
0x1,0x0,0x0,0x0,0x13,0x34,0x1,0x0,
0x0,0x18,0x7,0x13,0x35,0x1,0x0,0x0,
0x18,0x8,0x13,0x36,0x1,0x0,0x0,0x18,
0x9,0x13,0x20,0x1,0x0,0x0,0x18,0xa,
0x13,0x37,0x1,0x0,0x0,0x18,0xb,0x13,
0x38,0x1,0x0,0x0,0x18,0xc,0x13,0x39,
0x1,0x0,0x0,0x18,0xd,0x13,0x3a,0x1,
0x0,0x0,0x18,0xe,0x13,0x3b,0x1,0x0,
0x0,0x18,0xf,0x13,0x3c,0x1,0x0,0x0,
0x18,0x10,0xe8,0xa,0x7,0x18,0x6,0x2,
0x0,0x0,0x0,0x0,0x0,0x0,0x0,0x0,
0xbc,0x0,0x0,0x0,0x3d,0x1,0x0,0x0,
0xbb,0x0,0x0,0x0,0x0,0x0,0x0,0x0,
0x38,0x0,0x0,0x0,0x0,0x0,0x0,0x0,
0x38,0x0,0x0,0x0,0x0,0x0,0xb,0x0,
0xff,0xff,0xff,0xff,0xc,0x0,0x0,0x0,
0x54,0x1,0x90,0x0,0x0,0x0,0x0,0x0,
0x0,0x0,0x7,0x0,0x0,0x0,0x0,0x0,
0x0,0x0,0x0,0x0,0x54,0x1,0x0,0x0,
0x0,0x0,0x0,0x0,0x1,0x0,0x0,0x0,
0x55,0x1,0x0,0x0,0x2,0x0,0x0,0x0,
0xd,0x0,0x0,0x0,0x56,0x1,0x0,0x0,
0x5,0x0,0x0,0x0,0x31,0x0,0x0,0x0,
0x58,0x1,0x0,0x0,0x6,0x0,0x0,0x0,
0x49,0x0,0x0,0x0,0x59,0x1,0x0,0x0,
0x9,0x0,0x0,0x0,0x6f,0x0,0x0,0x0,
0x5a,0x1,0x0,0x0,0xb,0x0,0x0,0x0,
0x9b,0x0,0x0,0x0,0x5b,0x1,0x0,0x0,
0xc,0x0,0x0,0x0,0xc8,0x0,0x0,0x0,
0x5d,0x1,0x0,0x0,0xf,0x0,0x0,0x0,
0xee,0x0,0x0,0x0,0x5e,0x1,0x0,0x0,
0x11,0x0,0x0,0x0,0x14,0x1,0x0,0x0,
0x5f,0x1,0x0,0x0,0x12,0x0,0x0,0x0,
0x39,0x1,0x0,0x0,0x61,0x1,0x0,0x0,
0x12,0x0,0x0,0x0,0xca,0x2f,0xc0,0x0,
0x0,0x0,0x3d,0xc1,0x0,0x0,0x0,0x50,
0x24,0x2f,0xc2,0x0,0x0,0x0,0x18,0x7,
0x2f,0xc3,0x0,0x0,0x0,0x3d,0xc4,0x0,
0x0,0x0,0x18,0xa,0xad,0xc5,0x0,0x0,
0x0,0x7,0x0,0x0,0x0,0x1,0x0,0x0,
0x0,0xa,0x0,0x0,0x0,0x2f,0xc6,0x0,
0x0,0x0,0x3d,0xc7,0x0,0x0,0x0,0x18,
0x7,0x13,0x20,0x1,0x0,0x0,0x6c,0x7,
0x51,0x7f,0x0,0x0,0x0,0x2f,0xc8,0x0,
0x0,0x0,0x18,0x8,0x2f,0xc9,0x0,0x0,
0x0,0x3d,0xca,0x0,0x0,0x0,0x18,0x9,
0x10,0x5,0x9e,0x9,0x18,0xa,0x10,0x5,
0xa2,0xa,0x43,0xcb,0x0,0x0,0x0,0x8,
0x0,0x0,0x0,0x2f,0xcc,0x0,0x0,0x0,
0x18,0x8,0x2f,0xcd,0x0,0x0,0x0,0x3d,
0xce,0x0,0x0,0x0,0x18,0x9,0x10,0x2,
0x9c,0x9,0x18,0xa,0x10,0x5,0x9e,0xa,
0x18,0xb,0x10,0x5,0xa2,0xb,0x43,0xcf,
0x0,0x0,0x0,0x8,0x0,0x0,0x0,0x2f,
0xd0,0x0,0x0,0x0,0x18,0x8,0x2f,0xd1,
0x0,0x0,0x0,0x3d,0xd2,0x0,0x0,0x0,
0x18,0x9,0x10,0x3,0x9c,0x9,0x18,0xa,
0x10,0x5,0x9e,0xa,0x18,0xb,0x43,0xd3,
0x0,0x0,0x0,0x8,0x0,0x0,0x0,0x1a,
0xb,0x6,0x4c,0x71,0x2f,0xd4,0x0,0x0,
0x0,0x18,0x8,0x2f,0xd5,0x0,0x0,0x0,
0x3d,0xd6,0x0,0x0,0x0,0x18,0x9,0x10,
0x2,0x9e,0x9,0x18,0xa,0x10,0x5,0xa2,
0xa,0x43,0xd7,0x0,0x0,0x0,0x8,0x0,
0x0,0x0,0x2f,0xd8,0x0,0x0,0x0,0x18,
0x8,0x2f,0xd9,0x0,0x0,0x0,0x3d,0xda,
0x0,0x0,0x0,0x18,0x9,0x10,0x2,0x9e,
0x9,0x18,0xa,0x10,0x5,0xa2,0xa,0x43,
0xdb,0x0,0x0,0x0,0x8,0x0,0x0,0x0,
0x2f,0xdc,0x0,0x0,0x0,0x18,0x8,0x2f,
0xdd,0x0,0x0,0x0,0x3d,0xde,0x0,0x0,
0x0,0x18,0x9,0x10,0x2,0x9e,0x9,0x18,
0xa,0x43,0xdf,0x0,0x0,0x0,0x8,0x0,
0x0,0x0,0x1a,0xa,0x6,0xd4,0x16,0x6,
0x2,0x0,0x0,0x0,0x0,0x0,0x0,0x0,
0x44,0x0,0x0,0x0,0x13,0x0,0x0,0x0,
0x8b,0x0,0x0,0x0,0x0,0x0,0x0,0x0,
0x38,0x0,0x0,0x0,0x0,0x0,0x0,0x0,
0x38,0x0,0x0,0x0,0x0,0x0,0x1,0x0,
0xff,0xff,0xff,0xff,0x8,0x0,0x0,0x0,
0x49,0x1,0x90,0x0,0x0,0x0,0x0,0x0,
0x0,0x0,0x7,0x0,0x0,0x0,0x0,0x0,
0x0,0x0,0x0,0x0,0x49,0x1,0x0,0x0,
0x1,0x0,0x0,0x0,0x2f,0xe0,0x0,0x0,
0x0,0x3d,0xe1,0x0,0x0,0x0,0x18,0x7,
0x10,0x28,0x9e,0x7,0x18,0x6,0x2,0x0,
0x0,0x0,0x0,0x0,0x0,0x0,0x0,0x0,
0x44,0x0,0x0,0x0,0xd,0x0,0x0,0x0,
0x9a,0x0,0x0,0x0,0x0,0x0,0x0,0x0,
0x38,0x0,0x0,0x0,0x0,0x0,0x0,0x0,
0x38,0x0,0x0,0x0,0x0,0x0,0x1,0x0,
0xff,0xff,0xff,0xff,0x7,0x0,0x0,0x0,
0x4e,0x1,0xd0,0x0,0x0,0x0,0x0,0x0,
0x0,0x0,0x7,0x0,0x0,0x0,0x0,0x0,
0x0,0x0,0x0,0x0,0x4e,0x1,0x0,0x0,
0x1,0x0,0x0,0x0,0x2f,0xe2,0x0,0x0,
0x0,0x3d,0xe3,0x0,0x0,0x0,0x18,0x6,
0x2,0x0,0x0,0x0,0x0,0x0,0x0,0x0,
0x44,0x0,0x0,0x0,0xd,0x0,0x0,0x0,
0xb7,0x0,0x0,0x0,0x0,0x0,0x0,0x0,
0x38,0x0,0x0,0x0,0x0,0x0,0x0,0x0,
0x38,0x0,0x0,0x0,0x0,0x0,0x1,0x0,
0xff,0xff,0xff,0xff,0x7,0x0,0x0,0x0,
0x4f,0x1,0xd0,0x0,0x0,0x0,0x0,0x0,
0x0,0x0,0x7,0x0,0x0,0x0,0x0,0x0,
0x0,0x0,0x0,0x0,0x4f,0x1,0x0,0x0,
0x1,0x0,0x0,0x0,0x2f,0xe4,0x0,0x0,
0x0,0x3d,0xe5,0x0,0x0,0x0,0x18,0x6,
0x2,0x0,0x0,0x0,0x0,0x0,0x0,0x0,
0x44,0x0,0x0,0x0,0xd,0x0,0x0,0x0,
0x92,0x0,0x0,0x0,0x0,0x0,0x0,0x0,
0x38,0x0,0x0,0x0,0x0,0x0,0x0,0x0,
0x38,0x0,0x0,0x0,0x0,0x0,0x1,0x0,
0xff,0xff,0xff,0xff,0x7,0x0,0x0,0x0,
0x51,0x1,0xd0,0x0,0x0,0x0,0x0,0x0,
0x0,0x0,0x7,0x0,0x0,0x0,0x0,0x0,
0x0,0x0,0x0,0x0,0x51,0x1,0x0,0x0,
0x1,0x0,0x0,0x0,0x2f,0xe6,0x0,0x0,
0x0,0x3d,0xe7,0x0,0x0,0x0,0x18,0x6,
0x2,0x0,0x0,0x0,0x0,0x0,0x0,0x0,
0x44,0x0,0x0,0x0,0x1b,0x0,0x0,0x0,
0xb9,0x0,0x0,0x0,0x0,0x0,0x0,0x0,
0x38,0x0,0x0,0x0,0x0,0x0,0x0,0x0,
0x38,0x0,0x0,0x0,0x0,0x0,0x1,0x0,
0xff,0xff,0xff,0xff,0x7,0x0,0x0,0x0,
0x52,0x1,0xd0,0x0,0x0,0x0,0x0,0x0,
0x0,0x0,0x7,0x0,0x0,0x0,0x0,0x0,
0x0,0x0,0x0,0x0,0x52,0x1,0x0,0x0,
0x1,0x0,0x0,0x0,0x2f,0xe8,0x0,0x0,
0x0,0x3d,0xe9,0x0,0x0,0x0,0x50,0x7,
0x13,0x88,0x0,0x0,0x0,0x4c,0x5,0x13,
0x3e,0x1,0x0,0x0,0x18,0x6,0x2,0x0,
0x0,0x0,0x0,0x0,0x0,0x0,0x0,0x0,
0x44,0x0,0x0,0x0,0x13,0x0,0x0,0x0,
0x95,0x0,0x0,0x0,0x0,0x0,0x0,0x0,
0x38,0x0,0x0,0x0,0x0,0x0,0x0,0x0,
0x38,0x0,0x0,0x0,0x0,0x0,0x1,0x0,
0xff,0xff,0xff,0xff,0x8,0x0,0x0,0x0,
0x65,0x1,0x90,0x0,0x0,0x0,0x0,0x0,
0x0,0x0,0x7,0x0,0x0,0x0,0x0,0x0,
0x0,0x0,0x0,0x0,0x65,0x1,0x0,0x0,
0x1,0x0,0x0,0x0,0x2f,0xea,0x0,0x0,
0x0,0x3d,0xeb,0x0,0x0,0x0,0x18,0x7,
0x10,0x5,0x9e,0x7,0x18,0x6,0x2,0x0,
0x0,0x0,0x0,0x0,0x0,0x0,0x0,0x0,
0x44,0x0,0x0,0x0,0x13,0x0,0x0,0x0,
0x8f,0x0,0x0,0x0,0x0,0x0,0x0,0x0,
0x38,0x0,0x0,0x0,0x0,0x0,0x0,0x0,
0x38,0x0,0x0,0x0,0x0,0x0,0x1,0x0,
0xff,0xff,0xff,0xff,0x8,0x0,0x0,0x0,
0x67,0x1,0x90,0x0,0x0,0x0,0x0,0x0,
0x0,0x0,0x7,0x0,0x0,0x0,0x0,0x0,
0x0,0x0,0x0,0x0,0x67,0x1,0x0,0x0,
0x1,0x0,0x0,0x0,0x2f,0xec,0x0,0x0,
0x0,0x3d,0xed,0x0,0x0,0x0,0x18,0x7,
0x10,0x5,0x9e,0x7,0x18,0x6,0x2,0x0,
0x0,0x0,0x0,0x0,0x0,0x0,0x0,0x0,
0x44,0x0,0x0,0x0,0x16,0x0,0x0,0x0,
0x90,0x0,0x0,0x0,0x0,0x0,0x0,0x0,
0x38,0x0,0x0,0x0,0x0,0x0,0x0,0x0,
0x38,0x0,0x0,0x0,0x0,0x0,0x1,0x0,
0xff,0xff,0xff,0xff,0x8,0x0,0x0,0x0,
0x68,0x1,0x90,0x0,0x0,0x0,0x0,0x0,
0x0,0x0,0x7,0x0,0x0,0x0,0x0,0x0,
0x0,0x0,0x0,0x0,0x68,0x1,0x0,0x0,
0x1,0x0,0x0,0x0,0x2f,0xee,0x0,0x0,
0x0,0x3d,0xef,0x0,0x0,0x0,0x18,0x7,
0x2f,0xf0,0x0,0x0,0x0,0x9e,0x7,0x18,
0x6,0x2,0x0,0x0,0x0,0x0,0x0,0x0,
0x44,0x0,0x0,0x0,0x14,0x0,0x0,0x0,
0x97,0x0,0x0,0x0,0x0,0x0,0x0,0x0,
0x38,0x0,0x0,0x0,0x0,0x0,0x0,0x0,
0x38,0x0,0x0,0x0,0x0,0x0,0x1,0x0,
0xff,0xff,0xff,0xff,0x9,0x0,0x0,0x0,
0x6a,0x1,0x90,0x0,0x0,0x0,0x0,0x0,
0x0,0x0,0x7,0x0,0x0,0x0,0x0,0x0,
0x0,0x0,0x0,0x0,0x6a,0x1,0x0,0x0,
0x1,0x0,0x0,0x0,0x13,0x3f,0x1,0x0,
0x0,0x18,0x7,0x13,0x40,0x1,0x0,0x0,
0x18,0x8,0xe8,0x2,0x7,0x18,0x6,0x2,
0x0,0x0,0x0,0x0,0x0,0x0,0x0,0x0,
0x5c,0x0,0x0,0x0,0x2b,0x0,0x0,0x0,
0xbb,0x0,0x0,0x0,0x0,0x0,0x0,0x0,
0x38,0x0,0x0,0x0,0x0,0x0,0x0,0x0,
0x38,0x0,0x0,0x0,0x0,0x0,0x3,0x0,
0xff,0xff,0xff,0xff,0xb,0x0,0x0,0x0,
0x73,0x1,0x90,0x0,0x0,0x0,0x0,0x0,
0x0,0x0,0x7,0x0,0x0,0x0,0x0,0x0,
0x0,0x0,0x0,0x0,0x73,0x1,0x0,0x0,
0x0,0x0,0x0,0x0,0x1,0x0,0x0,0x0,
0x74,0x1,0x0,0x0,0x2,0x0,0x0,0x0,
0x27,0x0,0x0,0x0,0x75,0x1,0x0,0x0,
0x2,0x0,0x0,0x0,0xca,0x2f,0xf1,0x0,
0x0,0x0,0x18,0x7,0x2f,0xf2,0x0,0x0,
0x0,0x3d,0xf3,0x0,0x0,0x0,0x18,0xa,
0xad,0xf4,0x0,0x0,0x0,0x7,0x0,0x0,
0x0,0x1,0x0,0x0,0x0,0xa,0x0,0x0,
0x0,0x18,0x6,0xd4,0x16,0x6,0x2,0x0,
0x0,0x0,0x0,0x0,0x0,0x0,0x0,0x0,
0x44,0x0,0x0,0x0,0x13,0x0,0x0,0x0,
0x8b,0x0,0x0,0x0,0x0,0x0,0x0,0x0,
0x38,0x0,0x0,0x0,0x0,0x0,0x0,0x0,
0x38,0x0,0x0,0x0,0x0,0x0,0x1,0x0,
0xff,0xff,0xff,0xff,0x8,0x0,0x0,0x0,
0x69,0x1,0x90,0x0,0x0,0x0,0x0,0x0,
0x0,0x0,0x7,0x0,0x0,0x0,0x0,0x0,
0x0,0x0,0x0,0x0,0x69,0x1,0x0,0x0,
0x1,0x0,0x0,0x0,0x2f,0xf5,0x0,0x0,
0x0,0x3d,0xf6,0x0,0x0,0x0,0x18,0x7,
0x10,0x23,0x9e,0x7,0x18,0x6,0x2,0x0,
0x0,0x0,0x0,0x0,0x0,0x0,0x0,0x0,
0x44,0x0,0x0,0x0,0xd,0x0,0x0,0x0,
0x9a,0x0,0x0,0x0,0x0,0x0,0x0,0x0,
0x38,0x0,0x0,0x0,0x0,0x0,0x0,0x0,
0x38,0x0,0x0,0x0,0x0,0x0,0x1,0x0,
0xff,0xff,0xff,0xff,0x7,0x0,0x0,0x0,
0x6d,0x1,0xd0,0x0,0x0,0x0,0x0,0x0,
0x0,0x0,0x7,0x0,0x0,0x0,0x0,0x0,
0x0,0x0,0x0,0x0,0x6d,0x1,0x0,0x0,
0x1,0x0,0x0,0x0,0x2f,0xf7,0x0,0x0,
0x0,0x3d,0xf8,0x0,0x0,0x0,0x18,0x6,
0x2,0x0,0x0,0x0,0x0,0x0,0x0,0x0,
0x44,0x0,0x0,0x0,0xd,0x0,0x0,0x0,
0xb7,0x0,0x0,0x0,0x0,0x0,0x0,0x0,
0x38,0x0,0x0,0x0,0x0,0x0,0x0,0x0,
0x38,0x0,0x0,0x0,0x0,0x0,0x1,0x0,
0xff,0xff,0xff,0xff,0x7,0x0,0x0,0x0,
0x6e,0x1,0xd0,0x0,0x0,0x0,0x0,0x0,
0x0,0x0,0x7,0x0,0x0,0x0,0x0,0x0,
0x0,0x0,0x0,0x0,0x6e,0x1,0x0,0x0,
0x1,0x0,0x0,0x0,0x2f,0xf9,0x0,0x0,
0x0,0x3d,0xfa,0x0,0x0,0x0,0x18,0x6,
0x2,0x0,0x0,0x0,0x0,0x0,0x0,0x0,
0x44,0x0,0x0,0x0,0xd,0x0,0x0,0x0,
0x92,0x0,0x0,0x0,0x0,0x0,0x0,0x0,
0x38,0x0,0x0,0x0,0x0,0x0,0x0,0x0,
0x38,0x0,0x0,0x0,0x0,0x0,0x1,0x0,
0xff,0xff,0xff,0xff,0x7,0x0,0x0,0x0,
0x70,0x1,0xd0,0x0,0x0,0x0,0x0,0x0,
0x0,0x0,0x7,0x0,0x0,0x0,0x0,0x0,
0x0,0x0,0x0,0x0,0x70,0x1,0x0,0x0,
0x1,0x0,0x0,0x0,0x2f,0xfb,0x0,0x0,
0x0,0x3d,0xfc,0x0,0x0,0x0,0x18,0x6,
0x2,0x0,0x0,0x0,0x0,0x0,0x0,0x0,
0x44,0x0,0x0,0x0,0x1b,0x0,0x0,0x0,
0xb9,0x0,0x0,0x0,0x0,0x0,0x0,0x0,
0x38,0x0,0x0,0x0,0x0,0x0,0x0,0x0,
0x38,0x0,0x0,0x0,0x0,0x0,0x1,0x0,
0xff,0xff,0xff,0xff,0x7,0x0,0x0,0x0,
0x71,0x1,0xd0,0x0,0x0,0x0,0x0,0x0,
0x0,0x0,0x7,0x0,0x0,0x0,0x0,0x0,
0x0,0x0,0x0,0x0,0x71,0x1,0x0,0x0,
0x1,0x0,0x0,0x0,0x2f,0xfd,0x0,0x0,
0x0,0x3d,0xfe,0x0,0x0,0x0,0x50,0x7,
0x13,0x88,0x0,0x0,0x0,0x4c,0x5,0x13,
0x3e,0x1,0x0,0x0,0x18,0x6,0x2,0x0,
0x0,0x0,0x0,0x0,0x0,0x0,0x0,0x0,
0x44,0x0,0x0,0x0,0x19,0x0,0x0,0x0,
0x95,0x0,0x0,0x0,0x0,0x0,0x0,0x0,
0x38,0x0,0x0,0x0,0x0,0x0,0x0,0x0,
0x38,0x0,0x0,0x0,0x0,0x0,0x1,0x0,
0xff,0xff,0xff,0xff,0x9,0x0,0x0,0x0,
0x7a,0x1,0x90,0x0,0x0,0x0,0x0,0x0,
0x0,0x0,0x7,0x0,0x0,0x0,0x0,0x0,
0x0,0x0,0x0,0x0,0x7a,0x1,0x0,0x0,
0x1,0x0,0x0,0x0,0x2f,0xff,0x0,0x0,
0x0,0x3d,0x0,0x1,0x0,0x0,0x18,0x7,
0x10,0x2,0x9c,0x7,0x18,0x8,0x10,0x5,
0x9e,0x8,0x18,0x6,0x2,0x0,0x0,0x0,
0x0,0x0,0x0,0x0,0x0,0x0,0x0,0x0,
0x44,0x0,0x0,0x0,0x13,0x0,0x0,0x0,
0x8f,0x0,0x0,0x0,0x0,0x0,0x0,0x0,
0x38,0x0,0x0,0x0,0x0,0x0,0x0,0x0,
0x38,0x0,0x0,0x0,0x0,0x0,0x1,0x0,
0xff,0xff,0xff,0xff,0x8,0x0,0x0,0x0,
0x7c,0x1,0x90,0x0,0x0,0x0,0x0,0x0,
0x0,0x0,0x7,0x0,0x0,0x0,0x0,0x0,
0x0,0x0,0x0,0x0,0x7c,0x1,0x0,0x0,
0x1,0x0,0x0,0x0,0x2f,0x1,0x1,0x0,
0x0,0x3d,0x2,0x1,0x0,0x0,0x18,0x7,
0x10,0x5,0x9e,0x7,0x18,0x6,0x2,0x0,
0x0,0x0,0x0,0x0,0x0,0x0,0x0,0x0,
0x44,0x0,0x0,0x0,0x16,0x0,0x0,0x0,
0x90,0x0,0x0,0x0,0x0,0x0,0x0,0x0,
0x38,0x0,0x0,0x0,0x0,0x0,0x0,0x0,
0x38,0x0,0x0,0x0,0x0,0x0,0x1,0x0,
0xff,0xff,0xff,0xff,0x8,0x0,0x0,0x0,
0x7d,0x1,0x90,0x0,0x0,0x0,0x0,0x0,
0x0,0x0,0x7,0x0,0x0,0x0,0x0,0x0,
0x0,0x0,0x0,0x0,0x7d,0x1,0x0,0x0,
0x1,0x0,0x0,0x0,0x2f,0x3,0x1,0x0,
0x0,0x3d,0x4,0x1,0x0,0x0,0x18,0x7,
0x2f,0x5,0x1,0x0,0x0,0x9e,0x7,0x18,
0x6,0x2,0x0,0x0,0x0,0x0,0x0,0x0,
0x50,0x0,0x0,0x0,0x76,0x0,0x0,0x0,
0x97,0x0,0x0,0x0,0x0,0x0,0x0,0x0,
0x38,0x0,0x0,0x0,0x0,0x0,0x0,0x0,
0x38,0x0,0x0,0x0,0x0,0x0,0x2,0x0,
0xff,0xff,0xff,0xff,0x17,0x0,0x0,0x0,
0x7f,0x1,0x90,0x0,0x0,0x0,0x0,0x0,
0x0,0x0,0x7,0x0,0x0,0x0,0x0,0x0,
0x0,0x0,0x0,0x0,0x7f,0x1,0x0,0x0,
0x1,0x0,0x0,0x0,0x75,0x0,0x0,0x0,
0x90,0x1,0x0,0x0,0x1,0x0,0x0,0x0,
0x13,0x42,0x1,0x0,0x0,0x18,0x7,0x13,
0x43,0x1,0x0,0x0,0x18,0x8,0x13,0x44,
0x1,0x0,0x0,0x18,0x9,0x13,0x45,0x1,
0x0,0x0,0x18,0xa,0x13,0x46,0x1,0x0,
0x0,0x18,0xb,0x13,0x47,0x1,0x0,0x0,
0x18,0xc,0x13,0x48,0x1,0x0,0x0,0x18,
0xd,0x13,0x49,0x1,0x0,0x0,0x18,0xe,
0x13,0x4a,0x1,0x0,0x0,0x18,0xf,0x13,
0x4b,0x1,0x0,0x0,0x18,0x10,0x13,0x4c,
0x1,0x0,0x0,0x18,0x11,0x13,0x4d,0x1,
0x0,0x0,0x18,0x12,0x13,0x4e,0x1,0x0,
0x0,0x18,0x13,0x13,0x4f,0x1,0x0,0x0,
0x18,0x14,0x13,0x50,0x1,0x0,0x0,0x18,
0x15,0x13,0x51,0x1,0x0,0x0,0x18,0x16,
0xe8,0x10,0x7,0x18,0x6,0x2,0x0,0x0,
0x5c,0x0,0x0,0x0,0x2b,0x0,0x0,0x0,
0xbb,0x0,0x0,0x0,0x0,0x0,0x0,0x0,
0x38,0x0,0x0,0x0,0x0,0x0,0x0,0x0,
0x38,0x0,0x0,0x0,0x0,0x0,0x3,0x0,
0xff,0xff,0xff,0xff,0xb,0x0,0x0,0x0,
0x99,0x1,0x90,0x0,0x0,0x0,0x0,0x0,
0x0,0x0,0x7,0x0,0x0,0x0,0x0,0x0,
0x0,0x0,0x0,0x0,0x99,0x1,0x0,0x0,
0x0,0x0,0x0,0x0,0x1,0x0,0x0,0x0,
0x9a,0x1,0x0,0x0,0x2,0x0,0x0,0x0,
0x27,0x0,0x0,0x0,0x9b,0x1,0x0,0x0,
0x2,0x0,0x0,0x0,0xca,0x2f,0x6,0x1,
0x0,0x0,0x18,0x7,0x2f,0x7,0x1,0x0,
0x0,0x3d,0x8,0x1,0x0,0x0,0x18,0xa,
0xad,0x9,0x1,0x0,0x0,0x7,0x0,0x0,
0x0,0x1,0x0,0x0,0x0,0xa,0x0,0x0,
0x0,0x18,0x6,0xd4,0x16,0x6,0x2,0x0,
0x0,0x0,0x0,0x0,0x0,0x0,0x0,0x0,
0x44,0x0,0x0,0x0,0x13,0x0,0x0,0x0,
0x8b,0x0,0x0,0x0,0x0,0x0,0x0,0x0,
0x38,0x0,0x0,0x0,0x0,0x0,0x0,0x0,
0x38,0x0,0x0,0x0,0x0,0x0,0x1,0x0,
0xff,0xff,0xff,0xff,0x8,0x0,0x0,0x0,
0x7e,0x1,0x90,0x0,0x0,0x0,0x0,0x0,
0x0,0x0,0x7,0x0,0x0,0x0,0x0,0x0,
0x0,0x0,0x0,0x0,0x7e,0x1,0x0,0x0,
0x1,0x0,0x0,0x0,0x2f,0xa,0x1,0x0,
0x0,0x3d,0xb,0x1,0x0,0x0,0x18,0x7,
0x10,0x23,0x9e,0x7,0x18,0x6,0x2,0x0,
0x0,0x0,0x0,0x0,0x0,0x0,0x0,0x0,
0x44,0x0,0x0,0x0,0xd,0x0,0x0,0x0,
0x9a,0x0,0x0,0x0,0x0,0x0,0x0,0x0,
0x38,0x0,0x0,0x0,0x0,0x0,0x0,0x0,
0x38,0x0,0x0,0x0,0x0,0x0,0x1,0x0,
0xff,0xff,0xff,0xff,0x7,0x0,0x0,0x0,
0x93,0x1,0xd0,0x0,0x0,0x0,0x0,0x0,
0x0,0x0,0x7,0x0,0x0,0x0,0x0,0x0,
0x0,0x0,0x0,0x0,0x93,0x1,0x0,0x0,
0x1,0x0,0x0,0x0,0x2f,0xc,0x1,0x0,
0x0,0x3d,0xd,0x1,0x0,0x0,0x18,0x6,
0x2,0x0,0x0,0x0,0x0,0x0,0x0,0x0,
0x44,0x0,0x0,0x0,0xd,0x0,0x0,0x0,
0xb7,0x0,0x0,0x0,0x0,0x0,0x0,0x0,
0x38,0x0,0x0,0x0,0x0,0x0,0x0,0x0,
0x38,0x0,0x0,0x0,0x0,0x0,0x1,0x0,
0xff,0xff,0xff,0xff,0x7,0x0,0x0,0x0,
0x94,0x1,0xd0,0x0,0x0,0x0,0x0,0x0,
0x0,0x0,0x7,0x0,0x0,0x0,0x0,0x0,
0x0,0x0,0x0,0x0,0x94,0x1,0x0,0x0,
0x1,0x0,0x0,0x0,0x2f,0xe,0x1,0x0,
0x0,0x3d,0xf,0x1,0x0,0x0,0x18,0x6,
0x2,0x0,0x0,0x0,0x0,0x0,0x0,0x0,
0x44,0x0,0x0,0x0,0xd,0x0,0x0,0x0,
0x92,0x0,0x0,0x0,0x0,0x0,0x0,0x0,
0x38,0x0,0x0,0x0,0x0,0x0,0x0,0x0,
0x38,0x0,0x0,0x0,0x0,0x0,0x1,0x0,
0xff,0xff,0xff,0xff,0x7,0x0,0x0,0x0,
0x96,0x1,0xd0,0x0,0x0,0x0,0x0,0x0,
0x0,0x0,0x7,0x0,0x0,0x0,0x0,0x0,
0x0,0x0,0x0,0x0,0x96,0x1,0x0,0x0,
0x1,0x0,0x0,0x0,0x2f,0x10,0x1,0x0,
0x0,0x3d,0x11,0x1,0x0,0x0,0x18,0x6,
0x2,0x0,0x0,0x0,0x0,0x0,0x0,0x0,
0x44,0x0,0x0,0x0,0x1b,0x0,0x0,0x0,
0xb9,0x0,0x0,0x0,0x0,0x0,0x0,0x0,
0x38,0x0,0x0,0x0,0x0,0x0,0x0,0x0,
0x38,0x0,0x0,0x0,0x0,0x0,0x1,0x0,
0xff,0xff,0xff,0xff,0x7,0x0,0x0,0x0,
0x97,0x1,0xd0,0x0,0x0,0x0,0x0,0x0,
0x0,0x0,0x7,0x0,0x0,0x0,0x0,0x0,
0x0,0x0,0x0,0x0,0x97,0x1,0x0,0x0,
0x1,0x0,0x0,0x0,0x2f,0x12,0x1,0x0,
0x0,0x3d,0x13,0x1,0x0,0x0,0x50,0x7,
0x13,0x88,0x0,0x0,0x0,0x4c,0x5,0x13,
0x3e,0x1,0x0,0x0,0x18,0x6,0x2,0x0,
0x0,0x0,0x0,0x0,0x0,0x0,0x0,0x0,
0x44,0x0,0x0,0x0,0x13,0x0,0x0,0x0,
0x95,0x0,0x0,0x0,0x0,0x0,0x0,0x0,
0x38,0x0,0x0,0x0,0x0,0x0,0x0,0x0,
0x38,0x0,0x0,0x0,0x0,0x0,0x1,0x0,
0xff,0xff,0xff,0xff,0x8,0x0,0x0,0x0,
0xa0,0x1,0x90,0x0,0x0,0x0,0x0,0x0,
0x0,0x0,0x7,0x0,0x0,0x0,0x0,0x0,
0x0,0x0,0x0,0x0,0xa0,0x1,0x0,0x0,
0x1,0x0,0x0,0x0,0x2f,0x14,0x1,0x0,
0x0,0x3d,0x15,0x1,0x0,0x0,0x18,0x7,
0x10,0x2,0x9e,0x7,0x18,0x6,0x2,0x0,
0x0,0x0,0x0,0x0,0x0,0x0,0x0,0x0,
0x44,0x0,0x0,0x0,0x13,0x0,0x0,0x0,
0x8f,0x0,0x0,0x0,0x0,0x0,0x0,0x0,
0x38,0x0,0x0,0x0,0x0,0x0,0x0,0x0,
0x38,0x0,0x0,0x0,0x0,0x0,0x1,0x0,
0xff,0xff,0xff,0xff,0x8,0x0,0x0,0x0,
0xa2,0x1,0x90,0x0,0x0,0x0,0x0,0x0,
0x0,0x0,0x7,0x0,0x0,0x0,0x0,0x0,
0x0,0x0,0x0,0x0,0xa2,0x1,0x0,0x0,
0x1,0x0,0x0,0x0,0x2f,0x16,0x1,0x0,
0x0,0x3d,0x17,0x1,0x0,0x0,0x18,0x7,
0x10,0x2,0x9e,0x7,0x18,0x6,0x2,0x0,
0x0,0x0,0x0,0x0,0x0,0x0,0x0,0x0,
0x44,0x0,0x0,0x0,0x16,0x0,0x0,0x0,
0x90,0x0,0x0,0x0,0x0,0x0,0x0,0x0,
0x38,0x0,0x0,0x0,0x0,0x0,0x0,0x0,
0x38,0x0,0x0,0x0,0x0,0x0,0x1,0x0,
0xff,0xff,0xff,0xff,0x8,0x0,0x0,0x0,
0xa3,0x1,0x90,0x0,0x0,0x0,0x0,0x0,
0x0,0x0,0x7,0x0,0x0,0x0,0x0,0x0,
0x0,0x0,0x0,0x0,0xa3,0x1,0x0,0x0,
0x1,0x0,0x0,0x0,0x2f,0x18,0x1,0x0,
0x0,0x3d,0x19,0x1,0x0,0x0,0x18,0x7,
0x2f,0x1a,0x1,0x0,0x0,0x9e,0x7,0x18,
0x6,0x2,0x0,0x0,0x0,0x0,0x0,0x0,
0x48,0x2,0x0,0x0,0xb4,0x6,0x0,0x0,
0xa7,0x0,0x0,0x0,0x0,0x0,0x0,0x0,
0x38,0x0,0x0,0x0,0x0,0x0,0x0,0x0,
0x38,0x0,0x0,0x0,0x0,0x0,0x2c,0x0,
0xff,0xff,0xff,0xff,0xe,0x0,0x0,0x0,
0xa6,0x1,0x90,0x0,0x0,0x0,0x0,0x0,
0x0,0x0,0x7,0x0,0x0,0x0,0x0,0x0,
0x0,0x0,0x0,0x0,0xa6,0x1,0x0,0x0,
0x0,0x0,0x0,0x0,0x1,0x0,0x0,0x0,
0xa8,0x1,0x0,0x0,0x3,0x0,0x0,0x0,
0x3d,0x0,0x0,0x0,0xaa,0x1,0x0,0x0,
0x5,0x0,0x0,0x0,0x61,0x0,0x0,0x0,
0xab,0x1,0x0,0x0,0x7,0x0,0x0,0x0,
0x85,0x0,0x0,0x0,0xac,0x1,0x0,0x0,
0x9,0x0,0x0,0x0,0xa9,0x0,0x0,0x0,
0xad,0x1,0x0,0x0,0xb,0x0,0x0,0x0,
0xd2,0x0,0x0,0x0,0xae,0x1,0x0,0x0,
0xd,0x0,0x0,0x0,0xfb,0x0,0x0,0x0,
0xaf,0x1,0x0,0x0,0xf,0x0,0x0,0x0,
0x24,0x1,0x0,0x0,0xb0,0x1,0x0,0x0,
0x11,0x0,0x0,0x0,0x4d,0x1,0x0,0x0,
0xb1,0x1,0x0,0x0,0x13,0x0,0x0,0x0,
0x76,0x1,0x0,0x0,0xb2,0x1,0x0,0x0,
0x15,0x0,0x0,0x0,0x9f,0x1,0x0,0x0,
0xb3,0x1,0x0,0x0,0x17,0x0,0x0,0x0,
0xc8,0x1,0x0,0x0,0xb4,0x1,0x0,0x0,
0x19,0x0,0x0,0x0,0xf1,0x1,0x0,0x0,
0xb5,0x1,0x0,0x0,0x1b,0x0,0x0,0x0,
0x1a,0x2,0x0,0x0,0xb6,0x1,0x0,0x0,
0x1d,0x0,0x0,0x0,0x43,0x2,0x0,0x0,
0xb7,0x1,0x0,0x0,0x1f,0x0,0x0,0x0,
0x6c,0x2,0x0,0x0,0xb8,0x1,0x0,0x0,
0x21,0x0,0x0,0x0,0x95,0x2,0x0,0x0,
0xb9,0x1,0x0,0x0,0x23,0x0,0x0,0x0,
0xbe,0x2,0x0,0x0,0xba,0x1,0x0,0x0,
0x25,0x0,0x0,0x0,0xe7,0x2,0x0,0x0,
0xbc,0x1,0x0,0x0,0x27,0x0,0x0,0x0,
0x10,0x3,0x0,0x0,0xbd,0x1,0x0,0x0,
0x29,0x0,0x0,0x0,0x39,0x3,0x0,0x0,
0xbe,0x1,0x0,0x0,0x2b,0x0,0x0,0x0,
0x62,0x3,0x0,0x0,0xbf,0x1,0x0,0x0,
0x2d,0x0,0x0,0x0,0x8b,0x3,0x0,0x0,
0xc0,0x1,0x0,0x0,0x2f,0x0,0x0,0x0,
0xb4,0x3,0x0,0x0,0xc1,0x1,0x0,0x0,
0x31,0x0,0x0,0x0,0xdd,0x3,0x0,0x0,
0xc3,0x1,0x0,0x0,0x33,0x0,0x0,0x0,
0x6,0x4,0x0,0x0,0xc4,0x1,0x0,0x0,
0x35,0x0,0x0,0x0,0x2f,0x4,0x0,0x0,
0xc5,0x1,0x0,0x0,0x37,0x0,0x0,0x0,
0x58,0x4,0x0,0x0,0xc6,0x1,0x0,0x0,
0x39,0x0,0x0,0x0,0x81,0x4,0x0,0x0,
0xc7,0x1,0x0,0x0,0x3b,0x0,0x0,0x0,
0xaa,0x4,0x0,0x0,0xc8,0x1,0x0,0x0,
0x3d,0x0,0x0,0x0,0xd3,0x4,0x0,0x0,
0xc9,0x1,0x0,0x0,0x3f,0x0,0x0,0x0,
0xfc,0x4,0x0,0x0,0xca,0x1,0x0,0x0,
0x41,0x0,0x0,0x0,0x25,0x5,0x0,0x0,
0xcb,0x1,0x0,0x0,0x43,0x0,0x0,0x0,
0x4e,0x5,0x0,0x0,0xcc,0x1,0x0,0x0,
0x45,0x0,0x0,0x0,0x77,0x5,0x0,0x0,
0xcd,0x1,0x0,0x0,0x47,0x0,0x0,0x0,
0xa0,0x5,0x0,0x0,0xce,0x1,0x0,0x0,
0x49,0x0,0x0,0x0,0xc9,0x5,0x0,0x0,
0xcf,0x1,0x0,0x0,0x4b,0x0,0x0,0x0,
0xf2,0x5,0x0,0x0,0xd0,0x1,0x0,0x0,
0x4d,0x0,0x0,0x0,0x1b,0x6,0x0,0x0,
0xd1,0x1,0x0,0x0,0x4f,0x0,0x0,0x0,
0x44,0x6,0x0,0x0,0xd2,0x1,0x0,0x0,
0x51,0x0,0x0,0x0,0x6d,0x6,0x0,0x0,
0xd3,0x1,0x0,0x0,0x53,0x0,0x0,0x0,
0x96,0x6,0x0,0x0,0xd5,0x1,0x0,0x0,
0x54,0x0,0x0,0x0,0xb0,0x6,0x0,0x0,
0xd6,0x1,0x0,0x0,0x54,0x0,0x0,0x0,
0xca,0x2f,0x1b,0x1,0x0,0x0,0x18,0x7,
0x2f,0x1c,0x1,0x0,0x0,0x3d,0x1d,0x1,
0x0,0x0,0x3d,0x1e,0x1,0x0,0x0,0x18,
0xb,0xad,0x1f,0x1,0x0,0x0,0xb,0x0,
0x0,0x0,0x0,0x0,0x0,0x0,0x0,0x0,
0x0,0x0,0x18,0xa,0xad,0x20,0x1,0x0,
0x0,0x7,0x0,0x0,0x0,0x1,0x0,0x0,
0x0,0xa,0x0,0x0,0x0,0x2f,0x21,0x1,
0x0,0x0,0x18,0x7,0x2f,0x22,0x1,0x0,
0x0,0x3d,0x23,0x1,0x0,0x0,0x18,0xa,
0xad,0x24,0x1,0x0,0x0,0x7,0x0,0x0,
0x0,0x1,0x0,0x0,0x0,0xa,0x0,0x0,
0x0,0x2f,0x25,0x1,0x0,0x0,0x18,0x7,
0x2f,0x26,0x1,0x0,0x0,0x3d,0x27,0x1,
0x0,0x0,0x18,0xa,0xad,0x28,0x1,0x0,
0x0,0x7,0x0,0x0,0x0,0x1,0x0,0x0,
0x0,0xa,0x0,0x0,0x0,0x2f,0x29,0x1,
0x0,0x0,0x18,0x7,0x2f,0x2a,0x1,0x0,
0x0,0x3d,0x2b,0x1,0x0,0x0,0x18,0xa,
0xad,0x2c,0x1,0x0,0x0,0x7,0x0,0x0,
0x0,0x1,0x0,0x0,0x0,0xa,0x0,0x0,
0x0,0x2f,0x2d,0x1,0x0,0x0,0x18,0x7,
0x2f,0x2e,0x1,0x0,0x0,0x3d,0x2f,0x1,
0x0,0x0,0x3d,0x30,0x1,0x0,0x0,0x18,
0xa,0xad,0x31,0x1,0x0,0x0,0x7,0x0,
0x0,0x0,0x1,0x0,0x0,0x0,0xa,0x0,
0x0,0x0,0x2f,0x32,0x1,0x0,0x0,0x18,
0x7,0x2f,0x33,0x1,0x0,0x0,0x3d,0x34,
0x1,0x0,0x0,0x3d,0x35,0x1,0x0,0x0,
0x18,0xa,0xad,0x36,0x1,0x0,0x0,0x7,
0x0,0x0,0x0,0x1,0x0,0x0,0x0,0xa,
0x0,0x0,0x0,0x2f,0x37,0x1,0x0,0x0,
0x18,0x7,0x2f,0x38,0x1,0x0,0x0,0x3d,
0x39,0x1,0x0,0x0,0x3d,0x3a,0x1,0x0,
0x0,0x18,0xa,0xad,0x3b,0x1,0x0,0x0,
0x7,0x0,0x0,0x0,0x1,0x0,0x0,0x0,
0xa,0x0,0x0,0x0,0x2f,0x3c,0x1,0x0,
0x0,0x18,0x7,0x2f,0x3d,0x1,0x0,0x0,
0x3d,0x3e,0x1,0x0,0x0,0x3d,0x3f,0x1,
0x0,0x0,0x18,0xa,0xad,0x40,0x1,0x0,
0x0,0x7,0x0,0x0,0x0,0x1,0x0,0x0,
0x0,0xa,0x0,0x0,0x0,0x2f,0x41,0x1,
0x0,0x0,0x18,0x7,0x2f,0x42,0x1,0x0,
0x0,0x3d,0x43,0x1,0x0,0x0,0x3d,0x44,
0x1,0x0,0x0,0x18,0xa,0xad,0x45,0x1,
0x0,0x0,0x7,0x0,0x0,0x0,0x1,0x0,
0x0,0x0,0xa,0x0,0x0,0x0,0x2f,0x46,
0x1,0x0,0x0,0x18,0x7,0x2f,0x47,0x1,
0x0,0x0,0x3d,0x48,0x1,0x0,0x0,0x3d,
0x49,0x1,0x0,0x0,0x18,0xa,0xad,0x4a,
0x1,0x0,0x0,0x7,0x0,0x0,0x0,0x1,
0x0,0x0,0x0,0xa,0x0,0x0,0x0,0x2f,
0x4b,0x1,0x0,0x0,0x18,0x7,0x2f,0x4c,
0x1,0x0,0x0,0x3d,0x4d,0x1,0x0,0x0,
0x3d,0x4e,0x1,0x0,0x0,0x18,0xa,0xad,
0x4f,0x1,0x0,0x0,0x7,0x0,0x0,0x0,
0x1,0x0,0x0,0x0,0xa,0x0,0x0,0x0,
0x2f,0x50,0x1,0x0,0x0,0x18,0x7,0x2f,
0x51,0x1,0x0,0x0,0x3d,0x52,0x1,0x0,
0x0,0x3d,0x53,0x1,0x0,0x0,0x18,0xa,
0xad,0x54,0x1,0x0,0x0,0x7,0x0,0x0,
0x0,0x1,0x0,0x0,0x0,0xa,0x0,0x0,
0x0,0x2f,0x55,0x1,0x0,0x0,0x18,0x7,
0x2f,0x56,0x1,0x0,0x0,0x3d,0x57,0x1,
0x0,0x0,0x3d,0x58,0x1,0x0,0x0,0x18,
0xa,0xad,0x59,0x1,0x0,0x0,0x7,0x0,
0x0,0x0,0x1,0x0,0x0,0x0,0xa,0x0,
0x0,0x0,0x2f,0x5a,0x1,0x0,0x0,0x18,
0x7,0x2f,0x5b,0x1,0x0,0x0,0x3d,0x5c,
0x1,0x0,0x0,0x3d,0x5d,0x1,0x0,0x0,
0x18,0xa,0xad,0x5e,0x1,0x0,0x0,0x7,
0x0,0x0,0x0,0x1,0x0,0x0,0x0,0xa,
0x0,0x0,0x0,0x2f,0x5f,0x1,0x0,0x0,
0x18,0x7,0x2f,0x60,0x1,0x0,0x0,0x3d,
0x61,0x1,0x0,0x0,0x3d,0x62,0x1,0x0,
0x0,0x18,0xa,0xad,0x63,0x1,0x0,0x0,
0x7,0x0,0x0,0x0,0x1,0x0,0x0,0x0,
0xa,0x0,0x0,0x0,0x2f,0x64,0x1,0x0,
0x0,0x18,0x7,0x2f,0x65,0x1,0x0,0x0,
0x3d,0x66,0x1,0x0,0x0,0x3d,0x67,0x1,
0x0,0x0,0x18,0xa,0xad,0x68,0x1,0x0,
0x0,0x7,0x0,0x0,0x0,0x1,0x0,0x0,
0x0,0xa,0x0,0x0,0x0,0x2f,0x69,0x1,
0x0,0x0,0x18,0x7,0x2f,0x6a,0x1,0x0,
0x0,0x3d,0x6b,0x1,0x0,0x0,0x3d,0x6c,
0x1,0x0,0x0,0x18,0xa,0xad,0x6d,0x1,
0x0,0x0,0x7,0x0,0x0,0x0,0x1,0x0,
0x0,0x0,0xa,0x0,0x0,0x0,0x2f,0x6e,
0x1,0x0,0x0,0x18,0x7,0x2f,0x6f,0x1,
0x0,0x0,0x3d,0x70,0x1,0x0,0x0,0x3d,
0x71,0x1,0x0,0x0,0x18,0xa,0xad,0x72,
0x1,0x0,0x0,0x7,0x0,0x0,0x0,0x1,
0x0,0x0,0x0,0xa,0x0,0x0,0x0,0x2f,
0x73,0x1,0x0,0x0,0x18,0x7,0x2f,0x74,
0x1,0x0,0x0,0x3d,0x75,0x1,0x0,0x0,
0x3d,0x76,0x1,0x0,0x0,0x18,0xa,0xad,
0x77,0x1,0x0,0x0,0x7,0x0,0x0,0x0,
0x1,0x0,0x0,0x0,0xa,0x0,0x0,0x0,
0x2f,0x78,0x1,0x0,0x0,0x18,0x7,0x2f,
0x79,0x1,0x0,0x0,0x3d,0x7a,0x1,0x0,
0x0,0x3d,0x7b,0x1,0x0,0x0,0x18,0xa,
0xad,0x7c,0x1,0x0,0x0,0x7,0x0,0x0,
0x0,0x1,0x0,0x0,0x0,0xa,0x0,0x0,
0x0,0x2f,0x7d,0x1,0x0,0x0,0x18,0x7,
0x2f,0x7e,0x1,0x0,0x0,0x3d,0x7f,0x1,
0x0,0x0,0x3d,0x80,0x1,0x0,0x0,0x18,
0xa,0xad,0x81,0x1,0x0,0x0,0x7,0x0,
0x0,0x0,0x1,0x0,0x0,0x0,0xa,0x0,
0x0,0x0,0x2f,0x82,0x1,0x0,0x0,0x18,
0x7,0x2f,0x83,0x1,0x0,0x0,0x3d,0x84,
0x1,0x0,0x0,0x3d,0x85,0x1,0x0,0x0,
0x18,0xa,0xad,0x86,0x1,0x0,0x0,0x7,
0x0,0x0,0x0,0x1,0x0,0x0,0x0,0xa,
0x0,0x0,0x0,0x2f,0x87,0x1,0x0,0x0,
0x18,0x7,0x2f,0x88,0x1,0x0,0x0,0x3d,
0x89,0x1,0x0,0x0,0x3d,0x8a,0x1,0x0,
0x0,0x18,0xa,0xad,0x8b,0x1,0x0,0x0,
0x7,0x0,0x0,0x0,0x1,0x0,0x0,0x0,
0xa,0x0,0x0,0x0,0x2f,0x8c,0x1,0x0,
0x0,0x18,0x7,0x2f,0x8d,0x1,0x0,0x0,
0x3d,0x8e,0x1,0x0,0x0,0x3d,0x8f,0x1,
0x0,0x0,0x18,0xa,0xad,0x90,0x1,0x0,
0x0,0x7,0x0,0x0,0x0,0x1,0x0,0x0,
0x0,0xa,0x0,0x0,0x0,0x2f,0x91,0x1,
0x0,0x0,0x18,0x7,0x2f,0x92,0x1,0x0,
0x0,0x3d,0x93,0x1,0x0,0x0,0x3d,0x94,
0x1,0x0,0x0,0x18,0xa,0xad,0x95,0x1,
0x0,0x0,0x7,0x0,0x0,0x0,0x1,0x0,
0x0,0x0,0xa,0x0,0x0,0x0,0x2f,0x96,
0x1,0x0,0x0,0x18,0x7,0x2f,0x97,0x1,
0x0,0x0,0x3d,0x98,0x1,0x0,0x0,0x3d,
0x99,0x1,0x0,0x0,0x18,0xa,0xad,0x9a,
0x1,0x0,0x0,0x7,0x0,0x0,0x0,0x1,
0x0,0x0,0x0,0xa,0x0,0x0,0x0,0x2f,
0x9b,0x1,0x0,0x0,0x18,0x7,0x2f,0x9c,
0x1,0x0,0x0,0x3d,0x9d,0x1,0x0,0x0,
0x3d,0x9e,0x1,0x0,0x0,0x18,0xa,0xad,
0x9f,0x1,0x0,0x0,0x7,0x0,0x0,0x0,
0x1,0x0,0x0,0x0,0xa,0x0,0x0,0x0,
0x2f,0xa0,0x1,0x0,0x0,0x18,0x7,0x2f,
0xa1,0x1,0x0,0x0,0x3d,0xa2,0x1,0x0,
0x0,0x3d,0xa3,0x1,0x0,0x0,0x18,0xa,
0xad,0xa4,0x1,0x0,0x0,0x7,0x0,0x0,
0x0,0x1,0x0,0x0,0x0,0xa,0x0,0x0,
0x0,0x2f,0xa5,0x1,0x0,0x0,0x18,0x7,
0x2f,0xa6,0x1,0x0,0x0,0x3d,0xa7,0x1,
0x0,0x0,0x3d,0xa8,0x1,0x0,0x0,0x18,
0xa,0xad,0xa9,0x1,0x0,0x0,0x7,0x0,
0x0,0x0,0x1,0x0,0x0,0x0,0xa,0x0,
0x0,0x0,0x2f,0xaa,0x1,0x0,0x0,0x18,
0x7,0x2f,0xab,0x1,0x0,0x0,0x3d,0xac,
0x1,0x0,0x0,0x3d,0xad,0x1,0x0,0x0,
0x18,0xa,0xad,0xae,0x1,0x0,0x0,0x7,
0x0,0x0,0x0,0x1,0x0,0x0,0x0,0xa,
0x0,0x0,0x0,0x2f,0xaf,0x1,0x0,0x0,
0x18,0x7,0x2f,0xb0,0x1,0x0,0x0,0x3d,
0xb1,0x1,0x0,0x0,0x3d,0xb2,0x1,0x0,
0x0,0x18,0xa,0xad,0xb3,0x1,0x0,0x0,
0x7,0x0,0x0,0x0,0x1,0x0,0x0,0x0,
0xa,0x0,0x0,0x0,0x2f,0xb4,0x1,0x0,
0x0,0x18,0x7,0x2f,0xb5,0x1,0x0,0x0,
0x3d,0xb6,0x1,0x0,0x0,0x3d,0xb7,0x1,
0x0,0x0,0x18,0xa,0xad,0xb8,0x1,0x0,
0x0,0x7,0x0,0x0,0x0,0x1,0x0,0x0,
0x0,0xa,0x0,0x0,0x0,0x2f,0xb9,0x1,
0x0,0x0,0x18,0x7,0x2f,0xba,0x1,0x0,
0x0,0x3d,0xbb,0x1,0x0,0x0,0x3d,0xbc,
0x1,0x0,0x0,0x18,0xa,0xad,0xbd,0x1,
0x0,0x0,0x7,0x0,0x0,0x0,0x1,0x0,
0x0,0x0,0xa,0x0,0x0,0x0,0x2f,0xbe,
0x1,0x0,0x0,0x18,0x7,0x2f,0xbf,0x1,
0x0,0x0,0x3d,0xc0,0x1,0x0,0x0,0x3d,
0xc1,0x1,0x0,0x0,0x18,0xa,0xad,0xc2,
0x1,0x0,0x0,0x7,0x0,0x0,0x0,0x1,
0x0,0x0,0x0,0xa,0x0,0x0,0x0,0x2f,
0xc3,0x1,0x0,0x0,0x18,0x7,0x2f,0xc4,
0x1,0x0,0x0,0x3d,0xc5,0x1,0x0,0x0,
0x3d,0xc6,0x1,0x0,0x0,0x18,0xa,0xad,
0xc7,0x1,0x0,0x0,0x7,0x0,0x0,0x0,
0x1,0x0,0x0,0x0,0xa,0x0,0x0,0x0,
0x2f,0xc8,0x1,0x0,0x0,0x18,0x7,0x2f,
0xc9,0x1,0x0,0x0,0x3d,0xca,0x1,0x0,
0x0,0x3d,0xcb,0x1,0x0,0x0,0x18,0xa,
0xad,0xcc,0x1,0x0,0x0,0x7,0x0,0x0,
0x0,0x1,0x0,0x0,0x0,0xa,0x0,0x0,
0x0,0x2f,0xcd,0x1,0x0,0x0,0x18,0x7,
0x2f,0xce,0x1,0x0,0x0,0x3d,0xcf,0x1,
0x0,0x0,0x3d,0xd0,0x1,0x0,0x0,0x18,
0xa,0xad,0xd1,0x1,0x0,0x0,0x7,0x0,
0x0,0x0,0x1,0x0,0x0,0x0,0xa,0x0,
0x0,0x0,0x2f,0xd2,0x1,0x0,0x0,0x18,
0x7,0x2f,0xd3,0x1,0x0,0x0,0x3d,0xd4,
0x1,0x0,0x0,0x3d,0xd5,0x1,0x0,0x0,
0x18,0xa,0xad,0xd6,0x1,0x0,0x0,0x7,
0x0,0x0,0x0,0x1,0x0,0x0,0x0,0xa,
0x0,0x0,0x0,0x2f,0xd7,0x1,0x0,0x0,
0x18,0x7,0x2f,0xd8,0x1,0x0,0x0,0x3d,
0xd9,0x1,0x0,0x0,0x3d,0xda,0x1,0x0,
0x0,0x18,0xa,0xad,0xdb,0x1,0x0,0x0,
0x7,0x0,0x0,0x0,0x1,0x0,0x0,0x0,
0xa,0x0,0x0,0x0,0x2f,0xdc,0x1,0x0,
0x0,0x18,0x7,0x2f,0xdd,0x1,0x0,0x0,
0x3d,0xde,0x1,0x0,0x0,0x3d,0xdf,0x1,
0x0,0x0,0x18,0xa,0xad,0xe0,0x1,0x0,
0x0,0x7,0x0,0x0,0x0,0x1,0x0,0x0,
0x0,0xa,0x0,0x0,0x0,0x2f,0xe1,0x1,
0x0,0x0,0x18,0x7,0x2f,0xe2,0x1,0x0,
0x0,0x3d,0xe3,0x1,0x0,0x0,0x3d,0xe4,
0x1,0x0,0x0,0x18,0xa,0xad,0xe5,0x1,
0x0,0x0,0x7,0x0,0x0,0x0,0x1,0x0,
0x0,0x0,0xa,0x0,0x0,0x0,0x2f,0xe6,
0x1,0x0,0x0,0x18,0x7,0xad,0xe7,0x1,
0x0,0x0,0x7,0x0,0x0,0x0,0x0,0x0,
0x0,0x0,0x0,0x0,0x0,0x0,0x18,0x6,
0xd4,0x16,0x6,0x2,0x0,0x0,0x0,0x0,
0x0,0x0,0x0,0x0,0x0,0x0,0x0,0x0,
0x44,0x0,0x0,0x0,0x13,0x0,0x0,0x0,
0x8b,0x0,0x0,0x0,0x0,0x0,0x0,0x0,
0x38,0x0,0x0,0x0,0x0,0x0,0x0,0x0,
0x38,0x0,0x0,0x0,0x0,0x0,0x1,0x0,
0xff,0xff,0xff,0xff,0x8,0x0,0x0,0x0,
0xa5,0x1,0x90,0x0,0x0,0x0,0x0,0x0,
0x0,0x0,0x7,0x0,0x0,0x0,0x0,0x0,
0x0,0x0,0x0,0x0,0xa5,0x1,0x0,0x0,
0x1,0x0,0x0,0x0,0x2f,0xe8,0x1,0x0,
0x0,0x3d,0xe9,0x1,0x0,0x0,0x18,0x7,
0x10,0x1e,0x9e,0x7,0x18,0x6,0x2,0x0,
0x0,0x0,0x0,0x0,0x0,0x0,0x0,0x0,
0x44,0x0,0x0,0x0,0x22,0x0,0x0,0x0,
0x8e,0x0,0x0,0x0,0x0,0x0,0x0,0x0,
0x38,0x0,0x0,0x0,0x0,0x0,0x0,0x0,
0x38,0x0,0x0,0x0,0x0,0x0,0x1,0x0,
0xff,0xff,0xff,0xff,0xa,0x0,0x0,0x0,
0xdb,0x1,0x90,0x0,0x0,0x0,0x0,0x0,
0x0,0x0,0x7,0x0,0x0,0x0,0x0,0x0,
0x0,0x0,0x0,0x0,0xdb,0x1,0x0,0x0,
0x1,0x0,0x0,0x0,0x2f,0xea,0x1,0x0,
0x0,0x3d,0xeb,0x1,0x0,0x0,0x18,0x7,
0x2f,0xec,0x1,0x0,0x0,0x9e,0x7,0x18,
0x8,0x10,0x1,0x80,0x8,0x18,0x9,0x10,
0x1,0x9c,0x9,0x18,0x6,0x2,0x0,0x0,
0x0,0x0,0x0,0x0,0x0,0x0,0x0,0x0,
0x44,0x0,0x0,0x0,0x1f,0x0,0x0,0x0,
0x8f,0x0,0x0,0x0,0x0,0x0,0x0,0x0,
0x38,0x0,0x0,0x0,0x0,0x0,0x0,0x0,
0x38,0x0,0x0,0x0,0x0,0x0,0x1,0x0,
0xff,0xff,0xff,0xff,0xa,0x0,0x0,0x0,
0xdc,0x1,0x90,0x0,0x0,0x0,0x0,0x0,
0x0,0x0,0x7,0x0,0x0,0x0,0x0,0x0,
0x0,0x0,0x0,0x0,0xdc,0x1,0x0,0x0,
0x1,0x0,0x0,0x0,0x2f,0xed,0x1,0x0,
0x0,0x3d,0xee,0x1,0x0,0x0,0x18,0x7,
0x10,0x3,0x9c,0x7,0x18,0x8,0x10,0x4,
0x9e,0x8,0x18,0x9,0x10,0x5,0xa2,0x9,
0x18,0x6,0x2,0x0,0x0,0x0,0x0,0x0,
0x44,0x0,0x0,0x0,0x16,0x0,0x0,0x0,
0x90,0x0,0x0,0x0,0x0,0x0,0x0,0x0,
0x38,0x0,0x0,0x0,0x0,0x0,0x0,0x0,
0x38,0x0,0x0,0x0,0x0,0x0,0x1,0x0,
0xff,0xff,0xff,0xff,0x8,0x0,0x0,0x0,
0xdd,0x1,0x90,0x0,0x0,0x0,0x0,0x0,
0x0,0x0,0x7,0x0,0x0,0x0,0x0,0x0,
0x0,0x0,0x0,0x0,0xdd,0x1,0x0,0x0,
0x1,0x0,0x0,0x0,0x2f,0xef,0x1,0x0,
0x0,0x3d,0xf0,0x1,0x0,0x0,0x18,0x7,
0x2f,0xf1,0x1,0x0,0x0,0x9e,0x7,0x18,
0x6,0x2,0x0,0x0,0x0,0x0,0x0,0x0,
0x44,0x0,0x0,0x0,0x1c,0x0,0x0,0x0,
0xb6,0x0,0x0,0x0,0x0,0x0,0x0,0x0,
0x38,0x0,0x0,0x0,0x0,0x0,0x0,0x0,
0x38,0x0,0x0,0x0,0x0,0x0,0x1,0x0,
0xff,0xff,0xff,0xff,0x8,0x0,0x0,0x0,
0xe0,0x1,0x90,0x0,0x0,0x0,0x0,0x0,
0x0,0x0,0x7,0x0,0x0,0x0,0x0,0x0,
0x0,0x0,0x0,0x0,0xe0,0x1,0x0,0x0,
0x1,0x0,0x0,0x0,0x2f,0xf2,0x1,0x0,
0x0,0x18,0x7,0x10,0xff,0x6c,0x7,0x50,
0x7,0x13,0xa2,0x1,0x0,0x0,0x4c,0x5,
0x2f,0xf3,0x1,0x0,0x0,0x18,0x6,0x2,
0x0,0x0,0x0,0x0,0x0,0x0,0x0,0x0,
0x80,0x0,0x0,0x0,0x7b,0x0,0x0,0x0,
0xbb,0x0,0x0,0x0,0x0,0x0,0x0,0x0,
0x38,0x0,0x0,0x0,0x0,0x0,0x0,0x0,
0x38,0x0,0x0,0x0,0x0,0x0,0x6,0x0,
0xff,0xff,0xff,0xff,0xb,0x0,0x0,0x0,
0xe8,0x1,0x90,0x0,0x0,0x0,0x0,0x0,
0x0,0x0,0x7,0x0,0x0,0x0,0x0,0x0,
0x0,0x0,0x0,0x0,0xe8,0x1,0x0,0x0,
0x0,0x0,0x0,0x0,0x1,0x0,0x0,0x0,
0xe9,0x1,0x0,0x0,0x2,0x0,0x0,0x0,
0x12,0x0,0x0,0x0,0xea,0x1,0x0,0x0,
0x5,0x0,0x0,0x0,0x36,0x0,0x0,0x0,
0xec,0x1,0x0,0x0,0x6,0x0,0x0,0x0,
0x51,0x0,0x0,0x0,0xed,0x1,0x0,0x0,
0x8,0x0,0x0,0x0,0x77,0x0,0x0,0x0,
0xef,0x1,0x0,0x0,0x8,0x0,0x0,0x0,
0xca,0x2f,0xf4,0x1,0x0,0x0,0x3d,0xf5,
0x1,0x0,0x0,0x3d,0xf6,0x1,0x0,0x0,
0x50,0x24,0x2f,0xf7,0x1,0x0,0x0,0x18,
0x7,0x2f,0xf8,0x1,0x0,0x0,0x3d,0xf9,
0x1,0x0,0x0,0x18,0xa,0xad,0xfa,0x1,
0x0,0x0,0x7,0x0,0x0,0x0,0x1,0x0,
0x0,0x0,0xa,0x0,0x0,0x0,0x2f,0xfb,
0x1,0x0,0x0,0x18,0x7,0xad,0xfc,0x1,
0x0,0x0,0x7,0x0,0x0,0x0,0x0,0x0,
0x0,0x0,0x0,0x0,0x0,0x0,0x74,0x50,
0x26,0x2f,0xfd,0x1,0x0,0x0,0x18,0x7,
0x2f,0xfe,0x1,0x0,0x0,0x3d,0xff,0x1,
0x0,0x0,0x18,0xa,0xad,0x0,0x2,0x0,
0x0,0x7,0x0,0x0,0x0,0x1,0x0,0x0,
0x0,0xa,0x0,0x0,0x0,0x18,0x6,0xd4,
0x16,0x6,0x2,0x0,0x0,0x0,0x0,0x0,
0x0,0x0,0x0,0x0,0x0,0x0,0x0,0x0,
0x44,0x0,0x0,0x0,0x13,0x0,0x0,0x0,
0x8b,0x0,0x0,0x0,0x0,0x0,0x0,0x0,
0x38,0x0,0x0,0x0,0x0,0x0,0x0,0x0,
0x38,0x0,0x0,0x0,0x0,0x0,0x1,0x0,
0xff,0xff,0xff,0xff,0x8,0x0,0x0,0x0,
0xde,0x1,0x90,0x0,0x0,0x0,0x0,0x0,
0x0,0x0,0x7,0x0,0x0,0x0,0x0,0x0,
0x0,0x0,0x0,0x0,0xde,0x1,0x0,0x0,
0x1,0x0,0x0,0x0,0x2f,0x1,0x2,0x0,
0x0,0x3d,0x2,0x2,0x0,0x0,0x18,0x7,
0x10,0x23,0x9e,0x7,0x18,0x6,0x2,0x0,
0x0,0x0,0x0,0x0,0x0,0x0,0x0,0x0,
0x44,0x0,0x0,0x0,0xd,0x0,0x0,0x0,
0x9a,0x0,0x0,0x0,0x0,0x0,0x0,0x0,
0x38,0x0,0x0,0x0,0x0,0x0,0x0,0x0,
0x38,0x0,0x0,0x0,0x0,0x0,0x1,0x0,
0xff,0xff,0xff,0xff,0x7,0x0,0x0,0x0,
0xe2,0x1,0xd0,0x0,0x0,0x0,0x0,0x0,
0x0,0x0,0x7,0x0,0x0,0x0,0x0,0x0,
0x0,0x0,0x0,0x0,0xe2,0x1,0x0,0x0,
0x1,0x0,0x0,0x0,0x2f,0x3,0x2,0x0,
0x0,0x3d,0x4,0x2,0x0,0x0,0x18,0x6,
0x2,0x0,0x0,0x0,0x0,0x0,0x0,0x0,
0x44,0x0,0x0,0x0,0xd,0x0,0x0,0x0,
0xb7,0x0,0x0,0x0,0x0,0x0,0x0,0x0,
0x38,0x0,0x0,0x0,0x0,0x0,0x0,0x0,
0x38,0x0,0x0,0x0,0x0,0x0,0x1,0x0,
0xff,0xff,0xff,0xff,0x7,0x0,0x0,0x0,
0xe3,0x1,0xd0,0x0,0x0,0x0,0x0,0x0,
0x0,0x0,0x7,0x0,0x0,0x0,0x0,0x0,
0x0,0x0,0x0,0x0,0xe3,0x1,0x0,0x0,
0x1,0x0,0x0,0x0,0x2f,0x5,0x2,0x0,
0x0,0x3d,0x6,0x2,0x0,0x0,0x18,0x6,
0x2,0x0,0x0,0x0,0x0,0x0,0x0,0x0,
0x44,0x0,0x0,0x0,0xd,0x0,0x0,0x0,
0x92,0x0,0x0,0x0,0x0,0x0,0x0,0x0,
0x38,0x0,0x0,0x0,0x0,0x0,0x0,0x0,
0x38,0x0,0x0,0x0,0x0,0x0,0x1,0x0,
0xff,0xff,0xff,0xff,0x7,0x0,0x0,0x0,
0xe5,0x1,0xd0,0x0,0x0,0x0,0x0,0x0,
0x0,0x0,0x7,0x0,0x0,0x0,0x0,0x0,
0x0,0x0,0x0,0x0,0xe5,0x1,0x0,0x0,
0x1,0x0,0x0,0x0,0x2f,0x7,0x2,0x0,
0x0,0x3d,0x8,0x2,0x0,0x0,0x18,0x6,
0x2,0x0,0x0,0x0,0x0,0x0,0x0,0x0,
0x44,0x0,0x0,0x0,0x1b,0x0,0x0,0x0,
0xb9,0x0,0x0,0x0,0x0,0x0,0x0,0x0,
0x38,0x0,0x0,0x0,0x0,0x0,0x0,0x0,
0x38,0x0,0x0,0x0,0x0,0x0,0x1,0x0,
0xff,0xff,0xff,0xff,0x7,0x0,0x0,0x0,
0xe6,0x1,0xd0,0x0,0x0,0x0,0x0,0x0,
0x0,0x0,0x7,0x0,0x0,0x0,0x0,0x0,
0x0,0x0,0x0,0x0,0xe6,0x1,0x0,0x0,
0x1,0x0,0x0,0x0,0x2f,0x9,0x2,0x0,
0x0,0x3d,0xa,0x2,0x0,0x0,0x50,0x7,
0x13,0x88,0x0,0x0,0x0,0x4c,0x5,0x13,
0x3e,0x1,0x0,0x0,0x18,0x6,0x2,0x0,
0x0,0x0,0x0,0x0,0x0,0x0,0x0,0x0,
0x44,0x0,0x0,0x0,0x19,0x0,0x0,0x0,
0x95,0x0,0x0,0x0,0x0,0x0,0x0,0x0,
0x38,0x0,0x0,0x0,0x0,0x0,0x0,0x0,
0x38,0x0,0x0,0x0,0x0,0x0,0x1,0x0,
0xff,0xff,0xff,0xff,0x9,0x0,0x0,0x0,
0xf3,0x1,0x90,0x0,0x0,0x0,0x0,0x0,
0x0,0x0,0x7,0x0,0x0,0x0,0x0,0x0,
0x0,0x0,0x0,0x0,0xf3,0x1,0x0,0x0,
0x1,0x0,0x0,0x0,0x2f,0xb,0x2,0x0,
0x0,0x3d,0xc,0x2,0x0,0x0,0x18,0x7,
0x10,0x3,0x9c,0x7,0x18,0x8,0x10,0x4,
0x9e,0x8,0x18,0x6,0x2,0x0,0x0,0x0,
0x0,0x0,0x0,0x0,0x0,0x0,0x0,0x0,
0x44,0x0,0x0,0x0,0x22,0x0,0x0,0x0,
0x8e,0x0,0x0,0x0,0x0,0x0,0x0,0x0,
0x38,0x0,0x0,0x0,0x0,0x0,0x0,0x0,
0x38,0x0,0x0,0x0,0x0,0x0,0x1,0x0,
0xff,0xff,0xff,0xff,0xa,0x0,0x0,0x0,
0xf4,0x1,0x90,0x0,0x0,0x0,0x0,0x0,
0x0,0x0,0x7,0x0,0x0,0x0,0x0,0x0,
0x0,0x0,0x0,0x0,0xf4,0x1,0x0,0x0,
0x1,0x0,0x0,0x0,0x2f,0xd,0x2,0x0,
0x0,0x3d,0xe,0x2,0x0,0x0,0x18,0x7,
0x2f,0xf,0x2,0x0,0x0,0x9e,0x7,0x18,
0x8,0x10,0x1,0x80,0x8,0x18,0x9,0x10,
0x1,0x9c,0x9,0x18,0x6,0x2,0x0,0x0,
0x0,0x0,0x0,0x0,0x0,0x0,0x0,0x0,
0x44,0x0,0x0,0x0,0x19,0x0,0x0,0x0,
0x8f,0x0,0x0,0x0,0x0,0x0,0x0,0x0,
0x38,0x0,0x0,0x0,0x0,0x0,0x0,0x0,
0x38,0x0,0x0,0x0,0x0,0x0,0x1,0x0,
0xff,0xff,0xff,0xff,0x9,0x0,0x0,0x0,
0xf5,0x1,0x90,0x0,0x0,0x0,0x0,0x0,
0x0,0x0,0x7,0x0,0x0,0x0,0x0,0x0,
0x0,0x0,0x0,0x0,0xf5,0x1,0x0,0x0,
0x1,0x0,0x0,0x0,0x2f,0x10,0x2,0x0,
0x0,0x3d,0x11,0x2,0x0,0x0,0x18,0x7,
0x10,0x4,0x9e,0x7,0x18,0x8,0x10,0x5,
0xa2,0x8,0x18,0x6,0x2,0x0,0x0,0x0,
0x0,0x0,0x0,0x0,0x0,0x0,0x0,0x0,
0x44,0x0,0x0,0x0,0x16,0x0,0x0,0x0,
0x90,0x0,0x0,0x0,0x0,0x0,0x0,0x0,
0x38,0x0,0x0,0x0,0x0,0x0,0x0,0x0,
0x38,0x0,0x0,0x0,0x0,0x0,0x1,0x0,
0xff,0xff,0xff,0xff,0x8,0x0,0x0,0x0,
0xf6,0x1,0x90,0x0,0x0,0x0,0x0,0x0,
0x0,0x0,0x7,0x0,0x0,0x0,0x0,0x0,
0x0,0x0,0x0,0x0,0xf6,0x1,0x0,0x0,
0x1,0x0,0x0,0x0,0x2f,0x12,0x2,0x0,
0x0,0x3d,0x13,0x2,0x0,0x0,0x18,0x7,
0x2f,0x14,0x2,0x0,0x0,0x9e,0x7,0x18,
0x6,0x2,0x0,0x0,0x0,0x0,0x0,0x0,
0x44,0x0,0x0,0x0,0x1c,0x0,0x0,0x0,
0xb6,0x0,0x0,0x0,0x0,0x0,0x0,0x0,
0x38,0x0,0x0,0x0,0x0,0x0,0x0,0x0,
0x38,0x0,0x0,0x0,0x0,0x0,0x1,0x0,
0xff,0xff,0xff,0xff,0x8,0x0,0x0,0x0,
0xf9,0x1,0x90,0x0,0x0,0x0,0x0,0x0,
0x0,0x0,0x7,0x0,0x0,0x0,0x0,0x0,
0x0,0x0,0x0,0x0,0xf9,0x1,0x0,0x0,
0x1,0x0,0x0,0x0,0x2f,0x15,0x2,0x0,
0x0,0x18,0x7,0x10,0xff,0x6c,0x7,0x50,
0x7,0x13,0xa7,0x1,0x0,0x0,0x4c,0x5,
0x2f,0x16,0x2,0x0,0x0,0x18,0x6,0x2,
0x0,0x0,0x0,0x0,0x0,0x0,0x0,0x0,
0x50,0x0,0x0,0x0,0xc3,0x0,0x0,0x0,
0x97,0x0,0x0,0x0,0x0,0x0,0x0,0x0,
0x38,0x0,0x0,0x0,0x0,0x0,0x0,0x0,
0x38,0x0,0x0,0x0,0x0,0x0,0x2,0x0,
0xff,0xff,0xff,0xff,0x22,0x0,0x0,0x0,
0xfa,0x1,0x90,0x0,0x0,0x0,0x0,0x0,
0x0,0x0,0x7,0x0,0x0,0x0,0x0,0x0,
0x0,0x0,0x0,0x0,0xfa,0x1,0x0,0x0,
0x1,0x0,0x0,0x0,0xc2,0x0,0x0,0x0,
0x16,0x2,0x0,0x0,0x1,0x0,0x0,0x0,
0x13,0xa8,0x1,0x0,0x0,0x18,0x7,0x13,
0xa9,0x1,0x0,0x0,0x18,0x8,0x13,0xaa,
0x1,0x0,0x0,0x18,0x9,0x13,0xab,0x1,
0x0,0x0,0x18,0xa,0x13,0xac,0x1,0x0,
0x0,0x18,0xb,0x13,0xad,0x1,0x0,0x0,
0x18,0xc,0x13,0xae,0x1,0x0,0x0,0x18,
0xd,0x13,0xaf,0x1,0x0,0x0,0x18,0xe,
0x13,0xb0,0x1,0x0,0x0,0x18,0xf,0x13,
0xb1,0x1,0x0,0x0,0x18,0x10,0x13,0xb2,
0x1,0x0,0x0,0x18,0x11,0x13,0xb3,0x1,
0x0,0x0,0x18,0x12,0x13,0xb4,0x1,0x0,
0x0,0x18,0x13,0x13,0xb5,0x1,0x0,0x0,
0x18,0x14,0x13,0xb6,0x1,0x0,0x0,0x18,
0x15,0x13,0xb7,0x1,0x0,0x0,0x18,0x16,
0x13,0xb8,0x1,0x0,0x0,0x18,0x17,0x13,
0xb9,0x1,0x0,0x0,0x18,0x18,0x13,0xba,
0x1,0x0,0x0,0x18,0x19,0x13,0xbb,0x1,
0x0,0x0,0x18,0x1a,0x13,0xbc,0x1,0x0,
0x0,0x18,0x1b,0x13,0xbd,0x1,0x0,0x0,
0x18,0x1c,0x13,0xbe,0x1,0x0,0x0,0x18,
0x1d,0x13,0xbf,0x1,0x0,0x0,0x18,0x1e,
0x13,0xc0,0x1,0x0,0x0,0x18,0x1f,0x13,
0xc1,0x1,0x0,0x0,0x18,0x20,0x13,0xc2,
0x1,0x0,0x0,0x18,0x21,0xe8,0x1b,0x7,
0x18,0x6,0x2,0x0,0x0,0x0,0x0,0x0,
0x68,0x0,0x0,0x0,0x37,0x0,0x0,0x0,
0xbb,0x0,0x0,0x0,0x0,0x0,0x0,0x0,
0x38,0x0,0x0,0x0,0x0,0x0,0x0,0x0,
0x38,0x0,0x0,0x0,0x0,0x0,0x4,0x0,
0xff,0xff,0xff,0xff,0xb,0x0,0x0,0x0,
0x1e,0x2,0x90,0x0,0x0,0x0,0x0,0x0,
0x0,0x0,0x7,0x0,0x0,0x0,0x0,0x0,
0x0,0x0,0x0,0x0,0x1e,0x2,0x0,0x0,
0x0,0x0,0x0,0x0,0x1,0x0,0x0,0x0,
0x1f,0x2,0x0,0x0,0x2,0x0,0x0,0x0,
0xd,0x0,0x0,0x0,0x20,0x2,0x0,0x0,
0x4,0x0,0x0,0x0,0x33,0x0,0x0,0x0,
0x22,0x2,0x0,0x0,0x4,0x0,0x0,0x0,
0xca,0x2f,0x17,0x2,0x0,0x0,0x3d,0x18,
0x2,0x0,0x0,0x50,0x26,0x2f,0x19,0x2,
0x0,0x0,0x18,0x7,0x2f,0x1a,0x2,0x0,
0x0,0x3d,0x1b,0x2,0x0,0x0,0x18,0xa,
0xad,0x1c,0x2,0x0,0x0,0x7,0x0,0x0,
0x0,0x1,0x0,0x0,0x0,0xa,0x0,0x0,
0x0,0x18,0x6,0xd4,0x16,0x6,0x2,0x0,
0x0,0x0,0x0,0x0,0x0,0x0,0x0,0x0,
0x44,0x0,0x0,0x0,0x13,0x0,0x0,0x0,
0x8b,0x0,0x0,0x0,0x0,0x0,0x0,0x0,
0x38,0x0,0x0,0x0,0x0,0x0,0x0,0x0,
0x38,0x0,0x0,0x0,0x0,0x0,0x1,0x0,
0xff,0xff,0xff,0xff,0x8,0x0,0x0,0x0,
0xf7,0x1,0x90,0x0,0x0,0x0,0x0,0x0,
0x0,0x0,0x7,0x0,0x0,0x0,0x0,0x0,
0x0,0x0,0x0,0x0,0xf7,0x1,0x0,0x0,
0x1,0x0,0x0,0x0,0x2f,0x1d,0x2,0x0,
0x0,0x3d,0x1e,0x2,0x0,0x0,0x18,0x7,
0x10,0x23,0x9e,0x7,0x18,0x6,0x2,0x0,
0x0,0x0,0x0,0x0,0x0,0x0,0x0,0x0,
0x44,0x0,0x0,0x0,0xd,0x0,0x0,0x0,
0x9a,0x0,0x0,0x0,0x0,0x0,0x0,0x0,
0x38,0x0,0x0,0x0,0x0,0x0,0x0,0x0,
0x38,0x0,0x0,0x0,0x0,0x0,0x1,0x0,
0xff,0xff,0xff,0xff,0x7,0x0,0x0,0x0,
0x18,0x2,0xd0,0x0,0x0,0x0,0x0,0x0,
0x0,0x0,0x7,0x0,0x0,0x0,0x0,0x0,
0x0,0x0,0x0,0x0,0x18,0x2,0x0,0x0,
0x1,0x0,0x0,0x0,0x2f,0x1f,0x2,0x0,
0x0,0x3d,0x20,0x2,0x0,0x0,0x18,0x6,
0x2,0x0,0x0,0x0,0x0,0x0,0x0,0x0,
0x44,0x0,0x0,0x0,0xd,0x0,0x0,0x0,
0xb7,0x0,0x0,0x0,0x0,0x0,0x0,0x0,
0x38,0x0,0x0,0x0,0x0,0x0,0x0,0x0,
0x38,0x0,0x0,0x0,0x0,0x0,0x1,0x0,
0xff,0xff,0xff,0xff,0x7,0x0,0x0,0x0,
0x19,0x2,0xd0,0x0,0x0,0x0,0x0,0x0,
0x0,0x0,0x7,0x0,0x0,0x0,0x0,0x0,
0x0,0x0,0x0,0x0,0x19,0x2,0x0,0x0,
0x1,0x0,0x0,0x0,0x2f,0x21,0x2,0x0,
0x0,0x3d,0x22,0x2,0x0,0x0,0x18,0x6,
0x2,0x0,0x0,0x0,0x0,0x0,0x0,0x0,
0x44,0x0,0x0,0x0,0xd,0x0,0x0,0x0,
0x92,0x0,0x0,0x0,0x0,0x0,0x0,0x0,
0x38,0x0,0x0,0x0,0x0,0x0,0x0,0x0,
0x38,0x0,0x0,0x0,0x0,0x0,0x1,0x0,
0xff,0xff,0xff,0xff,0x7,0x0,0x0,0x0,
0x1b,0x2,0xd0,0x0,0x0,0x0,0x0,0x0,
0x0,0x0,0x7,0x0,0x0,0x0,0x0,0x0,
0x0,0x0,0x0,0x0,0x1b,0x2,0x0,0x0,
0x1,0x0,0x0,0x0,0x2f,0x23,0x2,0x0,
0x0,0x3d,0x24,0x2,0x0,0x0,0x18,0x6,
0x2,0x0,0x0,0x0,0x0,0x0,0x0,0x0,
0x44,0x0,0x0,0x0,0x1b,0x0,0x0,0x0,
0xb9,0x0,0x0,0x0,0x0,0x0,0x0,0x0,
0x38,0x0,0x0,0x0,0x0,0x0,0x0,0x0,
0x38,0x0,0x0,0x0,0x0,0x0,0x1,0x0,
0xff,0xff,0xff,0xff,0x7,0x0,0x0,0x0,
0x1c,0x2,0xd0,0x0,0x0,0x0,0x0,0x0,
0x0,0x0,0x7,0x0,0x0,0x0,0x0,0x0,
0x0,0x0,0x0,0x0,0x1c,0x2,0x0,0x0,
0x1,0x0,0x0,0x0,0x2f,0x25,0x2,0x0,
0x0,0x3d,0x26,0x2,0x0,0x0,0x50,0x7,
0x13,0x88,0x0,0x0,0x0,0x4c,0x5,0x13,
0x3e,0x1,0x0,0x0,0x18,0x6,0x2,0x0,
0x0,0x0,0x0,0x0,0x0,0x0,0x0,0x0,
0x44,0x0,0x0,0x0,0x19,0x0,0x0,0x0,
0x95,0x0,0x0,0x0,0x0,0x0,0x0,0x0,
0x38,0x0,0x0,0x0,0x0,0x0,0x0,0x0,
0x38,0x0,0x0,0x0,0x0,0x0,0x1,0x0,
0xff,0xff,0xff,0xff,0x9,0x0,0x0,0x0,
0x26,0x2,0x90,0x0,0x0,0x0,0x0,0x0,
0x0,0x0,0x7,0x0,0x0,0x0,0x0,0x0,
0x0,0x0,0x0,0x0,0x26,0x2,0x0,0x0,
0x1,0x0,0x0,0x0,0x2f,0x27,0x2,0x0,
0x0,0x3d,0x28,0x2,0x0,0x0,0x18,0x7,
0x10,0x3,0x9c,0x7,0x18,0x8,0x10,0x4,
0x9e,0x8,0x18,0x6,0x2,0x0,0x0,0x0,
0x0,0x0,0x0,0x0,0x0,0x0,0x0,0x0,
0x44,0x0,0x0,0x0,0x22,0x0,0x0,0x0,
0x8e,0x0,0x0,0x0,0x0,0x0,0x0,0x0,
0x38,0x0,0x0,0x0,0x0,0x0,0x0,0x0,
0x38,0x0,0x0,0x0,0x0,0x0,0x1,0x0,
0xff,0xff,0xff,0xff,0xa,0x0,0x0,0x0,
0x27,0x2,0x90,0x0,0x0,0x0,0x0,0x0,
0x0,0x0,0x7,0x0,0x0,0x0,0x0,0x0,
0x0,0x0,0x0,0x0,0x27,0x2,0x0,0x0,
0x1,0x0,0x0,0x0,0x2f,0x29,0x2,0x0,
0x0,0x3d,0x2a,0x2,0x0,0x0,0x18,0x7,
0x2f,0x2b,0x2,0x0,0x0,0x9e,0x7,0x18,
0x8,0x10,0x1,0x80,0x8,0x18,0x9,0x10,
0x1,0x9c,0x9,0x18,0x6,0x2,0x0,0x0,
0x0,0x0,0x0,0x0,0x0,0x0,0x0,0x0,
0x44,0x0,0x0,0x0,0x19,0x0,0x0,0x0,
0x8f,0x0,0x0,0x0,0x0,0x0,0x0,0x0,
0x38,0x0,0x0,0x0,0x0,0x0,0x0,0x0,
0x38,0x0,0x0,0x0,0x0,0x0,0x1,0x0,
0xff,0xff,0xff,0xff,0x9,0x0,0x0,0x0,
0x28,0x2,0x90,0x0,0x0,0x0,0x0,0x0,
0x0,0x0,0x7,0x0,0x0,0x0,0x0,0x0,
0x0,0x0,0x0,0x0,0x28,0x2,0x0,0x0,
0x1,0x0,0x0,0x0,0x2f,0x2c,0x2,0x0,
0x0,0x3d,0x2d,0x2,0x0,0x0,0x18,0x7,
0x10,0x4,0x9e,0x7,0x18,0x8,0x10,0x5,
0xa2,0x8,0x18,0x6,0x2,0x0,0x0,0x0,
0x0,0x0,0x0,0x0,0x0,0x0,0x0,0x0,
0x44,0x0,0x0,0x0,0x16,0x0,0x0,0x0,
0x90,0x0,0x0,0x0,0x0,0x0,0x0,0x0,
0x38,0x0,0x0,0x0,0x0,0x0,0x0,0x0,
0x38,0x0,0x0,0x0,0x0,0x0,0x1,0x0,
0xff,0xff,0xff,0xff,0x8,0x0,0x0,0x0,
0x29,0x2,0x90,0x0,0x0,0x0,0x0,0x0,
0x0,0x0,0x7,0x0,0x0,0x0,0x0,0x0,
0x0,0x0,0x0,0x0,0x29,0x2,0x0,0x0,
0x1,0x0,0x0,0x0,0x2f,0x2e,0x2,0x0,
0x0,0x3d,0x2f,0x2,0x0,0x0,0x18,0x7,
0x2f,0x30,0x2,0x0,0x0,0x9e,0x7,0x18,
0x6,0x2,0x0,0x0,0x0,0x0,0x0,0x0,
0x5c,0x0,0x0,0x0,0x2b,0x0,0x0,0x0,
0xa7,0x0,0x0,0x0,0x0,0x0,0x0,0x0,
0x38,0x0,0x0,0x0,0x0,0x0,0x0,0x0,
0x38,0x0,0x0,0x0,0x0,0x0,0x3,0x0,
0xff,0xff,0xff,0xff,0xb,0x0,0x0,0x0,
0x2b,0x2,0x90,0x0,0x0,0x0,0x0,0x0,
0x0,0x0,0x7,0x0,0x0,0x0,0x0,0x0,
0x0,0x0,0x0,0x0,0x2b,0x2,0x0,0x0,
0x0,0x0,0x0,0x0,0x1,0x0,0x0,0x0,
0x2c,0x2,0x0,0x0,0x2,0x0,0x0,0x0,
0x27,0x0,0x0,0x0,0x2e,0x2,0x0,0x0,
0x2,0x0,0x0,0x0,0xca,0x2f,0x31,0x2,
0x0,0x0,0x18,0x7,0x2f,0x32,0x2,0x0,
0x0,0x3d,0x33,0x2,0x0,0x0,0x18,0xa,
0xad,0x34,0x2,0x0,0x0,0x7,0x0,0x0,
0x0,0x1,0x0,0x0,0x0,0xa,0x0,0x0,
0x0,0x18,0x6,0xd4,0x16,0x6,0x2,0x0,
0x0,0x0,0x0,0x0,0x0,0x0,0x0,0x0,
0x44,0x0,0x0,0x0,0x22,0x0,0x0,0x0,
0x8e,0x0,0x0,0x0,0x0,0x0,0x0,0x0,
0x38,0x0,0x0,0x0,0x0,0x0,0x0,0x0,
0x38,0x0,0x0,0x0,0x0,0x0,0x1,0x0,
0xff,0xff,0xff,0xff,0xa,0x0,0x0,0x0,
0x34,0x2,0x90,0x0,0x0,0x0,0x0,0x0,
0x0,0x0,0x7,0x0,0x0,0x0,0x0,0x0,
0x0,0x0,0x0,0x0,0x34,0x2,0x0,0x0,
0x1,0x0,0x0,0x0,0x2f,0x35,0x2,0x0,
0x0,0x3d,0x36,0x2,0x0,0x0,0x18,0x7,
0x2f,0x37,0x2,0x0,0x0,0x9e,0x7,0x18,
0x8,0x10,0x1,0x80,0x8,0x18,0x9,0x10,
0x3,0x9c,0x9,0x18,0x6,0x2,0x0,0x0,
0x0,0x0,0x0,0x0,0x0,0x0,0x0,0x0,
0x44,0x0,0x0,0x0,0x13,0x0,0x0,0x0,
0x8f,0x0,0x0,0x0,0x0,0x0,0x0,0x0,
0x38,0x0,0x0,0x0,0x0,0x0,0x0,0x0,
0x38,0x0,0x0,0x0,0x0,0x0,0x1,0x0,
0xff,0xff,0xff,0xff,0x8,0x0,0x0,0x0,
0x35,0x2,0x90,0x0,0x0,0x0,0x0,0x0,
0x0,0x0,0x7,0x0,0x0,0x0,0x0,0x0,
0x0,0x0,0x0,0x0,0x35,0x2,0x0,0x0,
0x1,0x0,0x0,0x0,0x2f,0x38,0x2,0x0,
0x0,0x3d,0x39,0x2,0x0,0x0,0x18,0x7,
0x10,0x5,0x9e,0x7,0x18,0x6,0x2,0x0,
0x0,0x0,0x0,0x0,0x0,0x0,0x0,0x0,
0x44,0x0,0x0,0x0,0x16,0x0,0x0,0x0,
0x90,0x0,0x0,0x0,0x0,0x0,0x0,0x0,
0x38,0x0,0x0,0x0,0x0,0x0,0x0,0x0,
0x38,0x0,0x0,0x0,0x0,0x0,0x1,0x0,
0xff,0xff,0xff,0xff,0x8,0x0,0x0,0x0,
0x36,0x2,0x90,0x0,0x0,0x0,0x0,0x0,
0x0,0x0,0x7,0x0,0x0,0x0,0x0,0x0,
0x0,0x0,0x0,0x0,0x36,0x2,0x0,0x0,
0x1,0x0,0x0,0x0,0x2f,0x3a,0x2,0x0,
0x0,0x3d,0x3b,0x2,0x0,0x0,0x18,0x7,
0x2f,0x3c,0x2,0x0,0x0,0x9e,0x7,0x18,
0x6,0x2,0x0,0x0,0x0,0x0,0x0,0x0,
0x44,0x0,0x0,0x0,0xd,0x0,0x0,0x0,
0x92,0x0,0x0,0x0,0x0,0x0,0x0,0x0,
0x38,0x0,0x0,0x0,0x0,0x0,0x0,0x0,
0x38,0x0,0x0,0x0,0x0,0x0,0x1,0x0,
0xff,0xff,0xff,0xff,0x7,0x0,0x0,0x0,
0x3a,0x2,0x90,0x0,0x0,0x0,0x0,0x0,
0x0,0x0,0x7,0x0,0x0,0x0,0x0,0x0,
0x0,0x0,0x0,0x0,0x3a,0x2,0x0,0x0,
0x1,0x0,0x0,0x0,0x2f,0x3d,0x2,0x0,
0x0,0x3d,0x3e,0x2,0x0,0x0,0x18,0x6,
0x2,0x0,0x0,0x0,0x0,0x0,0x0,0x0,
0x44,0x0,0x0,0x0,0x13,0x0,0x0,0x0,
0x8b,0x0,0x0,0x0,0x0,0x0,0x0,0x0,
0x38,0x0,0x0,0x0,0x0,0x0,0x0,0x0,
0x38,0x0,0x0,0x0,0x0,0x0,0x1,0x0,
0xff,0xff,0xff,0xff,0x8,0x0,0x0,0x0,
0x39,0x2,0x90,0x0,0x0,0x0,0x0,0x0,
0x0,0x0,0x7,0x0,0x0,0x0,0x0,0x0,
0x0,0x0,0x0,0x0,0x39,0x2,0x0,0x0,
0x1,0x0,0x0,0x0,0x2f,0x3f,0x2,0x0,
0x0,0x3d,0x40,0x2,0x0,0x0,0x18,0x7,
0x10,0x1e,0x9e,0x7,0x18,0x6,0x2,0x0,
0x0,0x0,0x0,0x0,0x0,0x0,0x0,0x0,
0x44,0x0,0x0,0x0,0x13,0x0,0x0,0x0,
0x95,0x0,0x0,0x0,0x0,0x0,0x0,0x0,
0x38,0x0,0x0,0x0,0x0,0x0,0x0,0x0,
0x38,0x0,0x0,0x0,0x0,0x0,0x1,0x0,
0xff,0xff,0xff,0xff,0x8,0x0,0x0,0x0,
0x3f,0x2,0x90,0x0,0x0,0x0,0x0,0x0,
0x0,0x0,0x7,0x0,0x0,0x0,0x0,0x0,
0x0,0x0,0x0,0x0,0x3f,0x2,0x0,0x0,
0x1,0x0,0x0,0x0,0x2f,0x41,0x2,0x0,
0x0,0x3d,0x42,0x2,0x0,0x0,0x18,0x7,
0x10,0x4,0x9e,0x7,0x18,0x6,0x2,0x0,
0x0,0x0,0x0,0x0,0x0,0x0,0x0,0x0,
0x44,0x0,0x0,0x0,0x22,0x0,0x0,0x0,
0x8e,0x0,0x0,0x0,0x0,0x0,0x0,0x0,
0x38,0x0,0x0,0x0,0x0,0x0,0x0,0x0,
0x38,0x0,0x0,0x0,0x0,0x0,0x1,0x0,
0xff,0xff,0xff,0xff,0xa,0x0,0x0,0x0,
0x40,0x2,0x90,0x0,0x0,0x0,0x0,0x0,
0x0,0x0,0x7,0x0,0x0,0x0,0x0,0x0,
0x0,0x0,0x0,0x0,0x40,0x2,0x0,0x0,
0x1,0x0,0x0,0x0,0x2f,0x43,0x2,0x0,
0x0,0x3d,0x44,0x2,0x0,0x0,0x18,0x7,
0x2f,0x45,0x2,0x0,0x0,0x9e,0x7,0x18,
0x8,0x10,0x1,0x80,0x8,0x18,0x9,0x10,
0x3,0x9c,0x9,0x18,0x6,0x2,0x0,0x0,
0x0,0x0,0x0,0x0,0x0,0x0,0x0,0x0,
0x44,0x0,0x0,0x0,0x1f,0x0,0x0,0x0,
0x8f,0x0,0x0,0x0,0x0,0x0,0x0,0x0,
0x38,0x0,0x0,0x0,0x0,0x0,0x0,0x0,
0x38,0x0,0x0,0x0,0x0,0x0,0x1,0x0,
0xff,0xff,0xff,0xff,0xa,0x0,0x0,0x0,
0x41,0x2,0x90,0x0,0x0,0x0,0x0,0x0,
0x0,0x0,0x7,0x0,0x0,0x0,0x0,0x0,
0x0,0x0,0x0,0x0,0x41,0x2,0x0,0x0,
0x1,0x0,0x0,0x0,0x2f,0x46,0x2,0x0,
0x0,0x3d,0x47,0x2,0x0,0x0,0x18,0x7,
0x10,0x3,0x9c,0x7,0x18,0x8,0x10,0x8,
0x9e,0x8,0x18,0x9,0x10,0x4,0xa2,0x9,
0x18,0x6,0x2,0x0,0x0,0x0,0x0,0x0,
0x44,0x0,0x0,0x0,0x16,0x0,0x0,0x0,
0x90,0x0,0x0,0x0,0x0,0x0,0x0,0x0,
0x38,0x0,0x0,0x0,0x0,0x0,0x0,0x0,
0x38,0x0,0x0,0x0,0x0,0x0,0x1,0x0,
0xff,0xff,0xff,0xff,0x8,0x0,0x0,0x0,
0x42,0x2,0x90,0x0,0x0,0x0,0x0,0x0,
0x0,0x0,0x7,0x0,0x0,0x0,0x0,0x0,
0x0,0x0,0x0,0x0,0x42,0x2,0x0,0x0,
0x1,0x0,0x0,0x0,0x2f,0x48,0x2,0x0,
0x0,0x3d,0x49,0x2,0x0,0x0,0x18,0x7,
0x2f,0x4a,0x2,0x0,0x0,0x9e,0x7,0x18,
0x6,0x2,0x0,0x0,0x0,0x0,0x0,0x0,
0x44,0x0,0x0,0x0,0x13,0x0,0x0,0x0,
0x8b,0x0,0x0,0x0,0x0,0x0,0x0,0x0,
0x38,0x0,0x0,0x0,0x0,0x0,0x0,0x0,
0x38,0x0,0x0,0x0,0x0,0x0,0x1,0x0,
0xff,0xff,0xff,0xff,0x8,0x0,0x0,0x0,
0x43,0x2,0x90,0x0,0x0,0x0,0x0,0x0,
0x0,0x0,0x7,0x0,0x0,0x0,0x0,0x0,
0x0,0x0,0x0,0x0,0x43,0x2,0x0,0x0,
0x1,0x0,0x0,0x0,0x2f,0x4b,0x2,0x0,
0x0,0x3d,0x4c,0x2,0x0,0x0,0x18,0x7,
0x10,0x23,0x9e,0x7,0x18,0x6,0x2,0x0,
0x0,0x0,0x0,0x0,0x0,0x0,0x0,0x0,
0x44,0x0,0x0,0x0,0x19,0x0,0x0,0x0,
0x95,0x0,0x0,0x0,0x0,0x0,0x0,0x0,
0x38,0x0,0x0,0x0,0x0,0x0,0x0,0x0,
0x38,0x0,0x0,0x0,0x0,0x0,0x1,0x0,
0xff,0xff,0xff,0xff,0x9,0x0,0x0,0x0,
0x49,0x2,0x90,0x0,0x0,0x0,0x0,0x0,
0x0,0x0,0x7,0x0,0x0,0x0,0x0,0x0,
0x0,0x0,0x0,0x0,0x49,0x2,0x0,0x0,
0x1,0x0,0x0,0x0,0x2f,0x4d,0x2,0x0,
0x0,0x3d,0x4e,0x2,0x0,0x0,0x18,0x7,
0x10,0x5,0x9c,0x7,0x18,0x8,0x10,0x8,
0x9e,0x8,0x18,0x6,0x2,0x0,0x0,0x0,
0x0,0x0,0x0,0x0,0x0,0x0,0x0,0x0,
0x44,0x0,0x0,0x0,0x22,0x0,0x0,0x0,
0x8e,0x0,0x0,0x0,0x0,0x0,0x0,0x0,
0x38,0x0,0x0,0x0,0x0,0x0,0x0,0x0,
0x38,0x0,0x0,0x0,0x0,0x0,0x1,0x0,
0xff,0xff,0xff,0xff,0xa,0x0,0x0,0x0,
0x4a,0x2,0x90,0x0,0x0,0x0,0x0,0x0,
0x0,0x0,0x7,0x0,0x0,0x0,0x0,0x0,
0x0,0x0,0x0,0x0,0x4a,0x2,0x0,0x0,
0x1,0x0,0x0,0x0,0x2f,0x4f,0x2,0x0,
0x0,0x3d,0x50,0x2,0x0,0x0,0x18,0x7,
0x2f,0x51,0x2,0x0,0x0,0x9e,0x7,0x18,
0x8,0x10,0x1,0x80,0x8,0x18,0x9,0x10,
0x3,0x9c,0x9,0x18,0x6,0x2,0x0,0x0,
0x0,0x0,0x0,0x0,0x0,0x0,0x0,0x0,
0x44,0x0,0x0,0x0,0x1f,0x0,0x0,0x0,
0x8f,0x0,0x0,0x0,0x0,0x0,0x0,0x0,
0x38,0x0,0x0,0x0,0x0,0x0,0x0,0x0,
0x38,0x0,0x0,0x0,0x0,0x0,0x1,0x0,
0xff,0xff,0xff,0xff,0xa,0x0,0x0,0x0,
0x4b,0x2,0x90,0x0,0x0,0x0,0x0,0x0,
0x0,0x0,0x7,0x0,0x0,0x0,0x0,0x0,
0x0,0x0,0x0,0x0,0x4b,0x2,0x0,0x0,
0x1,0x0,0x0,0x0,0x2f,0x52,0x2,0x0,
0x0,0x3d,0x53,0x2,0x0,0x0,0x18,0x7,
0x10,0x3,0x9c,0x7,0x18,0x8,0x10,0x8,
0x9e,0x8,0x18,0x9,0x10,0x5,0xa2,0x9,
0x18,0x6,0x2,0x0,0x0,0x0,0x0,0x0,
0x44,0x0,0x0,0x0,0x16,0x0,0x0,0x0,
0x90,0x0,0x0,0x0,0x0,0x0,0x0,0x0,
0x38,0x0,0x0,0x0,0x0,0x0,0x0,0x0,
0x38,0x0,0x0,0x0,0x0,0x0,0x1,0x0,
0xff,0xff,0xff,0xff,0x8,0x0,0x0,0x0,
0x4c,0x2,0x90,0x0,0x0,0x0,0x0,0x0,
0x0,0x0,0x7,0x0,0x0,0x0,0x0,0x0,
0x0,0x0,0x0,0x0,0x4c,0x2,0x0,0x0,
0x1,0x0,0x0,0x0,0x2f,0x54,0x2,0x0,
0x0,0x3d,0x55,0x2,0x0,0x0,0x18,0x7,
0x2f,0x56,0x2,0x0,0x0,0x9e,0x7,0x18,
0x6,0x2,0x0,0x0,0x0,0x0,0x0,0x0,
0x5c,0x0,0x0,0x0,0x2b,0x0,0x0,0x0,
0xa7,0x0,0x0,0x0,0x0,0x0,0x0,0x0,
0x38,0x0,0x0,0x0,0x0,0x0,0x0,0x0,
0x38,0x0,0x0,0x0,0x0,0x0,0x3,0x0,
0xff,0xff,0xff,0xff,0xb,0x0,0x0,0x0,
0x4f,0x2,0x90,0x0,0x0,0x0,0x0,0x0,
0x0,0x0,0x7,0x0,0x0,0x0,0x0,0x0,
0x0,0x0,0x0,0x0,0x4f,0x2,0x0,0x0,
0x0,0x0,0x0,0x0,0x1,0x0,0x0,0x0,
0x50,0x2,0x0,0x0,0x2,0x0,0x0,0x0,
0x27,0x0,0x0,0x0,0x51,0x2,0x0,0x0,
0x2,0x0,0x0,0x0,0xca,0x2f,0x57,0x2,
0x0,0x0,0x18,0x7,0x2f,0x58,0x2,0x0,
0x0,0x3d,0x59,0x2,0x0,0x0,0x18,0xa,
0xad,0x5a,0x2,0x0,0x0,0x7,0x0,0x0,
0x0,0x1,0x0,0x0,0x0,0xa,0x0,0x0,
0x0,0x18,0x6,0xd4,0x16,0x6,0x2,0x0,
0x0,0x0,0x0,0x0,0x0,0x0,0x0,0x0,
0x44,0x0,0x0,0x0,0x13,0x0,0x0,0x0,
0x8b,0x0,0x0,0x0,0x0,0x0,0x0,0x0,
0x38,0x0,0x0,0x0,0x0,0x0,0x0,0x0,
0x38,0x0,0x0,0x0,0x0,0x0,0x1,0x0,
0xff,0xff,0xff,0xff,0x8,0x0,0x0,0x0,
0x4e,0x2,0x90,0x0,0x0,0x0,0x0,0x0,
0x0,0x0,0x7,0x0,0x0,0x0,0x0,0x0,
0x0,0x0,0x0,0x0,0x4e,0x2,0x0,0x0,
0x1,0x0,0x0,0x0,0x2f,0x5b,0x2,0x0,
0x0,0x3d,0x5c,0x2,0x0,0x0,0x18,0x7,
0x10,0x1e,0x9e,0x7,0x18,0x6,0x2,0x0,
0x0,0x0,0x0,0x0,0x0,0x0,0x0,0x0,
0x44,0x0,0x0,0x0,0x22,0x0,0x0,0x0,
0x8e,0x0,0x0,0x0,0x0,0x0,0x0,0x0,
0x38,0x0,0x0,0x0,0x0,0x0,0x0,0x0,
0x38,0x0,0x0,0x0,0x0,0x0,0x1,0x0,
0xff,0xff,0xff,0xff,0xa,0x0,0x0,0x0,
0x57,0x2,0x90,0x0,0x0,0x0,0x0,0x0,
0x0,0x0,0x7,0x0,0x0,0x0,0x0,0x0,
0x0,0x0,0x0,0x0,0x57,0x2,0x0,0x0,
0x1,0x0,0x0,0x0,0x2f,0x5d,0x2,0x0,
0x0,0x3d,0x5e,0x2,0x0,0x0,0x18,0x7,
0x2f,0x5f,0x2,0x0,0x0,0x9e,0x7,0x18,
0x8,0x10,0x1,0x80,0x8,0x18,0x9,0x10,
0x2,0x9c,0x9,0x18,0x6,0x2,0x0,0x0,
0x0,0x0,0x0,0x0,0x0,0x0,0x0,0x0,
0x44,0x0,0x0,0x0,0x13,0x0,0x0,0x0,
0x8f,0x0,0x0,0x0,0x0,0x0,0x0,0x0,
0x38,0x0,0x0,0x0,0x0,0x0,0x0,0x0,
0x38,0x0,0x0,0x0,0x0,0x0,0x1,0x0,
0xff,0xff,0xff,0xff,0x8,0x0,0x0,0x0,
0x58,0x2,0x90,0x0,0x0,0x0,0x0,0x0,
0x0,0x0,0x7,0x0,0x0,0x0,0x0,0x0,
0x0,0x0,0x0,0x0,0x58,0x2,0x0,0x0,
0x1,0x0,0x0,0x0,0x2f,0x60,0x2,0x0,
0x0,0x3d,0x61,0x2,0x0,0x0,0x18,0x7,
0x10,0x5,0x9e,0x7,0x18,0x6,0x2,0x0,
0x0,0x0,0x0,0x0,0x0,0x0,0x0,0x0,
0x44,0x0,0x0,0x0,0x16,0x0,0x0,0x0,
0x90,0x0,0x0,0x0,0x0,0x0,0x0,0x0,
0x38,0x0,0x0,0x0,0x0,0x0,0x0,0x0,
0x38,0x0,0x0,0x0,0x0,0x0,0x1,0x0,
0xff,0xff,0xff,0xff,0x8,0x0,0x0,0x0,
0x59,0x2,0x90,0x0,0x0,0x0,0x0,0x0,
0x0,0x0,0x7,0x0,0x0,0x0,0x0,0x0,
0x0,0x0,0x0,0x0,0x59,0x2,0x0,0x0,
0x1,0x0,0x0,0x0,0x2f,0x62,0x2,0x0,
0x0,0x3d,0x63,0x2,0x0,0x0,0x18,0x7,
0x2f,0x64,0x2,0x0,0x0,0x9e,0x7,0x18,
0x6,0x2,0x0,0x0,0x0,0x0,0x0,0x0,
0x44,0x0,0x0,0x0,0xd,0x0,0x0,0x0,
0x92,0x0,0x0,0x0,0x0,0x0,0x0,0x0,
0x38,0x0,0x0,0x0,0x0,0x0,0x0,0x0,
0x38,0x0,0x0,0x0,0x0,0x0,0x1,0x0,
0xff,0xff,0xff,0xff,0x7,0x0,0x0,0x0,
0x5d,0x2,0x90,0x0,0x0,0x0,0x0,0x0,
0x0,0x0,0x7,0x0,0x0,0x0,0x0,0x0,
0x0,0x0,0x0,0x0,0x5d,0x2,0x0,0x0,
0x1,0x0,0x0,0x0,0x2f,0x65,0x2,0x0,
0x0,0x3d,0x66,0x2,0x0,0x0,0x18,0x6,
0x2,0x0,0x0,0x0,0x0,0x0,0x0,0x0,
0x44,0x0,0x0,0x0,0x13,0x0,0x0,0x0,
0x8b,0x0,0x0,0x0,0x0,0x0,0x0,0x0,
0x38,0x0,0x0,0x0,0x0,0x0,0x0,0x0,
0x38,0x0,0x0,0x0,0x0,0x0,0x1,0x0,
0xff,0xff,0xff,0xff,0x8,0x0,0x0,0x0,
0x5c,0x2,0x90,0x0,0x0,0x0,0x0,0x0,
0x0,0x0,0x7,0x0,0x0,0x0,0x0,0x0,
0x0,0x0,0x0,0x0,0x5c,0x2,0x0,0x0,
0x1,0x0,0x0,0x0,0x2f,0x67,0x2,0x0,
0x0,0x3d,0x68,0x2,0x0,0x0,0x18,0x7,
0x10,0x1e,0x9e,0x7,0x18,0x6,0x2,0x0,
0x0,0x0,0x0,0x0,0x0,0x0,0x0,0x0,
0x44,0x0,0x0,0x0,0x13,0x0,0x0,0x0,
0x95,0x0,0x0,0x0,0x0,0x0,0x0,0x0,
0x38,0x0,0x0,0x0,0x0,0x0,0x0,0x0,
0x38,0x0,0x0,0x0,0x0,0x0,0x1,0x0,
0xff,0xff,0xff,0xff,0x8,0x0,0x0,0x0,
0x63,0x2,0x90,0x0,0x0,0x0,0x0,0x0,
0x0,0x0,0x7,0x0,0x0,0x0,0x0,0x0,
0x0,0x0,0x0,0x0,0x63,0x2,0x0,0x0,
0x1,0x0,0x0,0x0,0x2f,0x69,0x2,0x0,
0x0,0x3d,0x6a,0x2,0x0,0x0,0x18,0x7,
0x10,0x5,0x9e,0x7,0x18,0x6,0x2,0x0,
0x0,0x0,0x0,0x0,0x0,0x0,0x0,0x0,
0x44,0x0,0x0,0x0,0x22,0x0,0x0,0x0,
0x8e,0x0,0x0,0x0,0x0,0x0,0x0,0x0,
0x38,0x0,0x0,0x0,0x0,0x0,0x0,0x0,
0x38,0x0,0x0,0x0,0x0,0x0,0x1,0x0,
0xff,0xff,0xff,0xff,0xa,0x0,0x0,0x0,
0x64,0x2,0x90,0x0,0x0,0x0,0x0,0x0,
0x0,0x0,0x7,0x0,0x0,0x0,0x0,0x0,
0x0,0x0,0x0,0x0,0x64,0x2,0x0,0x0,
0x1,0x0,0x0,0x0,0x2f,0x6b,0x2,0x0,
0x0,0x3d,0x6c,0x2,0x0,0x0,0x18,0x7,
0x2f,0x6d,0x2,0x0,0x0,0x9e,0x7,0x18,
0x8,0x10,0x1,0x80,0x8,0x18,0x9,0x10,
0x2,0x9c,0x9,0x18,0x6,0x2,0x0,0x0,
0x0,0x0,0x0,0x0,0x0,0x0,0x0,0x0,
0x44,0x0,0x0,0x0,0x13,0x0,0x0,0x0,
0x8f,0x0,0x0,0x0,0x0,0x0,0x0,0x0,
0x38,0x0,0x0,0x0,0x0,0x0,0x0,0x0,
0x38,0x0,0x0,0x0,0x0,0x0,0x1,0x0,
0xff,0xff,0xff,0xff,0x8,0x0,0x0,0x0,
0x65,0x2,0x90,0x0,0x0,0x0,0x0,0x0,
0x0,0x0,0x7,0x0,0x0,0x0,0x0,0x0,
0x0,0x0,0x0,0x0,0x65,0x2,0x0,0x0,
0x1,0x0,0x0,0x0,0x2f,0x6e,0x2,0x0,
0x0,0x3d,0x6f,0x2,0x0,0x0,0x18,0x7,
0x10,0x5,0x9e,0x7,0x18,0x6,0x2,0x0,
0x0,0x0,0x0,0x0,0x0,0x0,0x0,0x0,
0x44,0x0,0x0,0x0,0x16,0x0,0x0,0x0,
0x90,0x0,0x0,0x0,0x0,0x0,0x0,0x0,
0x38,0x0,0x0,0x0,0x0,0x0,0x0,0x0,
0x38,0x0,0x0,0x0,0x0,0x0,0x1,0x0,
0xff,0xff,0xff,0xff,0x8,0x0,0x0,0x0,
0x66,0x2,0x90,0x0,0x0,0x0,0x0,0x0,
0x0,0x0,0x7,0x0,0x0,0x0,0x0,0x0,
0x0,0x0,0x0,0x0,0x66,0x2,0x0,0x0,
0x1,0x0,0x0,0x0,0x2f,0x70,0x2,0x0,
0x0,0x3d,0x71,0x2,0x0,0x0,0x18,0x7,
0x2f,0x72,0x2,0x0,0x0,0x9e,0x7,0x18,
0x6,0x2,0x0,0x0,0x0,0x0,0x0,0x0,
0x80,0x0,0x0,0x0,0x7c,0x0,0x0,0x0,
0xc7,0x0,0x0,0x0,0x0,0x0,0x0,0x0,
0x38,0x0,0x0,0x0,0x0,0x0,0x0,0x0,
0x38,0x0,0x0,0x0,0x0,0x0,0x6,0x0,
0xff,0xff,0xff,0xff,0xc,0x0,0x0,0x0,
0x6b,0x2,0x90,0x0,0x0,0x0,0x0,0x0,
0x0,0x0,0x7,0x0,0x0,0x0,0x0,0x0,
0x0,0x0,0x0,0x0,0x6b,0x2,0x0,0x0,
0x0,0x0,0x0,0x0,0x1,0x0,0x0,0x0,
0x6c,0x2,0x0,0x0,0x3,0x0,0x0,0x0,
0x25,0x0,0x0,0x0,0x6d,0x2,0x0,0x0,
0x5,0x0,0x0,0x0,0x50,0x0,0x0,0x0,
0x6e,0x2,0x0,0x0,0x7,0x0,0x0,0x0,
0x69,0x0,0x0,0x0,0x70,0x2,0x0,0x0,
0x8,0x0,0x0,0x0,0x78,0x0,0x0,0x0,
0x71,0x2,0x0,0x0,0x8,0x0,0x0,0x0,
0xca,0x2f,0x73,0x2,0x0,0x0,0x18,0x7,
0x2f,0x74,0x2,0x0,0x0,0x3d,0x75,0x2,
0x0,0x0,0x18,0xa,0xad,0x76,0x2,0x0,
0x0,0x7,0x0,0x0,0x0,0x1,0x0,0x0,
0x0,0xa,0x0,0x0,0x0,0x2f,0x77,0x2,
0x0,0x0,0x18,0x7,0x13,0xc4,0x1,0x0,
0x0,0x18,0xa,0x2f,0x78,0x2,0x0,0x0,
0x3d,0x79,0x2,0x0,0x0,0x18,0xb,0xad,
0x7a,0x2,0x0,0x0,0x7,0x0,0x0,0x0,
0x2,0x0,0x0,0x0,0xa,0x0,0x0,0x0,
0x2f,0x7b,0x2,0x0,0x0,0x3d,0x7c,0x2,
0x0,0x0,0x18,0x9,0xb5,0x7d,0x2,0x0,
0x0,0x1,0x0,0x0,0x0,0x9,0x0,0x0,
0x0,0xb5,0x7e,0x2,0x0,0x0,0x0,0x0,
0x0,0x0,0x0,0x0,0x0,0x0,0x18,0x6,
0xd4,0x16,0x6,0x2,0x0,0x0,0x0,0x0,
0x0,0x0,0x0,0x0,0x0,0x0,0x0,0x0,
0x44,0x0,0x0,0x0,0x13,0x0,0x0,0x0,
0x8b,0x0,0x0,0x0,0x0,0x0,0x0,0x0,
0x38,0x0,0x0,0x0,0x0,0x0,0x0,0x0,
0x38,0x0,0x0,0x0,0x0,0x0,0x1,0x0,
0xff,0xff,0xff,0xff,0x8,0x0,0x0,0x0,
0x67,0x2,0x90,0x0,0x0,0x0,0x0,0x0,
0x0,0x0,0x7,0x0,0x0,0x0,0x0,0x0,
0x0,0x0,0x0,0x0,0x67,0x2,0x0,0x0,
0x1,0x0,0x0,0x0,0x2f,0x7f,0x2,0x0,
0x0,0x3d,0x80,0x2,0x0,0x0,0x18,0x7,
0x10,0x23,0x9e,0x7,0x18,0x6,0x2,0x0,
0x0,0x0,0x0,0x0,0x0,0x0,0x0,0x0,
0x44,0x0,0x0,0x0,0x13,0x0,0x0,0x0,
0x95,0x0,0x0,0x0,0x0,0x0,0x0,0x0,
0x38,0x0,0x0,0x0,0x0,0x0,0x0,0x0,
0x38,0x0,0x0,0x0,0x0,0x0,0x1,0x0,
0xff,0xff,0xff,0xff,0x8,0x0,0x0,0x0,
0x77,0x2,0x90,0x0,0x0,0x0,0x0,0x0,
0x0,0x0,0x7,0x0,0x0,0x0,0x0,0x0,
0x0,0x0,0x0,0x0,0x77,0x2,0x0,0x0,
0x1,0x0,0x0,0x0,0x2f,0x81,0x2,0x0,
0x0,0x3d,0x82,0x2,0x0,0x0,0x18,0x7,
0x10,0x5,0x9e,0x7,0x18,0x6,0x2,0x0,
0x0,0x0,0x0,0x0,0x0,0x0,0x0,0x0,
0x44,0x0,0x0,0x0,0x22,0x0,0x0,0x0,
0x8e,0x0,0x0,0x0,0x0,0x0,0x0,0x0,
0x38,0x0,0x0,0x0,0x0,0x0,0x0,0x0,
0x38,0x0,0x0,0x0,0x0,0x0,0x1,0x0,
0xff,0xff,0xff,0xff,0xa,0x0,0x0,0x0,
0x78,0x2,0x90,0x0,0x0,0x0,0x0,0x0,
0x0,0x0,0x7,0x0,0x0,0x0,0x0,0x0,
0x0,0x0,0x0,0x0,0x78,0x2,0x0,0x0,
0x1,0x0,0x0,0x0,0x2f,0x83,0x2,0x0,
0x0,0x3d,0x84,0x2,0x0,0x0,0x18,0x7,
0x2f,0x85,0x2,0x0,0x0,0x9e,0x7,0x18,
0x8,0x10,0x1,0x80,0x8,0x18,0x9,0x10,
0x2,0x9c,0x9,0x18,0x6,0x2,0x0,0x0,
0x0,0x0,0x0,0x0,0x0,0x0,0x0,0x0,
0x44,0x0,0x0,0x0,0x13,0x0,0x0,0x0,
0x8f,0x0,0x0,0x0,0x0,0x0,0x0,0x0,
0x38,0x0,0x0,0x0,0x0,0x0,0x0,0x0,
0x38,0x0,0x0,0x0,0x0,0x0,0x1,0x0,
0xff,0xff,0xff,0xff,0x8,0x0,0x0,0x0,
0x79,0x2,0x90,0x0,0x0,0x0,0x0,0x0,
0x0,0x0,0x7,0x0,0x0,0x0,0x0,0x0,
0x0,0x0,0x0,0x0,0x79,0x2,0x0,0x0,
0x1,0x0,0x0,0x0,0x2f,0x86,0x2,0x0,
0x0,0x3d,0x87,0x2,0x0,0x0,0x18,0x7,
0x10,0x5,0x9e,0x7,0x18,0x6,0x2,0x0,
0x0,0x0,0x0,0x0,0x0,0x0,0x0,0x0,
0x44,0x0,0x0,0x0,0x16,0x0,0x0,0x0,
0x90,0x0,0x0,0x0,0x0,0x0,0x0,0x0,
0x38,0x0,0x0,0x0,0x0,0x0,0x0,0x0,
0x38,0x0,0x0,0x0,0x0,0x0,0x1,0x0,
0xff,0xff,0xff,0xff,0x8,0x0,0x0,0x0,
0x7a,0x2,0x90,0x0,0x0,0x0,0x0,0x0,
0x0,0x0,0x7,0x0,0x0,0x0,0x0,0x0,
0x0,0x0,0x0,0x0,0x7a,0x2,0x0,0x0,
0x1,0x0,0x0,0x0,0x2f,0x88,0x2,0x0,
0x0,0x3d,0x89,0x2,0x0,0x0,0x18,0x7,
0x2f,0x8a,0x2,0x0,0x0,0x9e,0x7,0x18,
0x6,0x2,0x0,0x0,0x0,0x0,0x0,0x0,
0x44,0x0,0x0,0x0,0x3e,0x0,0x0,0x0,
0x97,0x0,0x0,0x0,0x0,0x0,0x0,0x0,
0x38,0x0,0x0,0x0,0x0,0x0,0x0,0x0,
0x38,0x0,0x0,0x0,0x0,0x0,0x1,0x0,
0xff,0xff,0xff,0xff,0xf,0x0,0x0,0x0,
0x7d,0x2,0x90,0x0,0x0,0x0,0x0,0x0,
0x0,0x0,0x7,0x0,0x0,0x0,0x0,0x0,
0x0,0x0,0x0,0x0,0x7d,0x2,0x0,0x0,
0x1,0x0,0x0,0x0,0x13,0xc5,0x1,0x0,
0x0,0x18,0x7,0x13,0xc6,0x1,0x0,0x0,
0x18,0x8,0x13,0xc7,0x1,0x0,0x0,0x18,
0x9,0x13,0xc8,0x1,0x0,0x0,0x18,0xa,
0x13,0xc9,0x1,0x0,0x0,0x18,0xb,0x13,
0xca,0x1,0x0,0x0,0x18,0xc,0x13,0xcb,
0x1,0x0,0x0,0x18,0xd,0x13,0xcc,0x1,
0x0,0x0,0x18,0xe,0xe8,0x8,0x7,0x18,
0x6,0x2,0x0,0x0,0x0,0x0,0x0,0x0,
0x5c,0x0,0x0,0x0,0x2b,0x0,0x0,0x0,
0xbb,0x0,0x0,0x0,0x0,0x0,0x0,0x0,
0x38,0x0,0x0,0x0,0x0,0x0,0x0,0x0,
0x38,0x0,0x0,0x0,0x0,0x0,0x3,0x0,
0xff,0xff,0xff,0xff,0xb,0x0,0x0,0x0,
0x85,0x2,0x90,0x0,0x0,0x0,0x0,0x0,
0x0,0x0,0x7,0x0,0x0,0x0,0x0,0x0,
0x0,0x0,0x0,0x0,0x85,0x2,0x0,0x0,
0x0,0x0,0x0,0x0,0x1,0x0,0x0,0x0,
0x86,0x2,0x0,0x0,0x2,0x0,0x0,0x0,
0x27,0x0,0x0,0x0,0x87,0x2,0x0,0x0,
0x2,0x0,0x0,0x0,0xca,0x2f,0x8b,0x2,
0x0,0x0,0x18,0x7,0x2f,0x8c,0x2,0x0,
0x0,0x3d,0x8d,0x2,0x0,0x0,0x18,0xa,
0xad,0x8e,0x2,0x0,0x0,0x7,0x0,0x0,
0x0,0x1,0x0,0x0,0x0,0xa,0x0,0x0,
0x0,0x18,0x6,0xd4,0x16,0x6,0x2,0x0,
0x0,0x0,0x0,0x0,0x0,0x0,0x0,0x0,
0x44,0x0,0x0,0x0,0x13,0x0,0x0,0x0,
0x8b,0x0,0x0,0x0,0x0,0x0,0x0,0x0,
0x38,0x0,0x0,0x0,0x0,0x0,0x0,0x0,
0x38,0x0,0x0,0x0,0x0,0x0,0x1,0x0,
0xff,0xff,0xff,0xff,0x8,0x0,0x0,0x0,
0x7b,0x2,0x90,0x0,0x0,0x0,0x0,0x0,
0x0,0x0,0x7,0x0,0x0,0x0,0x0,0x0,
0x0,0x0,0x0,0x0,0x7b,0x2,0x0,0x0,
0x1,0x0,0x0,0x0,0x2f,0x8f,0x2,0x0,
0x0,0x3d,0x90,0x2,0x0,0x0,0x18,0x7,
0x10,0x23,0x9e,0x7,0x18,0x6,0x2,0x0,
0x0,0x0,0x0,0x0,0x0,0x0,0x0,0x0,
0x44,0x0,0x0,0x0,0xd,0x0,0x0,0x0,
0x9a,0x0,0x0,0x0,0x0,0x0,0x0,0x0,
0x38,0x0,0x0,0x0,0x0,0x0,0x0,0x0,
0x38,0x0,0x0,0x0,0x0,0x0,0x1,0x0,
0xff,0xff,0xff,0xff,0x7,0x0,0x0,0x0,
0x7f,0x2,0xd0,0x0,0x0,0x0,0x0,0x0,
0x0,0x0,0x7,0x0,0x0,0x0,0x0,0x0,
0x0,0x0,0x0,0x0,0x7f,0x2,0x0,0x0,
0x1,0x0,0x0,0x0,0x2f,0x91,0x2,0x0,
0x0,0x3d,0x92,0x2,0x0,0x0,0x18,0x6,
0x2,0x0,0x0,0x0,0x0,0x0,0x0,0x0,
0x44,0x0,0x0,0x0,0xd,0x0,0x0,0x0,
0xb7,0x0,0x0,0x0,0x0,0x0,0x0,0x0,
0x38,0x0,0x0,0x0,0x0,0x0,0x0,0x0,
0x38,0x0,0x0,0x0,0x0,0x0,0x1,0x0,
0xff,0xff,0xff,0xff,0x7,0x0,0x0,0x0,
0x80,0x2,0xd0,0x0,0x0,0x0,0x0,0x0,
0x0,0x0,0x7,0x0,0x0,0x0,0x0,0x0,
0x0,0x0,0x0,0x0,0x80,0x2,0x0,0x0,
0x1,0x0,0x0,0x0,0x2f,0x93,0x2,0x0,
0x0,0x3d,0x94,0x2,0x0,0x0,0x18,0x6,
0x2,0x0,0x0,0x0,0x0,0x0,0x0,0x0,
0x44,0x0,0x0,0x0,0xd,0x0,0x0,0x0,
0x92,0x0,0x0,0x0,0x0,0x0,0x0,0x0,
0x38,0x0,0x0,0x0,0x0,0x0,0x0,0x0,
0x38,0x0,0x0,0x0,0x0,0x0,0x1,0x0,
0xff,0xff,0xff,0xff,0x7,0x0,0x0,0x0,
0x82,0x2,0xd0,0x0,0x0,0x0,0x0,0x0,
0x0,0x0,0x7,0x0,0x0,0x0,0x0,0x0,
0x0,0x0,0x0,0x0,0x82,0x2,0x0,0x0,
0x1,0x0,0x0,0x0,0x2f,0x95,0x2,0x0,
0x0,0x3d,0x96,0x2,0x0,0x0,0x18,0x6,
0x2,0x0,0x0,0x0,0x0,0x0,0x0,0x0,
0x44,0x0,0x0,0x0,0x1b,0x0,0x0,0x0,
0xb9,0x0,0x0,0x0,0x0,0x0,0x0,0x0,
0x38,0x0,0x0,0x0,0x0,0x0,0x0,0x0,
0x38,0x0,0x0,0x0,0x0,0x0,0x1,0x0,
0xff,0xff,0xff,0xff,0x7,0x0,0x0,0x0,
0x83,0x2,0xd0,0x0,0x0,0x0,0x0,0x0,
0x0,0x0,0x7,0x0,0x0,0x0,0x0,0x0,
0x0,0x0,0x0,0x0,0x83,0x2,0x0,0x0,
0x1,0x0,0x0,0x0,0x2f,0x97,0x2,0x0,
0x0,0x3d,0x98,0x2,0x0,0x0,0x50,0x7,
0x13,0x88,0x0,0x0,0x0,0x4c,0x5,0x13,
0x3e,0x1,0x0,0x0,0x18,0x6,0x2,0x0,
0x0,0x0,0x0,0x0,0x0,0x0,0x0,0x0,
0x44,0x0,0x0,0x0,0x1f,0x0,0x0,0x0,
0x95,0x0,0x0,0x0,0x0,0x0,0x0,0x0,
0x38,0x0,0x0,0x0,0x0,0x0,0x0,0x0,
0x38,0x0,0x0,0x0,0x0,0x0,0x1,0x0,
0xff,0xff,0xff,0xff,0xa,0x0,0x0,0x0,
0x8b,0x2,0x90,0x0,0x0,0x0,0x0,0x0,
0x0,0x0,0x7,0x0,0x0,0x0,0x0,0x0,
0x0,0x0,0x0,0x0,0x8b,0x2,0x0,0x0,
0x1,0x0,0x0,0x0,0x2f,0x99,0x2,0x0,
0x0,0x3d,0x9a,0x2,0x0,0x0,0x18,0x7,
0x10,0x2,0x9c,0x7,0x18,0x8,0x10,0x5,
0x9e,0x8,0x18,0x9,0x10,0x5,0x80,0x9,
0x18,0x6,0x2,0x0,0x0,0x0,0x0,0x0,
0x44,0x0,0x0,0x0,0x22,0x0,0x0,0x0,
0x8e,0x0,0x0,0x0,0x0,0x0,0x0,0x0,
0x38,0x0,0x0,0x0,0x0,0x0,0x0,0x0,
0x38,0x0,0x0,0x0,0x0,0x0,0x1,0x0,
0xff,0xff,0xff,0xff,0xa,0x0,0x0,0x0,
0x8c,0x2,0x90,0x0,0x0,0x0,0x0,0x0,
0x0,0x0,0x7,0x0,0x0,0x0,0x0,0x0,
0x0,0x0,0x0,0x0,0x8c,0x2,0x0,0x0,
0x1,0x0,0x0,0x0,0x2f,0x9b,0x2,0x0,
0x0,0x3d,0x9c,0x2,0x0,0x0,0x18,0x7,
0x2f,0x9d,0x2,0x0,0x0,0x9e,0x7,0x18,
0x8,0x10,0x1,0x80,0x8,0x18,0x9,0x10,
0x2,0x9c,0x9,0x18,0x6,0x2,0x0,0x0,
0x0,0x0,0x0,0x0,0x0,0x0,0x0,0x0,
0x44,0x0,0x0,0x0,0x13,0x0,0x0,0x0,
0x8f,0x0,0x0,0x0,0x0,0x0,0x0,0x0,
0x38,0x0,0x0,0x0,0x0,0x0,0x0,0x0,
0x38,0x0,0x0,0x0,0x0,0x0,0x1,0x0,
0xff,0xff,0xff,0xff,0x8,0x0,0x0,0x0,
0x8d,0x2,0x90,0x0,0x0,0x0,0x0,0x0,
0x0,0x0,0x7,0x0,0x0,0x0,0x0,0x0,
0x0,0x0,0x0,0x0,0x8d,0x2,0x0,0x0,
0x1,0x0,0x0,0x0,0x2f,0x9e,0x2,0x0,
0x0,0x3d,0x9f,0x2,0x0,0x0,0x18,0x7,
0x10,0x4,0x9e,0x7,0x18,0x6,0x2,0x0,
0x0,0x0,0x0,0x0,0x0,0x0,0x0,0x0,
0x44,0x0,0x0,0x0,0x16,0x0,0x0,0x0,
0x90,0x0,0x0,0x0,0x0,0x0,0x0,0x0,
0x38,0x0,0x0,0x0,0x0,0x0,0x0,0x0,
0x38,0x0,0x0,0x0,0x0,0x0,0x1,0x0,
0xff,0xff,0xff,0xff,0x8,0x0,0x0,0x0,
0x8e,0x2,0x90,0x0,0x0,0x0,0x0,0x0,
0x0,0x0,0x7,0x0,0x0,0x0,0x0,0x0,
0x0,0x0,0x0,0x0,0x8e,0x2,0x0,0x0,
0x1,0x0,0x0,0x0,0x2f,0xa0,0x2,0x0,
0x0,0x3d,0xa1,0x2,0x0,0x0,0x18,0x7,
0x2f,0xa2,0x2,0x0,0x0,0x9e,0x7,0x18,
0x6,0x2,0x0,0x0,0x0,0x0,0x0,0x0,
0x5c,0x0,0x0,0x0,0x2b,0x0,0x0,0x0,
0xa7,0x0,0x0,0x0,0x0,0x0,0x0,0x0,
0x38,0x0,0x0,0x0,0x0,0x0,0x0,0x0,
0x38,0x0,0x0,0x0,0x0,0x0,0x3,0x0,
0xff,0xff,0xff,0xff,0xb,0x0,0x0,0x0,
0x91,0x2,0x90,0x0,0x0,0x0,0x0,0x0,
0x0,0x0,0x7,0x0,0x0,0x0,0x0,0x0,
0x0,0x0,0x0,0x0,0x91,0x2,0x0,0x0,
0x0,0x0,0x0,0x0,0x1,0x0,0x0,0x0,
0x92,0x2,0x0,0x0,0x2,0x0,0x0,0x0,
0x27,0x0,0x0,0x0,0x93,0x2,0x0,0x0,
0x2,0x0,0x0,0x0,0xca,0x2f,0xa3,0x2,
0x0,0x0,0x18,0x7,0x2f,0xa4,0x2,0x0,
0x0,0x3d,0xa5,0x2,0x0,0x0,0x18,0xa,
0xad,0xa6,0x2,0x0,0x0,0x7,0x0,0x0,
0x0,0x1,0x0,0x0,0x0,0xa,0x0,0x0,
0x0,0x18,0x6,0xd4,0x16,0x6,0x2,0x0,
0x0,0x0,0x0,0x0,0x0,0x0,0x0,0x0,
0x44,0x0,0x0,0x0,0x13,0x0,0x0,0x0,
0x8b,0x0,0x0,0x0,0x0,0x0,0x0,0x0,
0x38,0x0,0x0,0x0,0x0,0x0,0x0,0x0,
0x38,0x0,0x0,0x0,0x0,0x0,0x1,0x0,
0xff,0xff,0xff,0xff,0x8,0x0,0x0,0x0,
0x8f,0x2,0x90,0x0,0x0,0x0,0x0,0x0,
0x0,0x0,0x7,0x0,0x0,0x0,0x0,0x0,
0x0,0x0,0x0,0x0,0x8f,0x2,0x0,0x0,
0x1,0x0,0x0,0x0,0x2f,0xa7,0x2,0x0,
0x0,0x3d,0xa8,0x2,0x0,0x0,0x18,0x7,
0x10,0x28,0x9e,0x7,0x18,0x6,0x2,0x0,
0x0,0x0,0x0,0x0,0x0,0x0,0x0,0x0,
0x44,0x0,0x0,0x0,0x1f,0x0,0x0,0x0,
0x95,0x0,0x0,0x0,0x0,0x0,0x0,0x0,
0x38,0x0,0x0,0x0,0x0,0x0,0x0,0x0,
0x38,0x0,0x0,0x0,0x0,0x0,0x1,0x0,
0xff,0xff,0xff,0xff,0xa,0x0,0x0,0x0,
0x97,0x2,0x90,0x0,0x0,0x0,0x0,0x0,
0x0,0x0,0x7,0x0,0x0,0x0,0x0,0x0,
0x0,0x0,0x0,0x0,0x97,0x2,0x0,0x0,
0x1,0x0,0x0,0x0,0x2f,0xa9,0x2,0x0,
0x0,0x3d,0xaa,0x2,0x0,0x0,0x18,0x7,
0x10,0x3,0x9c,0x7,0x18,0x8,0x10,0x5,
0x9e,0x8,0x18,0x9,0x10,0x5,0x80,0x9,
0x18,0x6,0x2,0x0,0x0,0x0,0x0,0x0,
0x44,0x0,0x0,0x0,0x22,0x0,0x0,0x0,
0x8e,0x0,0x0,0x0,0x0,0x0,0x0,0x0,
0x38,0x0,0x0,0x0,0x0,0x0,0x0,0x0,
0x38,0x0,0x0,0x0,0x0,0x0,0x1,0x0,
0xff,0xff,0xff,0xff,0xa,0x0,0x0,0x0,
0x98,0x2,0x90,0x0,0x0,0x0,0x0,0x0,
0x0,0x0,0x7,0x0,0x0,0x0,0x0,0x0,
0x0,0x0,0x0,0x0,0x98,0x2,0x0,0x0,
0x1,0x0,0x0,0x0,0x2f,0xab,0x2,0x0,
0x0,0x3d,0xac,0x2,0x0,0x0,0x18,0x7,
0x2f,0xad,0x2,0x0,0x0,0x9e,0x7,0x18,
0x8,0x10,0x1,0x80,0x8,0x18,0x9,0x10,
0x2,0x9c,0x9,0x18,0x6,0x2,0x0,0x0,
0x0,0x0,0x0,0x0,0x0,0x0,0x0,0x0,
0x44,0x0,0x0,0x0,0x13,0x0,0x0,0x0,
0x8f,0x0,0x0,0x0,0x0,0x0,0x0,0x0,
0x38,0x0,0x0,0x0,0x0,0x0,0x0,0x0,
0x38,0x0,0x0,0x0,0x0,0x0,0x1,0x0,
0xff,0xff,0xff,0xff,0x8,0x0,0x0,0x0,
0x99,0x2,0x90,0x0,0x0,0x0,0x0,0x0,
0x0,0x0,0x7,0x0,0x0,0x0,0x0,0x0,
0x0,0x0,0x0,0x0,0x99,0x2,0x0,0x0,
0x1,0x0,0x0,0x0,0x2f,0xae,0x2,0x0,
0x0,0x3d,0xaf,0x2,0x0,0x0,0x18,0x7,
0x10,0x4,0x9e,0x7,0x18,0x6,0x2,0x0,
0x0,0x0,0x0,0x0,0x0,0x0,0x0,0x0,
0x44,0x0,0x0,0x0,0x16,0x0,0x0,0x0,
0x90,0x0,0x0,0x0,0x0,0x0,0x0,0x0,
0x38,0x0,0x0,0x0,0x0,0x0,0x0,0x0,
0x38,0x0,0x0,0x0,0x0,0x0,0x1,0x0,
0xff,0xff,0xff,0xff,0x8,0x0,0x0,0x0,
0x9a,0x2,0x90,0x0,0x0,0x0,0x0,0x0,
0x0,0x0,0x7,0x0,0x0,0x0,0x0,0x0,
0x0,0x0,0x0,0x0,0x9a,0x2,0x0,0x0,
0x1,0x0,0x0,0x0,0x2f,0xb0,0x2,0x0,
0x0,0x3d,0xb1,0x2,0x0,0x0,0x18,0x7,
0x2f,0xb2,0x2,0x0,0x0,0x9e,0x7,0x18,
0x6,0x2,0x0,0x0,0x0,0x0,0x0,0x0,
0x5c,0x0,0x0,0x0,0x2b,0x0,0x0,0x0,
0xa7,0x0,0x0,0x0,0x0,0x0,0x0,0x0,
0x38,0x0,0x0,0x0,0x0,0x0,0x0,0x0,
0x38,0x0,0x0,0x0,0x0,0x0,0x3,0x0,
0xff,0xff,0xff,0xff,0xb,0x0,0x0,0x0,
0x9d,0x2,0x90,0x0,0x0,0x0,0x0,0x0,
0x0,0x0,0x7,0x0,0x0,0x0,0x0,0x0,
0x0,0x0,0x0,0x0,0x9d,0x2,0x0,0x0,
0x0,0x0,0x0,0x0,0x1,0x0,0x0,0x0,
0x9e,0x2,0x0,0x0,0x2,0x0,0x0,0x0,
0x27,0x0,0x0,0x0,0x9f,0x2,0x0,0x0,
0x2,0x0,0x0,0x0,0xca,0x2f,0xb3,0x2,
0x0,0x0,0x18,0x7,0x2f,0xb4,0x2,0x0,
0x0,0x3d,0xb5,0x2,0x0,0x0,0x18,0xa,
0xad,0xb6,0x2,0x0,0x0,0x7,0x0,0x0,
0x0,0x1,0x0,0x0,0x0,0xa,0x0,0x0,
0x0,0x18,0x6,0xd4,0x16,0x6,0x2,0x0,
0x0,0x0,0x0,0x0,0x0,0x0,0x0,0x0,
0x44,0x0,0x0,0x0,0x13,0x0,0x0,0x0,
0x8b,0x0,0x0,0x0,0x0,0x0,0x0,0x0,
0x38,0x0,0x0,0x0,0x0,0x0,0x0,0x0,
0x38,0x0,0x0,0x0,0x0,0x0,0x1,0x0,
0xff,0xff,0xff,0xff,0x8,0x0,0x0,0x0,
0x9b,0x2,0x90,0x0,0x0,0x0,0x0,0x0,
0x0,0x0,0x7,0x0,0x0,0x0,0x0,0x0,
0x0,0x0,0x0,0x0,0x9b,0x2,0x0,0x0,
0x1,0x0,0x0,0x0,0x2f,0xb7,0x2,0x0,
0x0,0x3d,0xb8,0x2,0x0,0x0,0x18,0x7,
0x10,0x28,0x9e,0x7,0x18,0x6,0x2,0x0,
0x0,0x0,0x0,0x0,0x0,0x0,0x0,0x0,
0x44,0x0,0x0,0x0,0x1f,0x0,0x0,0x0,
0x95,0x0,0x0,0x0,0x0,0x0,0x0,0x0,
0x38,0x0,0x0,0x0,0x0,0x0,0x0,0x0,
0x38,0x0,0x0,0x0,0x0,0x0,0x1,0x0,
0xff,0xff,0xff,0xff,0xa,0x0,0x0,0x0,
0xa4,0x2,0x90,0x0,0x0,0x0,0x0,0x0,
0x0,0x0,0x7,0x0,0x0,0x0,0x0,0x0,
0x0,0x0,0x0,0x0,0xa4,0x2,0x0,0x0,
0x1,0x0,0x0,0x0,0x2f,0xb9,0x2,0x0,
0x0,0x3d,0xba,0x2,0x0,0x0,0x18,0x7,
0x10,0x4,0x9c,0x7,0x18,0x8,0x10,0x5,
0x9e,0x8,0x18,0x9,0x10,0x5,0x80,0x9,
0x18,0x6,0x2,0x0,0x0,0x0,0x0,0x0,
0x44,0x0,0x0,0x0,0x22,0x0,0x0,0x0,
0x8e,0x0,0x0,0x0,0x0,0x0,0x0,0x0,
0x38,0x0,0x0,0x0,0x0,0x0,0x0,0x0,
0x38,0x0,0x0,0x0,0x0,0x0,0x1,0x0,
0xff,0xff,0xff,0xff,0xa,0x0,0x0,0x0,
0xa5,0x2,0x90,0x0,0x0,0x0,0x0,0x0,
0x0,0x0,0x7,0x0,0x0,0x0,0x0,0x0,
0x0,0x0,0x0,0x0,0xa5,0x2,0x0,0x0,
0x1,0x0,0x0,0x0,0x2f,0xbb,0x2,0x0,
0x0,0x3d,0xbc,0x2,0x0,0x0,0x18,0x7,
0x2f,0xbd,0x2,0x0,0x0,0x9e,0x7,0x18,
0x8,0x10,0x1,0x80,0x8,0x18,0x9,0x10,
0x2,0x9c,0x9,0x18,0x6,0x2,0x0,0x0,
0x0,0x0,0x0,0x0,0x0,0x0,0x0,0x0,
0x44,0x0,0x0,0x0,0x13,0x0,0x0,0x0,
0x8f,0x0,0x0,0x0,0x0,0x0,0x0,0x0,
0x38,0x0,0x0,0x0,0x0,0x0,0x0,0x0,
0x38,0x0,0x0,0x0,0x0,0x0,0x1,0x0,
0xff,0xff,0xff,0xff,0x8,0x0,0x0,0x0,
0xa6,0x2,0x90,0x0,0x0,0x0,0x0,0x0,
0x0,0x0,0x7,0x0,0x0,0x0,0x0,0x0,
0x0,0x0,0x0,0x0,0xa6,0x2,0x0,0x0,
0x1,0x0,0x0,0x0,0x2f,0xbe,0x2,0x0,
0x0,0x3d,0xbf,0x2,0x0,0x0,0x18,0x7,
0x10,0x4,0x9e,0x7,0x18,0x6,0x2,0x0,
0x0,0x0,0x0,0x0,0x0,0x0,0x0,0x0,
0x44,0x0,0x0,0x0,0x16,0x0,0x0,0x0,
0x90,0x0,0x0,0x0,0x0,0x0,0x0,0x0,
0x38,0x0,0x0,0x0,0x0,0x0,0x0,0x0,
0x38,0x0,0x0,0x0,0x0,0x0,0x1,0x0,
0xff,0xff,0xff,0xff,0x8,0x0,0x0,0x0,
0xa7,0x2,0x90,0x0,0x0,0x0,0x0,0x0,
0x0,0x0,0x7,0x0,0x0,0x0,0x0,0x0,
0x0,0x0,0x0,0x0,0xa7,0x2,0x0,0x0,
0x1,0x0,0x0,0x0,0x2f,0xc0,0x2,0x0,
0x0,0x3d,0xc1,0x2,0x0,0x0,0x18,0x7,
0x2f,0xc2,0x2,0x0,0x0,0x9e,0x7,0x18,
0x6,0x2,0x0,0x0,0x0,0x0,0x0,0x0,
0x5c,0x0,0x0,0x0,0x2b,0x0,0x0,0x0,
0xa7,0x0,0x0,0x0,0x0,0x0,0x0,0x0,
0x38,0x0,0x0,0x0,0x0,0x0,0x0,0x0,
0x38,0x0,0x0,0x0,0x0,0x0,0x3,0x0,
0xff,0xff,0xff,0xff,0xb,0x0,0x0,0x0,
0xaa,0x2,0x90,0x0,0x0,0x0,0x0,0x0,
0x0,0x0,0x7,0x0,0x0,0x0,0x0,0x0,
0x0,0x0,0x0,0x0,0xaa,0x2,0x0,0x0,
0x0,0x0,0x0,0x0,0x1,0x0,0x0,0x0,
0xab,0x2,0x0,0x0,0x2,0x0,0x0,0x0,
0x27,0x0,0x0,0x0,0xac,0x2,0x0,0x0,
0x2,0x0,0x0,0x0,0xca,0x2f,0xc3,0x2,
0x0,0x0,0x18,0x7,0x2f,0xc4,0x2,0x0,
0x0,0x3d,0xc5,0x2,0x0,0x0,0x18,0xa,
0xad,0xc6,0x2,0x0,0x0,0x7,0x0,0x0,
0x0,0x1,0x0,0x0,0x0,0xa,0x0,0x0,
0x0,0x18,0x6,0xd4,0x16,0x6,0x2,0x0,
0x0,0x0,0x0,0x0,0x0,0x0,0x0,0x0,
0x44,0x0,0x0,0x0,0x13,0x0,0x0,0x0,
0x8b,0x0,0x0,0x0,0x0,0x0,0x0,0x0,
0x38,0x0,0x0,0x0,0x0,0x0,0x0,0x0,
0x38,0x0,0x0,0x0,0x0,0x0,0x1,0x0,
0xff,0xff,0xff,0xff,0x8,0x0,0x0,0x0,
0xa8,0x2,0x90,0x0,0x0,0x0,0x0,0x0,
0x0,0x0,0x7,0x0,0x0,0x0,0x0,0x0,
0x0,0x0,0x0,0x0,0xa8,0x2,0x0,0x0,
0x1,0x0,0x0,0x0,0x2f,0xc7,0x2,0x0,
0x0,0x3d,0xc8,0x2,0x0,0x0,0x18,0x7,
0x10,0x28,0x9e,0x7,0x18,0x6,0x2,0x0,
0x0,0x0,0x0,0x0,0x0,0x0,0x0,0x0,
0x44,0x0,0x0,0x0,0x22,0x0,0x0,0x0,
0x8e,0x0,0x0,0x0,0x0,0x0,0x0,0x0,
0x38,0x0,0x0,0x0,0x0,0x0,0x0,0x0,
0x38,0x0,0x0,0x0,0x0,0x0,0x1,0x0,
0xff,0xff,0xff,0xff,0xa,0x0,0x0,0x0,
0xb2,0x2,0x90,0x0,0x0,0x0,0x0,0x0,
0x0,0x0,0x7,0x0,0x0,0x0,0x0,0x0,
0x0,0x0,0x0,0x0,0xb2,0x2,0x0,0x0,
0x1,0x0,0x0,0x0,0x2f,0xc9,0x2,0x0,
0x0,0x3d,0xca,0x2,0x0,0x0,0x18,0x7,
0x2f,0xcb,0x2,0x0,0x0,0x9e,0x7,0x18,
0x8,0x10,0x1,0x80,0x8,0x18,0x9,0x10,
0x4,0x9c,0x9,0x18,0x6,0x2,0x0,0x0,
0x0,0x0,0x0,0x0,0x0,0x0,0x0,0x0,
0x44,0x0,0x0,0x0,0x13,0x0,0x0,0x0,
0x8f,0x0,0x0,0x0,0x0,0x0,0x0,0x0,
0x38,0x0,0x0,0x0,0x0,0x0,0x0,0x0,
0x38,0x0,0x0,0x0,0x0,0x0,0x1,0x0,
0xff,0xff,0xff,0xff,0x8,0x0,0x0,0x0,
0xb3,0x2,0x90,0x0,0x0,0x0,0x0,0x0,
0x0,0x0,0x7,0x0,0x0,0x0,0x0,0x0,
0x0,0x0,0x0,0x0,0xb3,0x2,0x0,0x0,
0x1,0x0,0x0,0x0,0x2f,0xcc,0x2,0x0,
0x0,0x3d,0xcd,0x2,0x0,0x0,0x18,0x7,
0x10,0x4,0x9e,0x7,0x18,0x6,0x2,0x0,
0x0,0x0,0x0,0x0,0x0,0x0,0x0,0x0,
0x44,0x0,0x0,0x0,0x16,0x0,0x0,0x0,
0x90,0x0,0x0,0x0,0x0,0x0,0x0,0x0,
0x38,0x0,0x0,0x0,0x0,0x0,0x0,0x0,
0x38,0x0,0x0,0x0,0x0,0x0,0x1,0x0,
0xff,0xff,0xff,0xff,0x8,0x0,0x0,0x0,
0xb4,0x2,0x90,0x0,0x0,0x0,0x0,0x0,
0x0,0x0,0x7,0x0,0x0,0x0,0x0,0x0,
0x0,0x0,0x0,0x0,0xb4,0x2,0x0,0x0,
0x1,0x0,0x0,0x0,0x2f,0xce,0x2,0x0,
0x0,0x3d,0xcf,0x2,0x0,0x0,0x18,0x7,
0x2f,0xd0,0x2,0x0,0x0,0x9e,0x7,0x18,
0x6,0x2,0x0,0x0,0x0,0x0,0x0,0x0,
0x44,0x0,0x0,0x0,0xd,0x0,0x0,0x0,
0x92,0x0,0x0,0x0,0x0,0x0,0x0,0x0,
0x38,0x0,0x0,0x0,0x0,0x0,0x0,0x0,
0x38,0x0,0x0,0x0,0x0,0x0,0x1,0x0,
0xff,0xff,0xff,0xff,0x7,0x0,0x0,0x0,
0xb8,0x2,0x90,0x0,0x0,0x0,0x0,0x0,
0x0,0x0,0x7,0x0,0x0,0x0,0x0,0x0,
0x0,0x0,0x0,0x0,0xb8,0x2,0x0,0x0,
0x1,0x0,0x0,0x0,0x2f,0xd1,0x2,0x0,
0x0,0x3d,0xd2,0x2,0x0,0x0,0x18,0x6,
0x2,0x0,0x0,0x0,0x0,0x0,0x0,0x0,
0x44,0x0,0x0,0x0,0x13,0x0,0x0,0x0,
0x8b,0x0,0x0,0x0,0x0,0x0,0x0,0x0,
0x38,0x0,0x0,0x0,0x0,0x0,0x0,0x0,
0x38,0x0,0x0,0x0,0x0,0x0,0x1,0x0,
0xff,0xff,0xff,0xff,0x8,0x0,0x0,0x0,
0xb7,0x2,0x90,0x0,0x0,0x0,0x0,0x0,
0x0,0x0,0x7,0x0,0x0,0x0,0x0,0x0,
0x0,0x0,0x0,0x0,0xb7,0x2,0x0,0x0,
0x1,0x0,0x0,0x0,0x2f,0xd3,0x2,0x0,
0x0,0x3d,0xd4,0x2,0x0,0x0,0x18,0x7,
0x10,0x28,0x9e,0x7,0x18,0x6,0x2,0x0,
0x0,0x0,0x0,0x0,0x0,0x0,0x0,0x0,
0x44,0x0,0x0,0x0,0x19,0x0,0x0,0x0,
0x95,0x0,0x0,0x0,0x0,0x0,0x0,0x0,
0x38,0x0,0x0,0x0,0x0,0x0,0x0,0x0,
0x38,0x0,0x0,0x0,0x0,0x0,0x1,0x0,
0xff,0xff,0xff,0xff,0x9,0x0,0x0,0x0,
0xbe,0x2,0x90,0x0,0x0,0x0,0x0,0x0,
0x0,0x0,0x7,0x0,0x0,0x0,0x0,0x0,
0x0,0x0,0x0,0x0,0xbe,0x2,0x0,0x0,
0x1,0x0,0x0,0x0,0x2f,0xd5,0x2,0x0,
0x0,0x3d,0xd6,0x2,0x0,0x0,0x18,0x7,
0x10,0x4,0x9e,0x7,0x18,0x8,0x10,0xa,
0x80,0x8,0x18,0x6,0x2,0x0,0x0,0x0,
0x0,0x0,0x0,0x0,0x0,0x0,0x0,0x0,
0x44,0x0,0x0,0x0,0x22,0x0,0x0,0x0,
0x8e,0x0,0x0,0x0,0x0,0x0,0x0,0x0,
0x38,0x0,0x0,0x0,0x0,0x0,0x0,0x0,
0x38,0x0,0x0,0x0,0x0,0x0,0x1,0x0,
0xff,0xff,0xff,0xff,0xa,0x0,0x0,0x0,
0xbf,0x2,0x90,0x0,0x0,0x0,0x0,0x0,
0x0,0x0,0x7,0x0,0x0,0x0,0x0,0x0,
0x0,0x0,0x0,0x0,0xbf,0x2,0x0,0x0,
0x1,0x0,0x0,0x0,0x2f,0xd7,0x2,0x0,
0x0,0x3d,0xd8,0x2,0x0,0x0,0x18,0x7,
0x2f,0xd9,0x2,0x0,0x0,0x9e,0x7,0x18,
0x8,0x10,0x1,0x80,0x8,0x18,0x9,0x10,
0x4,0x9c,0x9,0x18,0x6,0x2,0x0,0x0,
0x0,0x0,0x0,0x0,0x0,0x0,0x0,0x0,
0x44,0x0,0x0,0x0,0x1f,0x0,0x0,0x0,
0x8f,0x0,0x0,0x0,0x0,0x0,0x0,0x0,
0x38,0x0,0x0,0x0,0x0,0x0,0x0,0x0,
0x38,0x0,0x0,0x0,0x0,0x0,0x1,0x0,
0xff,0xff,0xff,0xff,0xa,0x0,0x0,0x0,
0xc0,0x2,0x90,0x0,0x0,0x0,0x0,0x0,
0x0,0x0,0x7,0x0,0x0,0x0,0x0,0x0,
0x0,0x0,0x0,0x0,0xc0,0x2,0x0,0x0,
0x1,0x0,0x0,0x0,0x2f,0xda,0x2,0x0,
0x0,0x3d,0xdb,0x2,0x0,0x0,0x18,0x7,
0x10,0x3,0x9c,0x7,0x18,0x8,0x10,0x4,
0x9e,0x8,0x18,0x9,0x10,0x14,0xa2,0x9,
0x18,0x6,0x2,0x0,0x0,0x0,0x0,0x0,
0x44,0x0,0x0,0x0,0x16,0x0,0x0,0x0,
0x90,0x0,0x0,0x0,0x0,0x0,0x0,0x0,
0x38,0x0,0x0,0x0,0x0,0x0,0x0,0x0,
0x38,0x0,0x0,0x0,0x0,0x0,0x1,0x0,
0xff,0xff,0xff,0xff,0x8,0x0,0x0,0x0,
0xc1,0x2,0x90,0x0,0x0,0x0,0x0,0x0,
0x0,0x0,0x7,0x0,0x0,0x0,0x0,0x0,
0x0,0x0,0x0,0x0,0xc1,0x2,0x0,0x0,
0x1,0x0,0x0,0x0,0x2f,0xdc,0x2,0x0,
0x0,0x3d,0xdd,0x2,0x0,0x0,0x18,0x7,
0x2f,0xde,0x2,0x0,0x0,0x9e,0x7,0x18,
0x6,0x2,0x0,0x0,0x0,0x0,0x0,0x0,
0x74,0x0,0x0,0x0,0x6d,0x0,0x0,0x0,
0xd1,0x0,0x0,0x0,0x0,0x0,0x0,0x0,
0x38,0x0,0x0,0x0,0x0,0x0,0x0,0x0,
0x38,0x0,0x0,0x0,0x0,0x0,0x5,0x0,
0xff,0xff,0xff,0xff,0xd,0x0,0x0,0x0,
0xc3,0x2,0x90,0x0,0x0,0x0,0x0,0x0,
0x0,0x0,0x7,0x0,0x0,0x0,0x0,0x0,
0x0,0x0,0x0,0x0,0xc3,0x2,0x0,0x0,
0x0,0x0,0x0,0x0,0x1,0x0,0x0,0x0,
0xc4,0x2,0x0,0x0,0x3,0x0,0x0,0x0,
0x11,0x0,0x0,0x0,0xc5,0x2,0x0,0x0,
0x5,0x0,0x0,0x0,0x30,0x0,0x0,0x0,
0xc6,0x2,0x0,0x0,0x6,0x0,0x0,0x0,
0x69,0x0,0x0,0x0,0xc7,0x2,0x0,0x0,
0x6,0x0,0x0,0x0,0xca,0x2f,0xdf,0x2,
0x0,0x0,0x18,0x7,0x10,0x64,0x9c,0x7,
0x31,0xce,0x0,0x0,0x0,0x2f,0xe0,0x2,
0x0,0x0,0x18,0x7,0x2f,0xe1,0x2,0x0,
0x0,0x18,0xa,0xad,0xe2,0x2,0x0,0x0,
0x7,0x0,0x0,0x0,0x1,0x0,0x0,0x0,
0xa,0x0,0x0,0x0,0x2f,0xe3,0x2,0x0,
0x0,0x18,0x7,0x13,0xd2,0x1,0x0,0x0,
0x18,0x8,0x2f,0xe4,0x2,0x0,0x0,0x18,
0x9,0x14,0x10,0xc,0xad,0xe5,0x2,0x0,
0x0,0x9,0x0,0x0,0x0,0x1,0x0,0x0,
0x0,0xc,0x0,0x0,0x0,0x80,0x8,0x18,
0x9,0x43,0xe6,0x2,0x0,0x0,0x7,0x0,
0x0,0x0,0x1a,0x9,0x6,0xd4,0x16,0x6,
0x2,0x0,0x0,0x0,0x0,0x0,0x0,0x0,
0x44,0x0,0x0,0x0,0x22,0x0,0x0,0x0,
0x8e,0x0,0x0,0x0,0x0,0x0,0x0,0x0,
0x38,0x0,0x0,0x0,0x0,0x0,0x0,0x0,
0x38,0x0,0x0,0x0,0x0,0x0,0x1,0x0,
0xff,0xff,0xff,0xff,0xa,0x0,0x0,0x0,
0xcf,0x2,0x90,0x0,0x0,0x0,0x0,0x0,
0x0,0x0,0x7,0x0,0x0,0x0,0x0,0x0,
0x0,0x0,0x0,0x0,0xcf,0x2,0x0,0x0,
0x1,0x0,0x0,0x0,0x2f,0xe7,0x2,0x0,
0x0,0x3d,0xe8,0x2,0x0,0x0,0x18,0x7,
0x2f,0xe9,0x2,0x0,0x0,0x9e,0x7,0x18,
0x8,0x10,0x1,0x80,0x8,0x18,0x9,0x10,
0x5,0x9c,0x9,0x18,0x6,0x2,0x0,0x0,
0x0,0x0,0x0,0x0,0x0,0x0,0x0,0x0,
0x44,0x0,0x0,0x0,0x13,0x0,0x0,0x0,
0x8f,0x0,0x0,0x0,0x0,0x0,0x0,0x0,
0x38,0x0,0x0,0x0,0x0,0x0,0x0,0x0,
0x38,0x0,0x0,0x0,0x0,0x0,0x1,0x0,
0xff,0xff,0xff,0xff,0x8,0x0,0x0,0x0,
0xd0,0x2,0x90,0x0,0x0,0x0,0x0,0x0,
0x0,0x0,0x7,0x0,0x0,0x0,0x0,0x0,
0x0,0x0,0x0,0x0,0xd0,0x2,0x0,0x0,
0x1,0x0,0x0,0x0,0x2f,0xea,0x2,0x0,
0x0,0x3d,0xeb,0x2,0x0,0x0,0x18,0x7,
0x10,0x3,0x9e,0x7,0x18,0x6,0x2,0x0,
0x0,0x0,0x0,0x0,0x0,0x0,0x0,0x0,
0x44,0x0,0x0,0x0,0x16,0x0,0x0,0x0,
0x90,0x0,0x0,0x0,0x0,0x0,0x0,0x0,
0x38,0x0,0x0,0x0,0x0,0x0,0x0,0x0,
0x38,0x0,0x0,0x0,0x0,0x0,0x1,0x0,
0xff,0xff,0xff,0xff,0x8,0x0,0x0,0x0,
0xd1,0x2,0x90,0x0,0x0,0x0,0x0,0x0,
0x0,0x0,0x7,0x0,0x0,0x0,0x0,0x0,
0x0,0x0,0x0,0x0,0xd1,0x2,0x0,0x0,
0x1,0x0,0x0,0x0,0x2f,0xec,0x2,0x0,
0x0,0x3d,0xed,0x2,0x0,0x0,0x18,0x7,
0x2f,0xee,0x2,0x0,0x0,0x9e,0x7,0x18,
0x6,0x2,0x0,0x0,0x0,0x0,0x0,0x0,
0x44,0x0,0x0,0x0,0x13,0x0,0x0,0x0,
0x8b,0x0,0x0,0x0,0x0,0x0,0x0,0x0,
0x38,0x0,0x0,0x0,0x0,0x0,0x0,0x0,
0x38,0x0,0x0,0x0,0x0,0x0,0x1,0x0,
0xff,0xff,0xff,0xff,0x8,0x0,0x0,0x0,
0xd4,0x2,0x90,0x0,0x0,0x0,0x0,0x0,
0x0,0x0,0x7,0x0,0x0,0x0,0x0,0x0,
0x0,0x0,0x0,0x0,0xd4,0x2,0x0,0x0,
0x1,0x0,0x0,0x0,0x2f,0xef,0x2,0x0,
0x0,0x3d,0xf0,0x2,0x0,0x0,0x18,0x7,
0x10,0x28,0x9e,0x7,0x18,0x6,0x2,0x0,
0x0,0x0,0x0,0x0,0x0,0x0,0x0,0x0,
0x44,0x0,0x0,0x0,0x22,0x0,0x0,0x0,
0x8e,0x0,0x0,0x0,0x0,0x0,0x0,0x0,
0x38,0x0,0x0,0x0,0x0,0x0,0x0,0x0,
0x38,0x0,0x0,0x0,0x0,0x0,0x1,0x0,
0xff,0xff,0xff,0xff,0xa,0x0,0x0,0x0,
0xde,0x2,0x90,0x0,0x0,0x0,0x0,0x0,
0x0,0x0,0x7,0x0,0x0,0x0,0x0,0x0,
0x0,0x0,0x0,0x0,0xde,0x2,0x0,0x0,
0x1,0x0,0x0,0x0,0x2f,0xf1,0x2,0x0,
0x0,0x3d,0xf2,0x2,0x0,0x0,0x18,0x7,
0x2f,0xf3,0x2,0x0,0x0,0x9e,0x7,0x18,
0x8,0x10,0x1,0x80,0x8,0x18,0x9,0x10,
0x6,0x9c,0x9,0x18,0x6,0x2,0x0,0x0,
0x0,0x0,0x0,0x0,0x0,0x0,0x0,0x0,
0x44,0x0,0x0,0x0,0x13,0x0,0x0,0x0,
0x8f,0x0,0x0,0x0,0x0,0x0,0x0,0x0,
0x38,0x0,0x0,0x0,0x0,0x0,0x0,0x0,
0x38,0x0,0x0,0x0,0x0,0x0,0x1,0x0,
0xff,0xff,0xff,0xff,0x8,0x0,0x0,0x0,
0xdf,0x2,0x90,0x0,0x0,0x0,0x0,0x0,
0x0,0x0,0x7,0x0,0x0,0x0,0x0,0x0,
0x0,0x0,0x0,0x0,0xdf,0x2,0x0,0x0,
0x1,0x0,0x0,0x0,0x2f,0xf4,0x2,0x0,
0x0,0x3d,0xf5,0x2,0x0,0x0,0x18,0x7,
0x10,0x3,0x9e,0x7,0x18,0x6,0x2,0x0,
0x0,0x0,0x0,0x0,0x0,0x0,0x0,0x0,
0x44,0x0,0x0,0x0,0x16,0x0,0x0,0x0,
0x90,0x0,0x0,0x0,0x0,0x0,0x0,0x0,
0x38,0x0,0x0,0x0,0x0,0x0,0x0,0x0,
0x38,0x0,0x0,0x0,0x0,0x0,0x1,0x0,
0xff,0xff,0xff,0xff,0x8,0x0,0x0,0x0,
0xe0,0x2,0x90,0x0,0x0,0x0,0x0,0x0,
0x0,0x0,0x7,0x0,0x0,0x0,0x0,0x0,
0x0,0x0,0x0,0x0,0xe0,0x2,0x0,0x0,
0x1,0x0,0x0,0x0,0x2f,0xf6,0x2,0x0,
0x0,0x3d,0xf7,0x2,0x0,0x0,0x18,0x7,
0x2f,0xf8,0x2,0x0,0x0,0x9e,0x7,0x18,
0x6,0x2,0x0,0x0,0x0,0x0,0x0,0x0,
0x44,0x0,0x0,0x0,0x13,0x0,0x0,0x0,
0x8b,0x0,0x0,0x0,0x0,0x0,0x0,0x0,
0x38,0x0,0x0,0x0,0x0,0x0,0x0,0x0,
0x38,0x0,0x0,0x0,0x0,0x0,0x1,0x0,
0xff,0xff,0xff,0xff,0x8,0x0,0x0,0x0,
0xe4,0x2,0x90,0x0,0x0,0x0,0x0,0x0,
0x0,0x0,0x7,0x0,0x0,0x0,0x0,0x0,
0x0,0x0,0x0,0x0,0xe4,0x2,0x0,0x0,
0x1,0x0,0x0,0x0,0x2f,0xf9,0x2,0x0,
0x0,0x3d,0xfa,0x2,0x0,0x0,0x18,0x7,
0x10,0x28,0x9e,0x7,0x18,0x6,0x2,0x0,
0x0,0x0,0x0,0x0,0x0,0x0,0x0,0x0,
0x44,0x0,0x0,0x0,0x13,0x0,0x0,0x0,
0x95,0x0,0x0,0x0,0x0,0x0,0x0,0x0,
0x38,0x0,0x0,0x0,0x0,0x0,0x0,0x0,
0x38,0x0,0x0,0x0,0x0,0x0,0x1,0x0,
0xff,0xff,0xff,0xff,0x8,0x0,0x0,0x0,
0xea,0x2,0x90,0x0,0x0,0x0,0x0,0x0,
0x0,0x0,0x7,0x0,0x0,0x0,0x0,0x0,
0x0,0x0,0x0,0x0,0xea,0x2,0x0,0x0,
0x1,0x0,0x0,0x0,0x2f,0xfb,0x2,0x0,
0x0,0x3d,0xfc,0x2,0x0,0x0,0x18,0x7,
0x10,0x3,0x9e,0x7,0x18,0x6,0x2,0x0,
0x0,0x0,0x0,0x0,0x0,0x0,0x0,0x0,
0x44,0x0,0x0,0x0,0x22,0x0,0x0,0x0,
0x8e,0x0,0x0,0x0,0x0,0x0,0x0,0x0,
0x38,0x0,0x0,0x0,0x0,0x0,0x0,0x0,
0x38,0x0,0x0,0x0,0x0,0x0,0x1,0x0,
0xff,0xff,0xff,0xff,0xa,0x0,0x0,0x0,
0xeb,0x2,0x90,0x0,0x0,0x0,0x0,0x0,
0x0,0x0,0x7,0x0,0x0,0x0,0x0,0x0,
0x0,0x0,0x0,0x0,0xeb,0x2,0x0,0x0,
0x1,0x0,0x0,0x0,0x2f,0xfd,0x2,0x0,
0x0,0x3d,0xfe,0x2,0x0,0x0,0x18,0x7,
0x2f,0xff,0x2,0x0,0x0,0x9e,0x7,0x18,
0x8,0x10,0x1,0x80,0x8,0x18,0x9,0x10,
0x6,0x9c,0x9,0x18,0x6,0x2,0x0,0x0,
0x0,0x0,0x0,0x0,0x0,0x0,0x0,0x0,
0x44,0x0,0x0,0x0,0x19,0x0,0x0,0x0,
0x8f,0x0,0x0,0x0,0x0,0x0,0x0,0x0,
0x38,0x0,0x0,0x0,0x0,0x0,0x0,0x0,
0x38,0x0,0x0,0x0,0x0,0x0,0x1,0x0,
0xff,0xff,0xff,0xff,0x9,0x0,0x0,0x0,
0xec,0x2,0x90,0x0,0x0,0x0,0x0,0x0,
0x0,0x0,0x7,0x0,0x0,0x0,0x0,0x0,
0x0,0x0,0x0,0x0,0xec,0x2,0x0,0x0,
0x1,0x0,0x0,0x0,0x2f,0x0,0x3,0x0,
0x0,0x3d,0x1,0x3,0x0,0x0,0x18,0x7,
0x10,0x2,0x9c,0x7,0x18,0x8,0x10,0x3,
0x9e,0x8,0x18,0x6,0x2,0x0,0x0,0x0,
0x0,0x0,0x0,0x0,0x0,0x0,0x0,0x0,
0x44,0x0,0x0,0x0,0x16,0x0,0x0,0x0,
0x90,0x0,0x0,0x0,0x0,0x0,0x0,0x0,
0x38,0x0,0x0,0x0,0x0,0x0,0x0,0x0,
0x38,0x0,0x0,0x0,0x0,0x0,0x1,0x0,
0xff,0xff,0xff,0xff,0x8,0x0,0x0,0x0,
0xed,0x2,0x90,0x0,0x0,0x0,0x0,0x0,
0x0,0x0,0x7,0x0,0x0,0x0,0x0,0x0,
0x0,0x0,0x0,0x0,0xed,0x2,0x0,0x0,
0x1,0x0,0x0,0x0,0x2f,0x2,0x3,0x0,
0x0,0x3d,0x3,0x3,0x0,0x0,0x18,0x7,
0x2f,0x4,0x3,0x0,0x0,0x9e,0x7,0x18,
0x6,0x2,0x0,0x0,0x0,0x0,0x0,0x0,
0x44,0x0,0x0,0x0,0x43,0x0,0x0,0x0,
0x9a,0x0,0x0,0x0,0x0,0x0,0x0,0x0,
0x38,0x0,0x0,0x0,0x0,0x0,0x0,0x0,
0x38,0x0,0x0,0x0,0x0,0x0,0x1,0x0,
0xff,0xff,0xff,0xff,0xb,0x0,0x0,0x0,
0xf1,0x2,0x90,0x0,0x0,0x0,0x0,0x0,
0x0,0x0,0x7,0x0,0x0,0x0,0x0,0x0,
0x0,0x0,0x0,0x0,0xf1,0x2,0x0,0x0,
0x1,0x0,0x0,0x0,0x2f,0x5,0x3,0x0,
0x0,0x3d,0x6,0x3,0x0,0x0,0x18,0x7,
0x2f,0x7,0x3,0x0,0x0,0x3d,0x8,0x3,
0x0,0x0,0x18,0x8,0x12,0x0,0x6e,0x8,
0x50,0x1e,0x13,0x1d,0x1,0x0,0x0,0x18,
0x9,0x2f,0x9,0x3,0x0,0x0,0x3d,0xa,
0x3,0x0,0x0,0x80,0x9,0x18,0xa,0x13,
0x1e,0x1,0x0,0x0,0x80,0xa,0x4c,0x2,
0x12,0x0,0x80,0x7,0x18,0x6,0x2,0x0,
0x0,0x0,0x0,0x0,0x0,0x0,0x0,0x0,
0x44,0x0,0x0,0x0,0xd,0x0,0x0,0x0,
0xd7,0x0,0x0,0x0,0x0,0x0,0x0,0x0,
0x38,0x0,0x0,0x0,0x0,0x0,0x0,0x0,
0x38,0x0,0x0,0x0,0x0,0x0,0x1,0x0,
0xff,0xff,0xff,0xff,0x7,0x0,0x0,0x0,
0xf2,0x2,0x90,0x0,0x0,0x0,0x0,0x0,
0x0,0x0,0x7,0x0,0x0,0x0,0x0,0x0,
0x0,0x0,0x0,0x0,0xf2,0x2,0x0,0x0,
0x1,0x0,0x0,0x0,0x2f,0xb,0x3,0x0,
0x0,0x3d,0xc,0x3,0x0,0x0,0x18,0x6,
0x2,0x0,0x0,0x0,0x0,0x0,0x0,0x0,
0x5c,0x0,0x0,0x0,0x2d,0x0,0x0,0x0,
0xd9,0x0,0x0,0x0,0x0,0x0,0x0,0x0,
0x38,0x0,0x0,0x0,0x0,0x0,0x0,0x0,
0x38,0x0,0x0,0x0,0x0,0x0,0x3,0x0,
0xff,0xff,0xff,0xff,0xc,0x0,0x0,0x0,
0xf4,0x2,0x90,0x0,0x0,0x0,0x0,0x0,
0x0,0x0,0x7,0x0,0x0,0x0,0x0,0x0,
0x0,0x0,0x0,0x0,0xf4,0x2,0x0,0x0,
0x0,0x0,0x0,0x0,0x1,0x0,0x0,0x0,
0xf4,0x2,0x0,0x0,0x2,0x0,0x0,0x0,
0x29,0x0,0x0,0x0,0xf5,0x2,0x0,0x0,
0x2,0x0,0x0,0x0,0xca,0x2f,0xd,0x3,
0x0,0x0,0x18,0x7,0x13,0xd5,0x1,0x0,
0x0,0x18,0xa,0x2f,0xe,0x3,0x0,0x0,
0x18,0xb,0xad,0xf,0x3,0x0,0x0,0x7,
0x0,0x0,0x0,0x2,0x0,0x0,0x0,0xa,
0x0,0x0,0x0,0x18,0x6,0xd4,0x16,0x6,
0x2,0x0,0x0,0x0,0x0,0x0,0x0,0x0,
0x44,0x0,0x0,0x0,0x13,0x0,0x0,0x0,
0x8b,0x0,0x0,0x0,0x0,0x0,0x0,0x0,
0x38,0x0,0x0,0x0,0x0,0x0,0x0,0x0,
0x38,0x0,0x0,0x0,0x0,0x0,0x1,0x0,
0xff,0xff,0xff,0xff,0x8,0x0,0x0,0x0,
0xf3,0x2,0x90,0x0,0x0,0x0,0x0,0x0,
0x0,0x0,0x7,0x0,0x0,0x0,0x0,0x0,
0x0,0x0,0x0,0x0,0xf3,0x2,0x0,0x0,
0x1,0x0,0x0,0x0,0x2f,0x10,0x3,0x0,
0x0,0x3d,0x11,0x3,0x0,0x0,0x18,0x7,
0x10,0x28,0x9e,0x7,0x18,0x6,0x2,0x0,
0x0,0x0,0x0,0x0,0x0,0x0,0x0,0x0,
0x44,0x0,0x0,0x0,0x22,0x0,0x0,0x0,
0x8e,0x0,0x0,0x0,0x0,0x0,0x0,0x0,
0x38,0x0,0x0,0x0,0x0,0x0,0x0,0x0,
0x38,0x0,0x0,0x0,0x0,0x0,0x1,0x0,
0xff,0xff,0xff,0xff,0xa,0x0,0x0,0x0,
0xfe,0x2,0x90,0x0,0x0,0x0,0x0,0x0,
0x0,0x0,0x7,0x0,0x0,0x0,0x0,0x0,
0x0,0x0,0x0,0x0,0xfe,0x2,0x0,0x0,
0x1,0x0,0x0,0x0,0x2f,0x12,0x3,0x0,
0x0,0x3d,0x13,0x3,0x0,0x0,0x18,0x7,
0x2f,0x14,0x3,0x0,0x0,0x9e,0x7,0x18,
0x8,0x10,0x1,0x80,0x8,0x18,0x9,0x4,
0x11,0x9c,0x9,0x18,0x6,0x2,0x0,0x0,
0x0,0x0,0x0,0x0,0x0,0x0,0x0,0x0,
0x44,0x0,0x0,0x0,0x13,0x0,0x0,0x0,
0x8f,0x0,0x0,0x0,0x0,0x0,0x0,0x0,
0x38,0x0,0x0,0x0,0x0,0x0,0x0,0x0,
0x38,0x0,0x0,0x0,0x0,0x0,0x1,0x0,
0xff,0xff,0xff,0xff,0x8,0x0,0x0,0x0,
0xff,0x2,0x90,0x0,0x0,0x0,0x0,0x0,
0x0,0x0,0x7,0x0,0x0,0x0,0x0,0x0,
0x0,0x0,0x0,0x0,0xff,0x2,0x0,0x0,
0x1,0x0,0x0,0x0,0x2f,0x15,0x3,0x0,
0x0,0x3d,0x16,0x3,0x0,0x0,0x18,0x7,
0x10,0x3,0x9e,0x7,0x18,0x6,0x2,0x0,
0x0,0x0,0x0,0x0,0x0,0x0,0x0,0x0,
0x44,0x0,0x0,0x0,0x16,0x0,0x0,0x0,
0x90,0x0,0x0,0x0,0x0,0x0,0x0,0x0,
0x38,0x0,0x0,0x0,0x0,0x0,0x0,0x0,
0x38,0x0,0x0,0x0,0x0,0x0,0x1,0x0,
0xff,0xff,0xff,0xff,0x8,0x0,0x0,0x0,
0x0,0x3,0x90,0x0,0x0,0x0,0x0,0x0,
0x0,0x0,0x7,0x0,0x0,0x0,0x0,0x0,
0x0,0x0,0x0,0x0,0x0,0x3,0x0,0x0,
0x1,0x0,0x0,0x0,0x2f,0x17,0x3,0x0,
0x0,0x3d,0x18,0x3,0x0,0x0,0x18,0x7,
0x2f,0x19,0x3,0x0,0x0,0x9e,0x7,0x18,
0x6,0x2,0x0,0x0,0x0,0x0,0x0,0x0,
0x44,0x0,0x0,0x0,0x13,0x0,0x0,0x0,
0x8b,0x0,0x0,0x0,0x0,0x0,0x0,0x0,
0x38,0x0,0x0,0x0,0x0,0x0,0x0,0x0,
0x38,0x0,0x0,0x0,0x0,0x0,0x1,0x0,
0xff,0xff,0xff,0xff,0x8,0x0,0x0,0x0,
0x3,0x3,0x90,0x0,0x0,0x0,0x0,0x0,
0x0,0x0,0x7,0x0,0x0,0x0,0x0,0x0,
0x0,0x0,0x0,0x0,0x3,0x3,0x0,0x0,
0x1,0x0,0x0,0x0,0x2f,0x1a,0x3,0x0,
0x0,0x3d,0x1b,0x3,0x0,0x0,0x18,0x7,
0x10,0x28,0x9e,0x7,0x18,0x6,0x2,0x0,
0x0,0x0,0x0,0x0,0x0,0x0,0x0,0x0,
0x44,0x0,0x0,0x0,0x22,0x0,0x0,0x0,
0x8e,0x0,0x0,0x0,0x0,0x0,0x0,0x0,
0x38,0x0,0x0,0x0,0x0,0x0,0x0,0x0,
0x38,0x0,0x0,0x0,0x0,0x0,0x1,0x0,
0xff,0xff,0xff,0xff,0xa,0x0,0x0,0x0,
0x9,0x3,0x90,0x0,0x0,0x0,0x0,0x0,
0x0,0x0,0x7,0x0,0x0,0x0,0x0,0x0,
0x0,0x0,0x0,0x0,0x9,0x3,0x0,0x0,
0x1,0x0,0x0,0x0,0x2f,0x1c,0x3,0x0,
0x0,0x3d,0x1d,0x3,0x0,0x0,0x18,0x7,
0x2f,0x1e,0x3,0x0,0x0,0x9e,0x7,0x18,
0x8,0x10,0x1,0x80,0x8,0x18,0x9,0x4,
0x12,0x9c,0x9,0x18,0x6,0x2,0x0,0x0,
0x0,0x0,0x0,0x0,0x0,0x0,0x0,0x0,
0x44,0x0,0x0,0x0,0x13,0x0,0x0,0x0,
0x8f,0x0,0x0,0x0,0x0,0x0,0x0,0x0,
0x38,0x0,0x0,0x0,0x0,0x0,0x0,0x0,
0x38,0x0,0x0,0x0,0x0,0x0,0x1,0x0,
0xff,0xff,0xff,0xff,0x8,0x0,0x0,0x0,
0xa,0x3,0x90,0x0,0x0,0x0,0x0,0x0,
0x0,0x0,0x7,0x0,0x0,0x0,0x0,0x0,
0x0,0x0,0x0,0x0,0xa,0x3,0x0,0x0,
0x1,0x0,0x0,0x0,0x2f,0x1f,0x3,0x0,
0x0,0x3d,0x20,0x3,0x0,0x0,0x18,0x7,
0x10,0x3,0x9e,0x7,0x18,0x6,0x2,0x0,
0x0,0x0,0x0,0x0,0x0,0x0,0x0,0x0,
0x44,0x0,0x0,0x0,0x16,0x0,0x0,0x0,
0x90,0x0,0x0,0x0,0x0,0x0,0x0,0x0,
0x38,0x0,0x0,0x0,0x0,0x0,0x0,0x0,
0x38,0x0,0x0,0x0,0x0,0x0,0x1,0x0,
0xff,0xff,0xff,0xff,0x8,0x0,0x0,0x0,
0xb,0x3,0x90,0x0,0x0,0x0,0x0,0x0,
0x0,0x0,0x7,0x0,0x0,0x0,0x0,0x0,
0x0,0x0,0x0,0x0,0xb,0x3,0x0,0x0,
0x1,0x0,0x0,0x0,0x2f,0x21,0x3,0x0,
0x0,0x3d,0x22,0x3,0x0,0x0,0x18,0x7,
0x2f,0x23,0x3,0x0,0x0,0x9e,0x7,0x18,
0x6,0x2,0x0,0x0,0x0,0x0,0x0,0x0,
0x44,0x0,0x0,0x0,0x13,0x0,0x0,0x0,
0x8b,0x0,0x0,0x0,0x0,0x0,0x0,0x0,
0x38,0x0,0x0,0x0,0x0,0x0,0x0,0x0,
0x38,0x0,0x0,0x0,0x0,0x0,0x1,0x0,
0xff,0xff,0xff,0xff,0x8,0x0,0x0,0x0,
0xe,0x3,0x90,0x0,0x0,0x0,0x0,0x0,
0x0,0x0,0x7,0x0,0x0,0x0,0x0,0x0,
0x0,0x0,0x0,0x0,0xe,0x3,0x0,0x0,
0x1,0x0,0x0,0x0,0x2f,0x24,0x3,0x0,
0x0,0x3d,0x25,0x3,0x0,0x0,0x18,0x7,
0x10,0x28,0x9e,0x7,0x18,0x6,0x2,0x0,
0x0,0x0,0x0,0x0,0x0,0x0,0x0,0x0,
0x44,0x0,0x0,0x0,0x22,0x0,0x0,0x0,
0x8e,0x0,0x0,0x0,0x0,0x0,0x0,0x0,
0x38,0x0,0x0,0x0,0x0,0x0,0x0,0x0,
0x38,0x0,0x0,0x0,0x0,0x0,0x1,0x0,
0xff,0xff,0xff,0xff,0xa,0x0,0x0,0x0,
0x14,0x3,0x90,0x0,0x0,0x0,0x0,0x0,
0x0,0x0,0x7,0x0,0x0,0x0,0x0,0x0,
0x0,0x0,0x0,0x0,0x14,0x3,0x0,0x0,
0x1,0x0,0x0,0x0,0x2f,0x26,0x3,0x0,
0x0,0x3d,0x27,0x3,0x0,0x0,0x18,0x7,
0x2f,0x28,0x3,0x0,0x0,0x9e,0x7,0x18,
0x8,0x10,0x1,0x80,0x8,0x18,0x9,0x4,
0x13,0x9c,0x9,0x18,0x6,0x2,0x0,0x0,
0x0,0x0,0x0,0x0,0x0,0x0,0x0,0x0,
0x44,0x0,0x0,0x0,0x13,0x0,0x0,0x0,
0x8f,0x0,0x0,0x0,0x0,0x0,0x0,0x0,
0x38,0x0,0x0,0x0,0x0,0x0,0x0,0x0,
0x38,0x0,0x0,0x0,0x0,0x0,0x1,0x0,
0xff,0xff,0xff,0xff,0x8,0x0,0x0,0x0,
0x15,0x3,0x90,0x0,0x0,0x0,0x0,0x0,
0x0,0x0,0x7,0x0,0x0,0x0,0x0,0x0,
0x0,0x0,0x0,0x0,0x15,0x3,0x0,0x0,
0x1,0x0,0x0,0x0,0x2f,0x29,0x3,0x0,
0x0,0x3d,0x2a,0x3,0x0,0x0,0x18,0x7,
0x10,0x3,0x9e,0x7,0x18,0x6,0x2,0x0,
0x0,0x0,0x0,0x0,0x0,0x0,0x0,0x0,
0x44,0x0,0x0,0x0,0x16,0x0,0x0,0x0,
0x90,0x0,0x0,0x0,0x0,0x0,0x0,0x0,
0x38,0x0,0x0,0x0,0x0,0x0,0x0,0x0,
0x38,0x0,0x0,0x0,0x0,0x0,0x1,0x0,
0xff,0xff,0xff,0xff,0x8,0x0,0x0,0x0,
0x16,0x3,0x90,0x0,0x0,0x0,0x0,0x0,
0x0,0x0,0x7,0x0,0x0,0x0,0x0,0x0,
0x0,0x0,0x0,0x0,0x16,0x3,0x0,0x0,
0x1,0x0,0x0,0x0,0x2f,0x2b,0x3,0x0,
0x0,0x3d,0x2c,0x3,0x0,0x0,0x18,0x7,
0x2f,0x2d,0x3,0x0,0x0,0x9e,0x7,0x18,
0x6,0x2,0x0,0x0,0x0,0x0,0x0,0x0,
0x44,0x0,0x0,0x0,0x13,0x0,0x0,0x0,
0x8b,0x0,0x0,0x0,0x0,0x0,0x0,0x0,
0x38,0x0,0x0,0x0,0x0,0x0,0x0,0x0,
0x38,0x0,0x0,0x0,0x0,0x0,0x1,0x0,
0xff,0xff,0xff,0xff,0x8,0x0,0x0,0x0,
0x19,0x3,0x90,0x0,0x0,0x0,0x0,0x0,
0x0,0x0,0x7,0x0,0x0,0x0,0x0,0x0,
0x0,0x0,0x0,0x0,0x19,0x3,0x0,0x0,
0x1,0x0,0x0,0x0,0x2f,0x2e,0x3,0x0,
0x0,0x3d,0x2f,0x3,0x0,0x0,0x18,0x7,
0x10,0x28,0x9e,0x7,0x18,0x6,0x2,0x0,
0x0,0x0,0x0,0x0,0x0,0x0,0x0,0x0,
0x44,0x0,0x0,0x0,0x22,0x0,0x0,0x0,
0x8e,0x0,0x0,0x0,0x0,0x0,0x0,0x0,
0x38,0x0,0x0,0x0,0x0,0x0,0x0,0x0,
0x38,0x0,0x0,0x0,0x0,0x0,0x1,0x0,
0xff,0xff,0xff,0xff,0xa,0x0,0x0,0x0,
0x1f,0x3,0x90,0x0,0x0,0x0,0x0,0x0,
0x0,0x0,0x7,0x0,0x0,0x0,0x0,0x0,
0x0,0x0,0x0,0x0,0x1f,0x3,0x0,0x0,
0x1,0x0,0x0,0x0,0x2f,0x30,0x3,0x0,
0x0,0x3d,0x31,0x3,0x0,0x0,0x18,0x7,
0x2f,0x32,0x3,0x0,0x0,0x9e,0x7,0x18,
0x8,0x10,0x1,0x80,0x8,0x18,0x9,0x4,
0x14,0x9c,0x9,0x18,0x6,0x2,0x0,0x0,
0x0,0x0,0x0,0x0,0x0,0x0,0x0,0x0,
0x44,0x0,0x0,0x0,0x13,0x0,0x0,0x0,
0x8f,0x0,0x0,0x0,0x0,0x0,0x0,0x0,
0x38,0x0,0x0,0x0,0x0,0x0,0x0,0x0,
0x38,0x0,0x0,0x0,0x0,0x0,0x1,0x0,
0xff,0xff,0xff,0xff,0x8,0x0,0x0,0x0,
0x20,0x3,0x90,0x0,0x0,0x0,0x0,0x0,
0x0,0x0,0x7,0x0,0x0,0x0,0x0,0x0,
0x0,0x0,0x0,0x0,0x20,0x3,0x0,0x0,
0x1,0x0,0x0,0x0,0x2f,0x33,0x3,0x0,
0x0,0x3d,0x34,0x3,0x0,0x0,0x18,0x7,
0x10,0x3,0x9e,0x7,0x18,0x6,0x2,0x0,
0x0,0x0,0x0,0x0,0x0,0x0,0x0,0x0,
0x44,0x0,0x0,0x0,0x16,0x0,0x0,0x0,
0x90,0x0,0x0,0x0,0x0,0x0,0x0,0x0,
0x38,0x0,0x0,0x0,0x0,0x0,0x0,0x0,
0x38,0x0,0x0,0x0,0x0,0x0,0x1,0x0,
0xff,0xff,0xff,0xff,0x8,0x0,0x0,0x0,
0x21,0x3,0x90,0x0,0x0,0x0,0x0,0x0,
0x0,0x0,0x7,0x0,0x0,0x0,0x0,0x0,
0x0,0x0,0x0,0x0,0x21,0x3,0x0,0x0,
0x1,0x0,0x0,0x0,0x2f,0x35,0x3,0x0,
0x0,0x3d,0x36,0x3,0x0,0x0,0x18,0x7,
0x2f,0x37,0x3,0x0,0x0,0x9e,0x7,0x18,
0x6,0x2,0x0,0x0,0x0,0x0,0x0,0x0,
0x44,0x0,0x0,0x0,0x13,0x0,0x0,0x0,
0x8b,0x0,0x0,0x0,0x0,0x0,0x0,0x0,
0x38,0x0,0x0,0x0,0x0,0x0,0x0,0x0,
0x38,0x0,0x0,0x0,0x0,0x0,0x1,0x0,
0xff,0xff,0xff,0xff,0x8,0x0,0x0,0x0,
0x24,0x3,0x90,0x0,0x0,0x0,0x0,0x0,
0x0,0x0,0x7,0x0,0x0,0x0,0x0,0x0,
0x0,0x0,0x0,0x0,0x24,0x3,0x0,0x0,
0x1,0x0,0x0,0x0,0x2f,0x38,0x3,0x0,
0x0,0x3d,0x39,0x3,0x0,0x0,0x18,0x7,
0x10,0x28,0x9e,0x7,0x18,0x6,0x2,0x0,
0x0,0x0,0x0,0x0,0x0,0x0,0x0,0x0,
0x44,0x0,0x0,0x0,0x22,0x0,0x0,0x0,
0x8e,0x0,0x0,0x0,0x0,0x0,0x0,0x0,
0x38,0x0,0x0,0x0,0x0,0x0,0x0,0x0,
0x38,0x0,0x0,0x0,0x0,0x0,0x1,0x0,
0xff,0xff,0xff,0xff,0xa,0x0,0x0,0x0,
0x2a,0x3,0x90,0x0,0x0,0x0,0x0,0x0,
0x0,0x0,0x7,0x0,0x0,0x0,0x0,0x0,
0x0,0x0,0x0,0x0,0x2a,0x3,0x0,0x0,
0x1,0x0,0x0,0x0,0x2f,0x3a,0x3,0x0,
0x0,0x3d,0x3b,0x3,0x0,0x0,0x18,0x7,
0x2f,0x3c,0x3,0x0,0x0,0x9e,0x7,0x18,
0x8,0x10,0x1,0x80,0x8,0x18,0x9,0x4,
0x15,0x9c,0x9,0x18,0x6,0x2,0x0,0x0,
0x0,0x0,0x0,0x0,0x0,0x0,0x0,0x0,
0x44,0x0,0x0,0x0,0x13,0x0,0x0,0x0,
0x8f,0x0,0x0,0x0,0x0,0x0,0x0,0x0,
0x38,0x0,0x0,0x0,0x0,0x0,0x0,0x0,
0x38,0x0,0x0,0x0,0x0,0x0,0x1,0x0,
0xff,0xff,0xff,0xff,0x8,0x0,0x0,0x0,
0x2b,0x3,0x90,0x0,0x0,0x0,0x0,0x0,
0x0,0x0,0x7,0x0,0x0,0x0,0x0,0x0,
0x0,0x0,0x0,0x0,0x2b,0x3,0x0,0x0,
0x1,0x0,0x0,0x0,0x2f,0x3d,0x3,0x0,
0x0,0x3d,0x3e,0x3,0x0,0x0,0x18,0x7,
0x10,0x3,0x9e,0x7,0x18,0x6,0x2,0x0,
0x0,0x0,0x0,0x0,0x0,0x0,0x0,0x0,
0x44,0x0,0x0,0x0,0x16,0x0,0x0,0x0,
0x90,0x0,0x0,0x0,0x0,0x0,0x0,0x0,
0x38,0x0,0x0,0x0,0x0,0x0,0x0,0x0,
0x38,0x0,0x0,0x0,0x0,0x0,0x1,0x0,
0xff,0xff,0xff,0xff,0x8,0x0,0x0,0x0,
0x2c,0x3,0x90,0x0,0x0,0x0,0x0,0x0,
0x0,0x0,0x7,0x0,0x0,0x0,0x0,0x0,
0x0,0x0,0x0,0x0,0x2c,0x3,0x0,0x0,
0x1,0x0,0x0,0x0,0x2f,0x3f,0x3,0x0,
0x0,0x3d,0x40,0x3,0x0,0x0,0x18,0x7,
0x2f,0x41,0x3,0x0,0x0,0x9e,0x7,0x18,
0x6,0x2,0x0,0x0,0x0,0x0,0x0,0x0,
0x44,0x0,0x0,0x0,0x13,0x0,0x0,0x0,
0x8b,0x0,0x0,0x0,0x0,0x0,0x0,0x0,
0x38,0x0,0x0,0x0,0x0,0x0,0x0,0x0,
0x38,0x0,0x0,0x0,0x0,0x0,0x1,0x0,
0xff,0xff,0xff,0xff,0x8,0x0,0x0,0x0,
0x2f,0x3,0x90,0x0,0x0,0x0,0x0,0x0,
0x0,0x0,0x7,0x0,0x0,0x0,0x0,0x0,
0x0,0x0,0x0,0x0,0x2f,0x3,0x0,0x0,
0x1,0x0,0x0,0x0,0x2f,0x42,0x3,0x0,
0x0,0x3d,0x43,0x3,0x0,0x0,0x18,0x7,
0x10,0x28,0x9e,0x7,0x18,0x6,0x2,0x0,
0x0,0x0,0x0,0x0,0x0,0x0,0x0,0x0,
0x44,0x0,0x0,0x0,0x22,0x0,0x0,0x0,
0x8e,0x0,0x0,0x0,0x0,0x0,0x0,0x0,
0x38,0x0,0x0,0x0,0x0,0x0,0x0,0x0,
0x38,0x0,0x0,0x0,0x0,0x0,0x1,0x0,
0xff,0xff,0xff,0xff,0xa,0x0,0x0,0x0,
0x34,0x3,0x90,0x0,0x0,0x0,0x0,0x0,
0x0,0x0,0x7,0x0,0x0,0x0,0x0,0x0,
0x0,0x0,0x0,0x0,0x34,0x3,0x0,0x0,
0x1,0x0,0x0,0x0,0x2f,0x44,0x3,0x0,
0x0,0x3d,0x45,0x3,0x0,0x0,0x18,0x7,
0x2f,0x46,0x3,0x0,0x0,0x9e,0x7,0x18,
0x8,0x10,0x1,0x80,0x8,0x18,0x9,0x4,
0x16,0x9c,0x9,0x18,0x6,0x2,0x0,0x0,
0x0,0x0,0x0,0x0,0x0,0x0,0x0,0x0,
0x44,0x0,0x0,0x0,0x13,0x0,0x0,0x0,
0x8f,0x0,0x0,0x0,0x0,0x0,0x0,0x0,
0x38,0x0,0x0,0x0,0x0,0x0,0x0,0x0,
0x38,0x0,0x0,0x0,0x0,0x0,0x1,0x0,
0xff,0xff,0xff,0xff,0x8,0x0,0x0,0x0,
0x35,0x3,0x90,0x0,0x0,0x0,0x0,0x0,
0x0,0x0,0x7,0x0,0x0,0x0,0x0,0x0,
0x0,0x0,0x0,0x0,0x35,0x3,0x0,0x0,
0x1,0x0,0x0,0x0,0x2f,0x47,0x3,0x0,
0x0,0x3d,0x48,0x3,0x0,0x0,0x18,0x7,
0x10,0x3,0x9e,0x7,0x18,0x6,0x2,0x0,
0x0,0x0,0x0,0x0,0x0,0x0,0x0,0x0,
0x44,0x0,0x0,0x0,0x16,0x0,0x0,0x0,
0x90,0x0,0x0,0x0,0x0,0x0,0x0,0x0,
0x38,0x0,0x0,0x0,0x0,0x0,0x0,0x0,
0x38,0x0,0x0,0x0,0x0,0x0,0x1,0x0,
0xff,0xff,0xff,0xff,0x8,0x0,0x0,0x0,
0x36,0x3,0x90,0x0,0x0,0x0,0x0,0x0,
0x0,0x0,0x7,0x0,0x0,0x0,0x0,0x0,
0x0,0x0,0x0,0x0,0x36,0x3,0x0,0x0,
0x1,0x0,0x0,0x0,0x2f,0x49,0x3,0x0,
0x0,0x3d,0x4a,0x3,0x0,0x0,0x18,0x7,
0x2f,0x4b,0x3,0x0,0x0,0x9e,0x7,0x18,
0x6,0x2,0x0,0x0,0x0,0x0,0x0,0x0,
0x44,0x0,0x0,0x0,0x13,0x0,0x0,0x0,
0x8b,0x0,0x0,0x0,0x0,0x0,0x0,0x0,
0x38,0x0,0x0,0x0,0x0,0x0,0x0,0x0,
0x38,0x0,0x0,0x0,0x0,0x0,0x1,0x0,
0xff,0xff,0xff,0xff,0x8,0x0,0x0,0x0,
0x39,0x3,0x90,0x0,0x0,0x0,0x0,0x0,
0x0,0x0,0x7,0x0,0x0,0x0,0x0,0x0,
0x0,0x0,0x0,0x0,0x39,0x3,0x0,0x0,
0x1,0x0,0x0,0x0,0x2f,0x4c,0x3,0x0,
0x0,0x3d,0x4d,0x3,0x0,0x0,0x18,0x7,
0x10,0x28,0x9e,0x7,0x18,0x6,0x2,0x0,
0x0,0x0,0x0,0x0,0x0,0x0,0x0,0x0,
0x44,0x0,0x0,0x0,0x13,0x0,0x0,0x0,
0x95,0x0,0x0,0x0,0x0,0x0,0x0,0x0,
0x38,0x0,0x0,0x0,0x0,0x0,0x0,0x0,
0x38,0x0,0x0,0x0,0x0,0x0,0x1,0x0,
0xff,0xff,0xff,0xff,0x8,0x0,0x0,0x0,
0x3d,0x3,0x50,0x0,0x0,0x0,0x0,0x0,
0x0,0x0,0x7,0x0,0x0,0x0,0x0,0x0,
0x0,0x0,0x0,0x0,0x3d,0x3,0x0,0x0,
0x1,0x0,0x0,0x0,0x2f,0x4e,0x3,0x0,
0x0,0x3d,0x4f,0x3,0x0,0x0,0x18,0x7,
0x10,0x3,0x9e,0x7,0x18,0x6,0x2,0x0,
0x0,0x0,0x0,0x0,0x0,0x0,0x0,0x0,
0x44,0x0,0x0,0x0,0x22,0x0,0x0,0x0,
0x8e,0x0,0x0,0x0,0x0,0x0,0x0,0x0,
0x38,0x0,0x0,0x0,0x0,0x0,0x0,0x0,
0x38,0x0,0x0,0x0,0x0,0x0,0x1,0x0,
0xff,0xff,0xff,0xff,0xa,0x0,0x0,0x0,
0x3e,0x3,0x50,0x0,0x0,0x0,0x0,0x0,
0x0,0x0,0x7,0x0,0x0,0x0,0x0,0x0,
0x0,0x0,0x0,0x0,0x3e,0x3,0x0,0x0,
0x1,0x0,0x0,0x0,0x2f,0x50,0x3,0x0,
0x0,0x3d,0x51,0x3,0x0,0x0,0x18,0x7,
0x2f,0x52,0x3,0x0,0x0,0x9e,0x7,0x18,
0x8,0x10,0x1,0x80,0x8,0x18,0x9,0x10,
0x5,0x9c,0x9,0x18,0x6,0x2,0x0,0x0,
0x0,0x0,0x0,0x0,0x0,0x0,0x0,0x0,
0x44,0x0,0x0,0x0,0x19,0x0,0x0,0x0,
0x8f,0x0,0x0,0x0,0x0,0x0,0x0,0x0,
0x38,0x0,0x0,0x0,0x0,0x0,0x0,0x0,
0x38,0x0,0x0,0x0,0x0,0x0,0x1,0x0,
0xff,0xff,0xff,0xff,0x9,0x0,0x0,0x0,
0x3f,0x3,0x50,0x0,0x0,0x0,0x0,0x0,
0x0,0x0,0x7,0x0,0x0,0x0,0x0,0x0,
0x0,0x0,0x0,0x0,0x3f,0x3,0x0,0x0,
0x1,0x0,0x0,0x0,0x2f,0x53,0x3,0x0,
0x0,0x3d,0x54,0x3,0x0,0x0,0x18,0x7,
0x10,0x2,0x9c,0x7,0x18,0x8,0x10,0x3,
0x9e,0x8,0x18,0x6,0x2,0x0,0x0,0x0,
0x0,0x0,0x0,0x0,0x0,0x0,0x0,0x0,
0x44,0x0,0x0,0x0,0x16,0x0,0x0,0x0,
0x90,0x0,0x0,0x0,0x0,0x0,0x0,0x0,
0x38,0x0,0x0,0x0,0x0,0x0,0x0,0x0,
0x38,0x0,0x0,0x0,0x0,0x0,0x1,0x0,
0xff,0xff,0xff,0xff,0x8,0x0,0x0,0x0,
0x40,0x3,0x50,0x0,0x0,0x0,0x0,0x0,
0x0,0x0,0x7,0x0,0x0,0x0,0x0,0x0,
0x0,0x0,0x0,0x0,0x40,0x3,0x0,0x0,
0x1,0x0,0x0,0x0,0x2f,0x55,0x3,0x0,
0x0,0x3d,0x56,0x3,0x0,0x0,0x18,0x7,
0x2f,0x57,0x3,0x0,0x0,0x9e,0x7,0x18,
0x6,0x2,0x0,0x0,0x0,0x0,0x0,0x0,
0x44,0x0,0x0,0x0,0x13,0x0,0x0,0x0,
0x8b,0x0,0x0,0x0,0x0,0x0,0x0,0x0,
0x38,0x0,0x0,0x0,0x0,0x0,0x0,0x0,
0x38,0x0,0x0,0x0,0x0,0x0,0x1,0x0,
0xff,0xff,0xff,0xff,0x8,0x0,0x0,0x0,
0x43,0x3,0x50,0x0,0x0,0x0,0x0,0x0,
0x0,0x0,0x7,0x0,0x0,0x0,0x0,0x0,
0x0,0x0,0x0,0x0,0x43,0x3,0x0,0x0,
0x1,0x0,0x0,0x0,0x2f,0x58,0x3,0x0,
0x0,0x3d,0x59,0x3,0x0,0x0,0x18,0x7,
0x10,0x28,0x9e,0x7,0x18,0x6,0x2,0x0,
0x0,0x0,0x0,0x0,0x0,0x0,0x0,0x0,
0x44,0x0,0x0,0x0,0x13,0x0,0x0,0x0,
0x95,0x0,0x0,0x0,0x0,0x0,0x0,0x0,
0x38,0x0,0x0,0x0,0x0,0x0,0x0,0x0,
0x38,0x0,0x0,0x0,0x0,0x0,0x1,0x0,
0xff,0xff,0xff,0xff,0x8,0x0,0x0,0x0,
0x49,0x3,0x50,0x0,0x0,0x0,0x0,0x0,
0x0,0x0,0x7,0x0,0x0,0x0,0x0,0x0,
0x0,0x0,0x0,0x0,0x49,0x3,0x0,0x0,
0x1,0x0,0x0,0x0,0x2f,0x5a,0x3,0x0,
0x0,0x3d,0x5b,0x3,0x0,0x0,0x18,0x7,
0x10,0x3,0x9e,0x7,0x18,0x6,0x2,0x0,
0x0,0x0,0x0,0x0,0x0,0x0,0x0,0x0,
0x44,0x0,0x0,0x0,0x22,0x0,0x0,0x0,
0x8e,0x0,0x0,0x0,0x0,0x0,0x0,0x0,
0x38,0x0,0x0,0x0,0x0,0x0,0x0,0x0,
0x38,0x0,0x0,0x0,0x0,0x0,0x1,0x0,
0xff,0xff,0xff,0xff,0xa,0x0,0x0,0x0,
0x4a,0x3,0x50,0x0,0x0,0x0,0x0,0x0,
0x0,0x0,0x7,0x0,0x0,0x0,0x0,0x0,
0x0,0x0,0x0,0x0,0x4a,0x3,0x0,0x0,
0x1,0x0,0x0,0x0,0x2f,0x5c,0x3,0x0,
0x0,0x3d,0x5d,0x3,0x0,0x0,0x18,0x7,
0x2f,0x5e,0x3,0x0,0x0,0x9e,0x7,0x18,
0x8,0x10,0x1,0x80,0x8,0x18,0x9,0x4,
0x11,0x9c,0x9,0x18,0x6,0x2,0x0,0x0,
0x0,0x0,0x0,0x0,0x0,0x0,0x0,0x0,
0x44,0x0,0x0,0x0,0x19,0x0,0x0,0x0,
0x8f,0x0,0x0,0x0,0x0,0x0,0x0,0x0,
0x38,0x0,0x0,0x0,0x0,0x0,0x0,0x0,
0x38,0x0,0x0,0x0,0x0,0x0,0x1,0x0,
0xff,0xff,0xff,0xff,0x9,0x0,0x0,0x0,
0x4b,0x3,0x50,0x0,0x0,0x0,0x0,0x0,
0x0,0x0,0x7,0x0,0x0,0x0,0x0,0x0,
0x0,0x0,0x0,0x0,0x4b,0x3,0x0,0x0,
0x1,0x0,0x0,0x0,0x2f,0x5f,0x3,0x0,
0x0,0x3d,0x60,0x3,0x0,0x0,0x18,0x7,
0x10,0x2,0x9c,0x7,0x18,0x8,0x10,0x3,
0x9e,0x8,0x18,0x6,0x2,0x0,0x0,0x0,
0x0,0x0,0x0,0x0,0x0,0x0,0x0,0x0,
0x44,0x0,0x0,0x0,0x16,0x0,0x0,0x0,
0x90,0x0,0x0,0x0,0x0,0x0,0x0,0x0,
0x38,0x0,0x0,0x0,0x0,0x0,0x0,0x0,
0x38,0x0,0x0,0x0,0x0,0x0,0x1,0x0,
0xff,0xff,0xff,0xff,0x8,0x0,0x0,0x0,
0x4c,0x3,0x50,0x0,0x0,0x0,0x0,0x0,
0x0,0x0,0x7,0x0,0x0,0x0,0x0,0x0,
0x0,0x0,0x0,0x0,0x4c,0x3,0x0,0x0,
0x1,0x0,0x0,0x0,0x2f,0x61,0x3,0x0,
0x0,0x3d,0x62,0x3,0x0,0x0,0x18,0x7,
0x2f,0x63,0x3,0x0,0x0,0x9e,0x7,0x18,
0x6,0x2,0x0,0x0,0x0,0x0,0x0,0x0,
0x98,0x0,0x0,0x0,0x8b,0x0,0x0,0x0,
0xd9,0x0,0x0,0x0,0x0,0x0,0x0,0x0,
0x38,0x0,0x0,0x0,0x0,0x0,0x0,0x0,
0x38,0x0,0x0,0x0,0x0,0x0,0x8,0x0,
0xff,0xff,0xff,0xff,0xc,0x0,0x0,0x0,
0x66,0x3,0x90,0x0,0x0,0x0,0x0,0x0,
0x0,0x0,0x7,0x0,0x0,0x0,0x0,0x0,
0x0,0x0,0x0,0x0,0x66,0x3,0x0,0x0,
0x0,0x0,0x0,0x0,0x1,0x0,0x0,0x0,
0x67,0x3,0x0,0x0,0x3,0x0,0x0,0x0,
0x27,0x0,0x0,0x0,0x69,0x3,0x0,0x0,
0x4,0x0,0x0,0x0,0x34,0x0,0x0,0x0,
0x6a,0x3,0x0,0x0,0x7,0x0,0x0,0x0,
0x4c,0x0,0x0,0x0,0x6b,0x3,0x0,0x0,
0x8,0x0,0x0,0x0,0x4e,0x0,0x0,0x0,
0x6e,0x3,0x0,0x0,0xa,0x0,0x0,0x0,
0x6d,0x0,0x0,0x0,0x70,0x3,0x0,0x0,
0xb,0x0,0x0,0x0,0x87,0x0,0x0,0x0,
0x71,0x3,0x0,0x0,0xb,0x0,0x0,0x0,
0xca,0x2f,0x64,0x3,0x0,0x0,0x18,0x7,
0x13,0xd6,0x1,0x0,0x0,0x18,0xa,0x2f,
0x65,0x3,0x0,0x0,0x18,0xb,0xad,0x66,
0x3,0x0,0x0,0x7,0x0,0x0,0x0,0x2,
0x0,0x0,0x0,0xa,0x0,0x0,0x0,0x2f,
0x67,0x3,0x0,0x0,0x18,0x7,0x12,0x0,
0x6c,0x7,0x50,0x1a,0x2f,0x68,0x3,0x0,
0x0,0x18,0x8,0xad,0x69,0x3,0x0,0x0,
0x8,0x0,0x0,0x0,0x0,0x0,0x0,0x0,
0x0,0x0,0x0,0x0,0xe,0x2,0x2f,0x6a,
0x3,0x0,0x0,0x18,0x7,0x13,0xd8,0x1,
0x0,0x0,0x18,0xa,0xad,0x6b,0x3,0x0,
0x0,0x7,0x0,0x0,0x0,0x1,0x0,0x0,
0x0,0xa,0x0,0x0,0x0,0x2f,0x6c,0x3,
0x0,0x0,0x18,0x7,0xad,0x6d,0x3,0x0,
0x0,0x7,0x0,0x0,0x0,0x0,0x0,0x0,
0x0,0x0,0x0,0x0,0x0,0x18,0x6,0xd4,
0x16,0x6,0x2,0x0,0x0,0x0,0x0,0x0,
0x0,0x0,0x0,0x0,0x0,0x0,0x0,0x0,
0x44,0x0,0x0,0x0,0x13,0x0,0x0,0x0,
0x8b,0x0,0x0,0x0,0x0,0x0,0x0,0x0,
0x38,0x0,0x0,0x0,0x0,0x0,0x0,0x0,
0x38,0x0,0x0,0x0,0x0,0x0,0x1,0x0,
0xff,0xff,0xff,0xff,0x8,0x0,0x0,0x0,
0x4f,0x3,0x50,0x0,0x0,0x0,0x0,0x0,
0x0,0x0,0x7,0x0,0x0,0x0,0x0,0x0,
0x0,0x0,0x0,0x0,0x4f,0x3,0x0,0x0,
0x1,0x0,0x0,0x0,0x2f,0x6e,0x3,0x0,
0x0,0x3d,0x6f,0x3,0x0,0x0,0x18,0x7,
0x10,0x28,0x9e,0x7,0x18,0x6,0x2,0x0,
0x0,0x0,0x0,0x0,0x0,0x0,0x0,0x0,
0xc8,0x0,0x0,0x0,0xc,0x1,0x0,0x0,
0x33,0x0,0x0,0x0,0x0,0x0,0x0,0x0,
0x38,0x0,0x0,0x0,0x0,0x0,0x0,0x0,
0x38,0x0,0x0,0x0,0x0,0x0,0xc,0x0,
0xff,0xff,0xff,0xff,0xe,0x0,0x0,0x0,
0x55,0x3,0x90,0x0,0x0,0x0,0x0,0x0,
0x0,0x0,0x7,0x0,0x0,0x0,0x0,0x0,
0x0,0x0,0x0,0x0,0x55,0x3,0x0,0x0,
0x0,0x0,0x0,0x0,0x1,0x0,0x0,0x0,
0x56,0x3,0x0,0x0,0x2,0x0,0x0,0x0,
0x16,0x0,0x0,0x0,0x56,0x3,0x0,0x0,
0x3,0x0,0x0,0x0,0x1a,0x0,0x0,0x0,
0x57,0x3,0x0,0x0,0x5,0x0,0x0,0x0,
0x45,0x0,0x0,0x0,0x58,0x3,0x0,0x0,
0x7,0x0,0x0,0x0,0x5d,0x0,0x0,0x0,
0x59,0x3,0x0,0x0,0x8,0x0,0x0,0x0,
0x78,0x0,0x0,0x0,0x5a,0x3,0x0,0x0,
0x9,0x0,0x0,0x0,0x88,0x0,0x0,0x0,
0x5b,0x3,0x0,0x0,0xc,0x0,0x0,0x0,
0xa7,0x0,0x0,0x0,0x5c,0x3,0x0,0x0,
0xd,0x0,0x0,0x0,0xb8,0x0,0x0,0x0,
0x5e,0x3,0x0,0x0,0xf,0x0,0x0,0x0,
0xe7,0x0,0x0,0x0,0x61,0x3,0x0,0x0,
0x11,0x0,0x0,0x0,0x8,0x1,0x0,0x0,
0x63,0x3,0x0,0x0,0x11,0x0,0x0,0x0,
0xca,0x2f,0x70,0x3,0x0,0x0,0x3d,0x71,
0x3,0x0,0x0,0x18,0x7,0x12,0x0,0x6e,
0x7,0x51,0xd1,0x0,0x0,0x0,0x1,0x2,
0x8,0x1,0x2f,0x72,0x3,0x0,0x0,0x18,
0x9,0x13,0xd9,0x1,0x0,0x0,0x18,0xc,
0x2f,0x73,0x3,0x0,0x0,0x3d,0x74,0x3,
0x0,0x0,0x18,0xd,0xad,0x75,0x3,0x0,
0x0,0x9,0x0,0x0,0x0,0x2,0x0,0x0,
0x0,0xc,0x0,0x0,0x0,0x2f,0x76,0x3,
0x0,0x0,0x18,0x9,0xad,0x77,0x3,0x0,
0x0,0x9,0x0,0x0,0x0,0x0,0x0,0x0,
0x0,0x0,0x0,0x0,0x0,0x2f,0x78,0x3,
0x0,0x0,0x3d,0x79,0x3,0x0,0x0,0x18,
0xb,0xb5,0x7a,0x3,0x0,0x0,0x1,0x0,
0x0,0x0,0xb,0x0,0x0,0x0,0x18,0x8,
0xb5,0x7b,0x3,0x0,0x0,0x1,0x0,0x0,
0x0,0x8,0x0,0x0,0x0,0x74,0x50,0x30,
0x2f,0x7c,0x3,0x0,0x0,0x18,0x9,0x16,
0x8,0xc3,0xde,0x1,0x0,0x0,0xad,0x7d,
0x3,0x0,0x0,0x9,0x0,0x0,0x0,0x1,
0x0,0x0,0x0,0x8,0x0,0x0,0x0,0xb5,
0x7e,0x3,0x0,0x0,0x0,0x0,0x0,0x0,
0x0,0x0,0x0,0x0,0x18,0x6,0x4c,0x2d,
0x2f,0x7f,0x3,0x0,0x0,0x18,0x9,0x13,
0xdf,0x1,0x0,0x0,0x18,0xc,0x2f,0x80,
0x3,0x0,0x0,0x3d,0x81,0x3,0x0,0x0,
0x18,0xd,0xad,0x82,0x3,0x0,0x0,0x9,
0x0,0x0,0x0,0x2,0x0,0x0,0x0,0xc,
0x0,0x0,0x0,0x18,0x6,0x4c,0x21,0x2f,
0x83,0x3,0x0,0x0,0x18,0x8,0x13,0xe0,
0x1,0x0,0x0,0x18,0xb,0xad,0x84,0x3,
0x0,0x0,0x8,0x0,0x0,0x0,0x1,0x0,
0x0,0x0,0xb,0x0,0x0,0x0,0x18,0x6,
0xd4,0x16,0x6,0x2,0x0,0x0,0x0,0x0,
0x0,0x0,0x0,0x0,0x0,0x0,0x0,0x0,
0x44,0x0,0x0,0x0,0x8,0x0,0x0,0x0,
0x1d,0x0,0x0,0x0,0x0,0x0,0x0,0x0,
0x38,0x0,0x0,0x0,0x0,0x0,0x0,0x0,
0x38,0x0,0x0,0x0,0x0,0x0,0x1,0x0,
0xff,0xff,0xff,0xff,0x7,0x0,0x0,0x0,
0x7e,0x3,0x50,0x0,0x0,0x0,0x0,0x0,
0x0,0x0,0x7,0x0,0x0,0x0,0x0,0x0,
0x0,0x0,0x0,0x0,0x7e,0x3,0x0,0x0,
0x1,0x0,0x0,0x0,0x2f,0x85,0x3,0x0,
0x0,0x18,0x6,0x2,0x0,0x0,0x0,0x0,
0x64,0x0,0x0,0x0,0x31,0x0,0x0,0x0,
0xe0,0x0,0x0,0x0,0x1,0x0,0x1,0x0,
0x38,0x0,0x0,0x0,0x0,0x0,0x0,0x0,
0x40,0x0,0x0,0x0,0x0,0x0,0x3,0x0,
0xff,0xff,0xff,0xff,0xd,0x0,0x0,0x0,
0x7f,0x3,0x50,0x0,0x0,0x0,0x0,0x0,
0x0,0x0,0x8,0x0,0x0,0x0,0x0,0x0,
0xe1,0x0,0x0,0x0,0x0,0x0,0x0,0x0,
0x0,0x0,0x0,0x0,0x80,0x3,0x0,0x0,
0x2,0x0,0x0,0x0,0x22,0x0,0x0,0x0,
0x81,0x3,0x0,0x0,0x4,0x0,0x0,0x0,
0x2f,0x0,0x0,0x0,0x82,0x3,0x0,0x0,
0x4,0x0,0x0,0x0,0x2f,0x86,0x3,0x0,
0x0,0x18,0x8,0x13,0xe1,0x1,0x0,0x0,
0x18,0xb,0x1a,0x6,0xc,0xad,0x87,0x3,
0x0,0x0,0x8,0x0,0x0,0x0,0x2,0x0,
0x0,0x0,0xb,0x0,0x0,0x0,0xb5,0x88,
0x3,0x0,0x0,0x0,0x0,0x0,0x0,0x0,
0x0,0x0,0x0,0xe,0x2,0x0,0x0,0x0,
0x0,0x0,0x0,0x0,0x0,0x0,0x0,0x0,
0x64,0x0,0x0,0x0,0x31,0x0,0x0,0x0,
0xe2,0x0,0x0,0x0,0x1,0x0,0x1,0x0,
0x38,0x0,0x0,0x0,0x0,0x0,0x0,0x0,
0x40,0x0,0x0,0x0,0x0,0x0,0x3,0x0,
0xff,0xff,0xff,0xff,0xd,0x0,0x0,0x0,
0x84,0x3,0x50,0x0,0x0,0x0,0x0,0x0,
0x0,0x0,0x8,0x0,0x0,0x0,0x0,0x0,
0x19,0x0,0x0,0x0,0x0,0x0,0x0,0x0,
0x0,0x0,0x0,0x0,0x85,0x3,0x0,0x0,
0x2,0x0,0x0,0x0,0x22,0x0,0x0,0x0,
0x86,0x3,0x0,0x0,0x4,0x0,0x0,0x0,
0x2f,0x0,0x0,0x0,0x87,0x3,0x0,0x0,
0x4,0x0,0x0,0x0,0x2f,0x89,0x3,0x0,
0x0,0x18,0x8,0x13,0xe2,0x1,0x0,0x0,
0x18,0xb,0x1a,0x6,0xc,0xad,0x8a,0x3,
0x0,0x0,0x8,0x0,0x0,0x0,0x2,0x0,
0x0,0x0,0xb,0x0,0x0,0x0,0xb5,0x8b,
0x3,0x0,0x0,0x0,0x0,0x0,0x0,0x0,
0x0,0x0,0x0,0xe,0x2,0x0,0x0,0x0,
0x0,0x0,0x0,0x0,0x0,0x0,0x0,0x0,
0x44,0x0,0x0,0x0,0x13,0x0,0x0,0x0,
0x95,0x0,0x0,0x0,0x0,0x0,0x0,0x0,
0x38,0x0,0x0,0x0,0x0,0x0,0x0,0x0,
0x38,0x0,0x0,0x0,0x0,0x0,0x1,0x0,
0xff,0xff,0xff,0xff,0x8,0x0,0x0,0x0,
0xa3,0x3,0x90,0x0,0x0,0x0,0x0,0x0,
0x0,0x0,0x7,0x0,0x0,0x0,0x0,0x0,
0x0,0x0,0x0,0x0,0xa3,0x3,0x0,0x0,
0x1,0x0,0x0,0x0,0x2f,0x8c,0x3,0x0,
0x0,0x3d,0x8d,0x3,0x0,0x0,0x18,0x7,
0x10,0x3,0x9e,0x7,0x18,0x6,0x2,0x0,
0x0,0x0,0x0,0x0,0x0,0x0,0x0,0x0,
0x44,0x0,0x0,0x0,0x22,0x0,0x0,0x0,
0x8e,0x0,0x0,0x0,0x0,0x0,0x0,0x0,
0x38,0x0,0x0,0x0,0x0,0x0,0x0,0x0,
0x38,0x0,0x0,0x0,0x0,0x0,0x1,0x0,
0xff,0xff,0xff,0xff,0xa,0x0,0x0,0x0,
0xa4,0x3,0x90,0x0,0x0,0x0,0x0,0x0,
0x0,0x0,0x7,0x0,0x0,0x0,0x0,0x0,
0x0,0x0,0x0,0x0,0xa4,0x3,0x0,0x0,
0x1,0x0,0x0,0x0,0x2f,0x8e,0x3,0x0,
0x0,0x3d,0x8f,0x3,0x0,0x0,0x18,0x7,
0x2f,0x90,0x3,0x0,0x0,0x9e,0x7,0x18,
0x8,0x10,0x1,0x80,0x8,0x18,0x9,0x4,
0x12,0x9c,0x9,0x18,0x6,0x2,0x0,0x0,
0x0,0x0,0x0,0x0,0x0,0x0,0x0,0x0,
0x44,0x0,0x0,0x0,0x19,0x0,0x0,0x0,
0x8f,0x0,0x0,0x0,0x0,0x0,0x0,0x0,
0x38,0x0,0x0,0x0,0x0,0x0,0x0,0x0,
0x38,0x0,0x0,0x0,0x0,0x0,0x1,0x0,
0xff,0xff,0xff,0xff,0x9,0x0,0x0,0x0,
0xa5,0x3,0x90,0x0,0x0,0x0,0x0,0x0,
0x0,0x0,0x7,0x0,0x0,0x0,0x0,0x0,
0x0,0x0,0x0,0x0,0xa5,0x3,0x0,0x0,
0x1,0x0,0x0,0x0,0x2f,0x91,0x3,0x0,
0x0,0x3d,0x92,0x3,0x0,0x0,0x18,0x7,
0x10,0x2,0x9c,0x7,0x18,0x8,0x10,0x3,
0x9e,0x8,0x18,0x6,0x2,0x0,0x0,0x0,
0x0,0x0,0x0,0x0,0x0,0x0,0x0,0x0,
0x44,0x0,0x0,0x0,0x16,0x0,0x0,0x0,
0x90,0x0,0x0,0x0,0x0,0x0,0x0,0x0,
0x38,0x0,0x0,0x0,0x0,0x0,0x0,0x0,
0x38,0x0,0x0,0x0,0x0,0x0,0x1,0x0,
0xff,0xff,0xff,0xff,0x8,0x0,0x0,0x0,
0xa6,0x3,0x90,0x0,0x0,0x0,0x0,0x0,
0x0,0x0,0x7,0x0,0x0,0x0,0x0,0x0,
0x0,0x0,0x0,0x0,0xa6,0x3,0x0,0x0,
0x1,0x0,0x0,0x0,0x2f,0x93,0x3,0x0,
0x0,0x3d,0x94,0x3,0x0,0x0,0x18,0x7,
0x2f,0x95,0x3,0x0,0x0,0x9e,0x7,0x18,
0x6,0x2,0x0,0x0,0x0,0x0,0x0,0x0,
0x44,0x0,0x0,0x0,0x13,0x0,0x0,0x0,
0x8b,0x0,0x0,0x0,0x0,0x0,0x0,0x0,
0x38,0x0,0x0,0x0,0x0,0x0,0x0,0x0,
0x38,0x0,0x0,0x0,0x0,0x0,0x1,0x0,
0xff,0xff,0xff,0xff,0x8,0x0,0x0,0x0,
0xa9,0x3,0x90,0x0,0x0,0x0,0x0,0x0,
0x0,0x0,0x7,0x0,0x0,0x0,0x0,0x0,
0x0,0x0,0x0,0x0,0xa9,0x3,0x0,0x0,
0x1,0x0,0x0,0x0,0x2f,0x96,0x3,0x0,
0x0,0x3d,0x97,0x3,0x0,0x0,0x18,0x7,
0x10,0x28,0x9e,0x7,0x18,0x6,0x2,0x0,
0x0,0x0,0x0,0x0,0x0,0x0,0x0,0x0,
0x44,0x0,0x0,0x0,0x13,0x0,0x0,0x0,
0x95,0x0,0x0,0x0,0x0,0x0,0x0,0x0,
0x38,0x0,0x0,0x0,0x0,0x0,0x0,0x0,
0x38,0x0,0x0,0x0,0x0,0x0,0x1,0x0,
0xff,0xff,0xff,0xff,0x8,0x0,0x0,0x0,
0xae,0x3,0x90,0x0,0x0,0x0,0x0,0x0,
0x0,0x0,0x7,0x0,0x0,0x0,0x0,0x0,
0x0,0x0,0x0,0x0,0xae,0x3,0x0,0x0,
0x1,0x0,0x0,0x0,0x2f,0x98,0x3,0x0,
0x0,0x3d,0x99,0x3,0x0,0x0,0x18,0x7,
0x10,0x3,0x9e,0x7,0x18,0x6,0x2,0x0,
0x0,0x0,0x0,0x0,0x0,0x0,0x0,0x0,
0x44,0x0,0x0,0x0,0x22,0x0,0x0,0x0,
0x8e,0x0,0x0,0x0,0x0,0x0,0x0,0x0,
0x38,0x0,0x0,0x0,0x0,0x0,0x0,0x0,
0x38,0x0,0x0,0x0,0x0,0x0,0x1,0x0,
0xff,0xff,0xff,0xff,0xa,0x0,0x0,0x0,
0xaf,0x3,0x90,0x0,0x0,0x0,0x0,0x0,
0x0,0x0,0x7,0x0,0x0,0x0,0x0,0x0,
0x0,0x0,0x0,0x0,0xaf,0x3,0x0,0x0,
0x1,0x0,0x0,0x0,0x2f,0x9a,0x3,0x0,
0x0,0x3d,0x9b,0x3,0x0,0x0,0x18,0x7,
0x2f,0x9c,0x3,0x0,0x0,0x9e,0x7,0x18,
0x8,0x10,0x1,0x80,0x8,0x18,0x9,0x4,
0x13,0x9c,0x9,0x18,0x6,0x2,0x0,0x0,
0x0,0x0,0x0,0x0,0x0,0x0,0x0,0x0,
0x44,0x0,0x0,0x0,0x19,0x0,0x0,0x0,
0x8f,0x0,0x0,0x0,0x0,0x0,0x0,0x0,
0x38,0x0,0x0,0x0,0x0,0x0,0x0,0x0,
0x38,0x0,0x0,0x0,0x0,0x0,0x1,0x0,
0xff,0xff,0xff,0xff,0x9,0x0,0x0,0x0,
0xb0,0x3,0x90,0x0,0x0,0x0,0x0,0x0,
0x0,0x0,0x7,0x0,0x0,0x0,0x0,0x0,
0x0,0x0,0x0,0x0,0xb0,0x3,0x0,0x0,
0x1,0x0,0x0,0x0,0x2f,0x9d,0x3,0x0,
0x0,0x3d,0x9e,0x3,0x0,0x0,0x18,0x7,
0x10,0x2,0x9c,0x7,0x18,0x8,0x10,0x3,
0x9e,0x8,0x18,0x6,0x2,0x0,0x0,0x0,
0x0,0x0,0x0,0x0,0x0,0x0,0x0,0x0,
0x44,0x0,0x0,0x0,0x16,0x0,0x0,0x0,
0x90,0x0,0x0,0x0,0x0,0x0,0x0,0x0,
0x38,0x0,0x0,0x0,0x0,0x0,0x0,0x0,
0x38,0x0,0x0,0x0,0x0,0x0,0x1,0x0,
0xff,0xff,0xff,0xff,0x8,0x0,0x0,0x0,
0xb1,0x3,0x90,0x0,0x0,0x0,0x0,0x0,
0x0,0x0,0x7,0x0,0x0,0x0,0x0,0x0,
0x0,0x0,0x0,0x0,0xb1,0x3,0x0,0x0,
0x1,0x0,0x0,0x0,0x2f,0x9f,0x3,0x0,
0x0,0x3d,0xa0,0x3,0x0,0x0,0x18,0x7,
0x2f,0xa1,0x3,0x0,0x0,0x9e,0x7,0x18,
0x6,0x2,0x0,0x0,0x0,0x0,0x0,0x0,
0x44,0x0,0x0,0x0,0x13,0x0,0x0,0x0,
0x8b,0x0,0x0,0x0,0x0,0x0,0x0,0x0,
0x38,0x0,0x0,0x0,0x0,0x0,0x0,0x0,
0x38,0x0,0x0,0x0,0x0,0x0,0x1,0x0,
0xff,0xff,0xff,0xff,0x8,0x0,0x0,0x0,
0xb4,0x3,0x90,0x0,0x0,0x0,0x0,0x0,
0x0,0x0,0x7,0x0,0x0,0x0,0x0,0x0,
0x0,0x0,0x0,0x0,0xb4,0x3,0x0,0x0,
0x1,0x0,0x0,0x0,0x2f,0xa2,0x3,0x0,
0x0,0x3d,0xa3,0x3,0x0,0x0,0x18,0x7,
0x10,0x28,0x9e,0x7,0x18,0x6,0x2,0x0,
0x0,0x0,0x0,0x0,0x0,0x0,0x0,0x0,
0x44,0x0,0x0,0x0,0x13,0x0,0x0,0x0,
0x95,0x0,0x0,0x0,0x0,0x0,0x0,0x0,
0x38,0x0,0x0,0x0,0x0,0x0,0x0,0x0,
0x38,0x0,0x0,0x0,0x0,0x0,0x1,0x0,
0xff,0xff,0xff,0xff,0x8,0x0,0x0,0x0,
0xb9,0x3,0x90,0x0,0x0,0x0,0x0,0x0,
0x0,0x0,0x7,0x0,0x0,0x0,0x0,0x0,
0x0,0x0,0x0,0x0,0xb9,0x3,0x0,0x0,
0x1,0x0,0x0,0x0,0x2f,0xa4,0x3,0x0,
0x0,0x3d,0xa5,0x3,0x0,0x0,0x18,0x7,
0x10,0x3,0x9e,0x7,0x18,0x6,0x2,0x0,
0x0,0x0,0x0,0x0,0x0,0x0,0x0,0x0,
0x44,0x0,0x0,0x0,0x22,0x0,0x0,0x0,
0x8e,0x0,0x0,0x0,0x0,0x0,0x0,0x0,
0x38,0x0,0x0,0x0,0x0,0x0,0x0,0x0,
0x38,0x0,0x0,0x0,0x0,0x0,0x1,0x0,
0xff,0xff,0xff,0xff,0xa,0x0,0x0,0x0,
0xba,0x3,0x90,0x0,0x0,0x0,0x0,0x0,
0x0,0x0,0x7,0x0,0x0,0x0,0x0,0x0,
0x0,0x0,0x0,0x0,0xba,0x3,0x0,0x0,
0x1,0x0,0x0,0x0,0x2f,0xa6,0x3,0x0,
0x0,0x3d,0xa7,0x3,0x0,0x0,0x18,0x7,
0x2f,0xa8,0x3,0x0,0x0,0x9e,0x7,0x18,
0x8,0x10,0x1,0x80,0x8,0x18,0x9,0x4,
0x14,0x9c,0x9,0x18,0x6,0x2,0x0,0x0,
0x0,0x0,0x0,0x0,0x0,0x0,0x0,0x0,
0x44,0x0,0x0,0x0,0x19,0x0,0x0,0x0,
0x8f,0x0,0x0,0x0,0x0,0x0,0x0,0x0,
0x38,0x0,0x0,0x0,0x0,0x0,0x0,0x0,
0x38,0x0,0x0,0x0,0x0,0x0,0x1,0x0,
0xff,0xff,0xff,0xff,0x9,0x0,0x0,0x0,
0xbb,0x3,0x90,0x0,0x0,0x0,0x0,0x0,
0x0,0x0,0x7,0x0,0x0,0x0,0x0,0x0,
0x0,0x0,0x0,0x0,0xbb,0x3,0x0,0x0,
0x1,0x0,0x0,0x0,0x2f,0xa9,0x3,0x0,
0x0,0x3d,0xaa,0x3,0x0,0x0,0x18,0x7,
0x10,0x2,0x9c,0x7,0x18,0x8,0x10,0x3,
0x9e,0x8,0x18,0x6,0x2,0x0,0x0,0x0,
0x0,0x0,0x0,0x0,0x0,0x0,0x0,0x0,
0x44,0x0,0x0,0x0,0x16,0x0,0x0,0x0,
0x90,0x0,0x0,0x0,0x0,0x0,0x0,0x0,
0x38,0x0,0x0,0x0,0x0,0x0,0x0,0x0,
0x38,0x0,0x0,0x0,0x0,0x0,0x1,0x0,
0xff,0xff,0xff,0xff,0x8,0x0,0x0,0x0,
0xbc,0x3,0x90,0x0,0x0,0x0,0x0,0x0,
0x0,0x0,0x7,0x0,0x0,0x0,0x0,0x0,
0x0,0x0,0x0,0x0,0xbc,0x3,0x0,0x0,
0x1,0x0,0x0,0x0,0x2f,0xab,0x3,0x0,
0x0,0x3d,0xac,0x3,0x0,0x0,0x18,0x7,
0x2f,0xad,0x3,0x0,0x0,0x9e,0x7,0x18,
0x6,0x2,0x0,0x0,0x0,0x0,0x0,0x0,
0x44,0x0,0x0,0x0,0x13,0x0,0x0,0x0,
0x8b,0x0,0x0,0x0,0x0,0x0,0x0,0x0,
0x38,0x0,0x0,0x0,0x0,0x0,0x0,0x0,
0x38,0x0,0x0,0x0,0x0,0x0,0x1,0x0,
0xff,0xff,0xff,0xff,0x8,0x0,0x0,0x0,
0xbf,0x3,0x90,0x0,0x0,0x0,0x0,0x0,
0x0,0x0,0x7,0x0,0x0,0x0,0x0,0x0,
0x0,0x0,0x0,0x0,0xbf,0x3,0x0,0x0,
0x1,0x0,0x0,0x0,0x2f,0xae,0x3,0x0,
0x0,0x3d,0xaf,0x3,0x0,0x0,0x18,0x7,
0x10,0x28,0x9e,0x7,0x18,0x6,0x2,0x0,
0x0,0x0,0x0,0x0,0x0,0x0,0x0,0x0,
0x44,0x0,0x0,0x0,0x13,0x0,0x0,0x0,
0x95,0x0,0x0,0x0,0x0,0x0,0x0,0x0,
0x38,0x0,0x0,0x0,0x0,0x0,0x0,0x0,
0x38,0x0,0x0,0x0,0x0,0x0,0x1,0x0,
0xff,0xff,0xff,0xff,0x8,0x0,0x0,0x0,
0xc4,0x3,0x90,0x0,0x0,0x0,0x0,0x0,
0x0,0x0,0x7,0x0,0x0,0x0,0x0,0x0,
0x0,0x0,0x0,0x0,0xc4,0x3,0x0,0x0,
0x1,0x0,0x0,0x0,0x2f,0xb0,0x3,0x0,
0x0,0x3d,0xb1,0x3,0x0,0x0,0x18,0x7,
0x10,0x3,0x9e,0x7,0x18,0x6,0x2,0x0,
0x0,0x0,0x0,0x0,0x0,0x0,0x0,0x0,
0x44,0x0,0x0,0x0,0x22,0x0,0x0,0x0,
0x8e,0x0,0x0,0x0,0x0,0x0,0x0,0x0,
0x38,0x0,0x0,0x0,0x0,0x0,0x0,0x0,
0x38,0x0,0x0,0x0,0x0,0x0,0x1,0x0,
0xff,0xff,0xff,0xff,0xa,0x0,0x0,0x0,
0xc5,0x3,0x90,0x0,0x0,0x0,0x0,0x0,
0x0,0x0,0x7,0x0,0x0,0x0,0x0,0x0,
0x0,0x0,0x0,0x0,0xc5,0x3,0x0,0x0,
0x1,0x0,0x0,0x0,0x2f,0xb2,0x3,0x0,
0x0,0x3d,0xb3,0x3,0x0,0x0,0x18,0x7,
0x2f,0xb4,0x3,0x0,0x0,0x9e,0x7,0x18,
0x8,0x10,0x1,0x80,0x8,0x18,0x9,0x4,
0x15,0x9c,0x9,0x18,0x6,0x2,0x0,0x0,
0x0,0x0,0x0,0x0,0x0,0x0,0x0,0x0,
0x44,0x0,0x0,0x0,0x19,0x0,0x0,0x0,
0x8f,0x0,0x0,0x0,0x0,0x0,0x0,0x0,
0x38,0x0,0x0,0x0,0x0,0x0,0x0,0x0,
0x38,0x0,0x0,0x0,0x0,0x0,0x1,0x0,
0xff,0xff,0xff,0xff,0x9,0x0,0x0,0x0,
0xc6,0x3,0x90,0x0,0x0,0x0,0x0,0x0,
0x0,0x0,0x7,0x0,0x0,0x0,0x0,0x0,
0x0,0x0,0x0,0x0,0xc6,0x3,0x0,0x0,
0x1,0x0,0x0,0x0,0x2f,0xb5,0x3,0x0,
0x0,0x3d,0xb6,0x3,0x0,0x0,0x18,0x7,
0x10,0x2,0x9c,0x7,0x18,0x8,0x10,0x3,
0x9e,0x8,0x18,0x6,0x2,0x0,0x0,0x0,
0x0,0x0,0x0,0x0,0x0,0x0,0x0,0x0,
0x44,0x0,0x0,0x0,0x16,0x0,0x0,0x0,
0x90,0x0,0x0,0x0,0x0,0x0,0x0,0x0,
0x38,0x0,0x0,0x0,0x0,0x0,0x0,0x0,
0x38,0x0,0x0,0x0,0x0,0x0,0x1,0x0,
0xff,0xff,0xff,0xff,0x8,0x0,0x0,0x0,
0xc7,0x3,0x90,0x0,0x0,0x0,0x0,0x0,
0x0,0x0,0x7,0x0,0x0,0x0,0x0,0x0,
0x0,0x0,0x0,0x0,0xc7,0x3,0x0,0x0,
0x1,0x0,0x0,0x0,0x2f,0xb7,0x3,0x0,
0x0,0x3d,0xb8,0x3,0x0,0x0,0x18,0x7,
0x2f,0xb9,0x3,0x0,0x0,0x9e,0x7,0x18,
0x6,0x2,0x0,0x0,0x0,0x0,0x0,0x0,
0x44,0x0,0x0,0x0,0x13,0x0,0x0,0x0,
0x8b,0x0,0x0,0x0,0x0,0x0,0x0,0x0,
0x38,0x0,0x0,0x0,0x0,0x0,0x0,0x0,
0x38,0x0,0x0,0x0,0x0,0x0,0x1,0x0,
0xff,0xff,0xff,0xff,0x8,0x0,0x0,0x0,
0xca,0x3,0x90,0x0,0x0,0x0,0x0,0x0,
0x0,0x0,0x7,0x0,0x0,0x0,0x0,0x0,
0x0,0x0,0x0,0x0,0xca,0x3,0x0,0x0,
0x1,0x0,0x0,0x0,0x2f,0xba,0x3,0x0,
0x0,0x3d,0xbb,0x3,0x0,0x0,0x18,0x7,
0x10,0x28,0x9e,0x7,0x18,0x6,0x2,0x0,
0x0,0x0,0x0,0x0,0x0,0x0,0x0,0x0,
0x44,0x0,0x0,0x0,0x13,0x0,0x0,0x0,
0x95,0x0,0x0,0x0,0x0,0x0,0x0,0x0,
0x38,0x0,0x0,0x0,0x0,0x0,0x0,0x0,
0x38,0x0,0x0,0x0,0x0,0x0,0x1,0x0,
0xff,0xff,0xff,0xff,0x8,0x0,0x0,0x0,
0xce,0x3,0x90,0x0,0x0,0x0,0x0,0x0,
0x0,0x0,0x7,0x0,0x0,0x0,0x0,0x0,
0x0,0x0,0x0,0x0,0xce,0x3,0x0,0x0,
0x1,0x0,0x0,0x0,0x2f,0xbc,0x3,0x0,
0x0,0x3d,0xbd,0x3,0x0,0x0,0x18,0x7,
0x10,0x3,0x9e,0x7,0x18,0x6,0x2,0x0,
0x0,0x0,0x0,0x0,0x0,0x0,0x0,0x0,
0x44,0x0,0x0,0x0,0x22,0x0,0x0,0x0,
0x8e,0x0,0x0,0x0,0x0,0x0,0x0,0x0,
0x38,0x0,0x0,0x0,0x0,0x0,0x0,0x0,
0x38,0x0,0x0,0x0,0x0,0x0,0x1,0x0,
0xff,0xff,0xff,0xff,0xa,0x0,0x0,0x0,
0xcf,0x3,0x90,0x0,0x0,0x0,0x0,0x0,
0x0,0x0,0x7,0x0,0x0,0x0,0x0,0x0,
0x0,0x0,0x0,0x0,0xcf,0x3,0x0,0x0,
0x1,0x0,0x0,0x0,0x2f,0xbe,0x3,0x0,
0x0,0x3d,0xbf,0x3,0x0,0x0,0x18,0x7,
0x2f,0xc0,0x3,0x0,0x0,0x9e,0x7,0x18,
0x8,0x10,0x1,0x80,0x8,0x18,0x9,0x4,
0x16,0x9c,0x9,0x18,0x6,0x2,0x0,0x0,
0x0,0x0,0x0,0x0,0x0,0x0,0x0,0x0,
0x44,0x0,0x0,0x0,0x19,0x0,0x0,0x0,
0x8f,0x0,0x0,0x0,0x0,0x0,0x0,0x0,
0x38,0x0,0x0,0x0,0x0,0x0,0x0,0x0,
0x38,0x0,0x0,0x0,0x0,0x0,0x1,0x0,
0xff,0xff,0xff,0xff,0x9,0x0,0x0,0x0,
0xd0,0x3,0x90,0x0,0x0,0x0,0x0,0x0,
0x0,0x0,0x7,0x0,0x0,0x0,0x0,0x0,
0x0,0x0,0x0,0x0,0xd0,0x3,0x0,0x0,
0x1,0x0,0x0,0x0,0x2f,0xc1,0x3,0x0,
0x0,0x3d,0xc2,0x3,0x0,0x0,0x18,0x7,
0x10,0x2,0x9c,0x7,0x18,0x8,0x10,0x3,
0x9e,0x8,0x18,0x6,0x2,0x0,0x0,0x0,
0x0,0x0,0x0,0x0,0x0,0x0,0x0,0x0,
0x44,0x0,0x0,0x0,0x16,0x0,0x0,0x0,
0x90,0x0,0x0,0x0,0x0,0x0,0x0,0x0,
0x38,0x0,0x0,0x0,0x0,0x0,0x0,0x0,
0x38,0x0,0x0,0x0,0x0,0x0,0x1,0x0,
0xff,0xff,0xff,0xff,0x8,0x0,0x0,0x0,
0xd1,0x3,0x90,0x0,0x0,0x0,0x0,0x0,
0x0,0x0,0x7,0x0,0x0,0x0,0x0,0x0,
0x0,0x0,0x0,0x0,0xd1,0x3,0x0,0x0,
0x1,0x0,0x0,0x0,0x2f,0xc3,0x3,0x0,
0x0,0x3d,0xc4,0x3,0x0,0x0,0x18,0x7,
0x2f,0xc5,0x3,0x0,0x0,0x9e,0x7,0x18,
0x6,0x2,0x0,0x0,0x0,0x0,0x0,0x0,
0x44,0x0,0x0,0x0,0x13,0x0,0x0,0x0,
0x8b,0x0,0x0,0x0,0x0,0x0,0x0,0x0,
0x38,0x0,0x0,0x0,0x0,0x0,0x0,0x0,
0x38,0x0,0x0,0x0,0x0,0x0,0x1,0x0,
0xff,0xff,0xff,0xff,0x8,0x0,0x0,0x0,
0xd4,0x3,0x90,0x0,0x0,0x0,0x0,0x0,
0x0,0x0,0x7,0x0,0x0,0x0,0x0,0x0,
0x0,0x0,0x0,0x0,0xd4,0x3,0x0,0x0,
0x1,0x0,0x0,0x0,0x2f,0xc6,0x3,0x0,
0x0,0x3d,0xc7,0x3,0x0,0x0,0x18,0x7,
0x10,0x28,0x9e,0x7,0x18,0x6,0x2,0x0,
0x0,0x0,0x0,0x0,0x0,0x0,0x0,0x0,
0x44,0x0,0x0,0x0,0x21,0x0,0x0,0x0,
0x8e,0x0,0x0,0x0,0x0,0x0,0x0,0x0,
0x38,0x0,0x0,0x0,0x0,0x0,0x0,0x0,
0x38,0x0,0x0,0x0,0x0,0x0,0x1,0x0,
0xff,0xff,0xff,0xff,0x9,0x0,0x0,0x0,
0xf0,0x3,0x50,0x0,0x0,0x0,0x0,0x0,
0x0,0x0,0x7,0x0,0x0,0x0,0x0,0x0,
0x0,0x0,0x0,0x0,0xf0,0x3,0x0,0x0,
0x1,0x0,0x0,0x0,0x2f,0xc8,0x3,0x0,
0x0,0x3d,0xc9,0x3,0x0,0x0,0x18,0x7,
0x2f,0xca,0x3,0x0,0x0,0x3d,0xcb,0x3,
0x0,0x0,0x80,0x7,0x18,0x8,0x10,0x50,
0xa2,0x8,0x18,0x6,0x2,0x0,0x0,0x0,
0x0,0x0,0x0,0x0,0x0,0x0,0x0,0x0,
0x44,0x0,0x0,0x0,0x13,0x0,0x0,0x0,
0x8f,0x0,0x0,0x0,0x0,0x0,0x0,0x0,
0x38,0x0,0x0,0x0,0x0,0x0,0x0,0x0,
0x38,0x0,0x0,0x0,0x0,0x0,0x1,0x0,
0xff,0xff,0xff,0xff,0x8,0x0,0x0,0x0,
0xf1,0x3,0x50,0x0,0x0,0x0,0x0,0x0,
0x0,0x0,0x7,0x0,0x0,0x0,0x0,0x0,
0x0,0x0,0x0,0x0,0xf1,0x3,0x0,0x0,
0x1,0x0,0x0,0x0,0x2f,0xcc,0x3,0x0,
0x0,0x3d,0xcd,0x3,0x0,0x0,0x18,0x7,
0x10,0x28,0xa2,0x7,0x18,0x6,0x2,0x0,
0x0,0x0,0x0,0x0,0x0,0x0,0x0,0x0,
0x44,0x0,0x0,0x0,0x16,0x0,0x0,0x0,
0x90,0x0,0x0,0x0,0x0,0x0,0x0,0x0,
0x38,0x0,0x0,0x0,0x0,0x0,0x0,0x0,
0x38,0x0,0x0,0x0,0x0,0x0,0x1,0x0,
0xff,0xff,0xff,0xff,0x8,0x0,0x0,0x0,
0xf2,0x3,0x50,0x0,0x0,0x0,0x0,0x0,
0x0,0x0,0x7,0x0,0x0,0x0,0x0,0x0,
0x0,0x0,0x0,0x0,0xf2,0x3,0x0,0x0,
0x1,0x0,0x0,0x0,0x2f,0xce,0x3,0x0,
0x0,0x3d,0xcf,0x3,0x0,0x0,0x18,0x7,
0x2f,0xd0,0x3,0x0,0x0,0x9e,0x7,0x18,
0x6,0x2,0x0,0x0,0x0,0x0,0x0,0x0,
0x44,0x0,0x0,0x0,0x13,0x0,0x0,0x0,
0x8b,0x0,0x0,0x0,0x0,0x0,0x0,0x0,
0x38,0x0,0x0,0x0,0x0,0x0,0x0,0x0,
0x38,0x0,0x0,0x0,0x0,0x0,0x1,0x0,
0xff,0xff,0xff,0xff,0x8,0x0,0x0,0x0,
0xf5,0x3,0x50,0x0,0x0,0x0,0x0,0x0,
0x0,0x0,0x7,0x0,0x0,0x0,0x0,0x0,
0x0,0x0,0x0,0x0,0xf5,0x3,0x0,0x0,
0x1,0x0,0x0,0x0,0x2f,0xd1,0x3,0x0,
0x0,0x3d,0xd2,0x3,0x0,0x0,0x18,0x7,
0x10,0x23,0x9e,0x7,0x18,0x6,0x2,0x0,
0x0,0x0,0x0,0x0,0x0,0x0,0x0,0x0,
0x44,0x0,0x0,0x0,0x1b,0x0,0x0,0x0,
0x8e,0x0,0x0,0x0,0x0,0x0,0x0,0x0,
0x38,0x0,0x0,0x0,0x0,0x0,0x0,0x0,
0x38,0x0,0x0,0x0,0x0,0x0,0x1,0x0,
0xff,0xff,0xff,0xff,0x8,0x0,0x0,0x0,
0xfc,0x3,0x50,0x0,0x0,0x0,0x0,0x0,
0x0,0x0,0x7,0x0,0x0,0x0,0x0,0x0,
0x0,0x0,0x0,0x0,0xfc,0x3,0x0,0x0,
0x1,0x0,0x0,0x0,0x2f,0xd3,0x3,0x0,
0x0,0x3d,0xd4,0x3,0x0,0x0,0x18,0x7,
0x2f,0xd5,0x3,0x0,0x0,0x3d,0xd6,0x3,
0x0,0x0,0x80,0x7,0x18,0x6,0x2,0x0,
0x0,0x0,0x0,0x0,0x0,0x0,0x0,0x0,
0x44,0x0,0x0,0x0,0x13,0x0,0x0,0x0,
0x8f,0x0,0x0,0x0,0x0,0x0,0x0,0x0,
0x38,0x0,0x0,0x0,0x0,0x0,0x0,0x0,
0x38,0x0,0x0,0x0,0x0,0x0,0x1,0x0,
0xff,0xff,0xff,0xff,0x8,0x0,0x0,0x0,
0xfd,0x3,0x50,0x0,0x0,0x0,0x0,0x0,
0x0,0x0,0x7,0x0,0x0,0x0,0x0,0x0,
0x0,0x0,0x0,0x0,0xfd,0x3,0x0,0x0,
0x1,0x0,0x0,0x0,0x2f,0xd7,0x3,0x0,
0x0,0x3d,0xd8,0x3,0x0,0x0,0x18,0x7,
0x10,0x28,0xa2,0x7,0x18,0x6,0x2,0x0,
0x0,0x0,0x0,0x0,0x0,0x0,0x0,0x0,
0x44,0x0,0x0,0x0,0x16,0x0,0x0,0x0,
0x90,0x0,0x0,0x0,0x0,0x0,0x0,0x0,
0x38,0x0,0x0,0x0,0x0,0x0,0x0,0x0,
0x38,0x0,0x0,0x0,0x0,0x0,0x1,0x0,
0xff,0xff,0xff,0xff,0x8,0x0,0x0,0x0,
0xfe,0x3,0x50,0x0,0x0,0x0,0x0,0x0,
0x0,0x0,0x7,0x0,0x0,0x0,0x0,0x0,
0x0,0x0,0x0,0x0,0xfe,0x3,0x0,0x0,
0x1,0x0,0x0,0x0,0x2f,0xd9,0x3,0x0,
0x0,0x3d,0xda,0x3,0x0,0x0,0x18,0x7,
0x2f,0xdb,0x3,0x0,0x0,0x9e,0x7,0x18,
0x6,0x2,0x0,0x0,0x0,0x0,0x0,0x0,
0xc8,0x0,0x0,0x0,0xcb,0x0,0x0,0x0,
0x9a,0x0,0x0,0x0,0x0,0x0,0x0,0x0,
0x38,0x0,0x0,0x0,0x0,0x0,0x0,0x0,
0x38,0x0,0x0,0x0,0x0,0x0,0xc,0x0,
0xff,0xff,0xff,0xff,0xe,0x0,0x0,0x0,
0xff,0x3,0x50,0x0,0x0,0x0,0x0,0x0,
0x0,0x0,0x7,0x0,0x0,0x0,0x0,0x0,
0x0,0x0,0x0,0x0,0xff,0x3,0x0,0x0,
0x1,0x0,0x0,0x0,0x21,0x0,0x0,0x0,
0x0,0x4,0x0,0x0,0x1,0x0,0x0,0x0,
0x37,0x0,0x0,0x0,0xff,0x3,0x0,0x0,
0x1,0x0,0x0,0x0,0x3b,0x0,0x0,0x0,
0x1,0x4,0x0,0x0,0x1,0x0,0x0,0x0,
0x5e,0x0,0x0,0x0,0xff,0x3,0x0,0x0,
0x1,0x0,0x0,0x0,0x62,0x0,0x0,0x0,
0x2,0x4,0x0,0x0,0x1,0x0,0x0,0x0,
0x78,0x0,0x0,0x0,0xff,0x3,0x0,0x0,
0x1,0x0,0x0,0x0,0x7c,0x0,0x0,0x0,
0x3,0x4,0x0,0x0,0x1,0x0,0x0,0x0,
0xac,0x0,0x0,0x0,0xff,0x3,0x0,0x0,
0x1,0x0,0x0,0x0,0xb0,0x0,0x0,0x0,
0x4,0x4,0x0,0x0,0x1,0x0,0x0,0x0,
0xc6,0x0,0x0,0x0,0xff,0x3,0x0,0x0,
0x1,0x0,0x0,0x0,0xca,0x0,0x0,0x0,
0x4,0x4,0x0,0x0,0x1,0x0,0x0,0x0,
0x2f,0xdc,0x3,0x0,0x0,0x18,0x7,0x12,
0xd,0x6e,0x7,0x50,0x10,0x2f,0xdd,0x3,
0x0,0x0,0x18,0x8,0x13,0xe3,0x1,0x0,
0x0,0x80,0x8,0x4c,0x2,0x12,0x0,0x18,
0x7,0x2f,0xde,0x3,0x0,0x0,0x18,0x8,
0x12,0xd,0x6e,0x8,0x50,0x7,0x2f,0xdf,
0x3,0x0,0x0,0x4c,0x2,0x12,0x0,0x80,
0x7,0x18,0x8,0x2f,0xe0,0x3,0x0,0x0,
0x18,0x9,0x12,0xd,0x6e,0x9,0x50,0x14,
0x2f,0xe1,0x3,0x0,0x0,0x18,0xa,0x12,
0xd,0x6e,0xa,0x50,0x7,0x13,0xe4,0x1,
0x0,0x0,0x4c,0x2,0x12,0x0,0x80,0x8,
0x18,0x9,0x2f,0xe2,0x3,0x0,0x0,0x18,
0xa,0x12,0xd,0x6e,0xa,0x50,0x7,0x2f,
0xe3,0x3,0x0,0x0,0x4c,0x2,0x12,0x0,
0x80,0x9,0x18,0xa,0x2f,0xe4,0x3,0x0,
0x0,0x18,0xb,0x12,0xd,0x6e,0xb,0x50,
0x21,0x2f,0xe5,0x3,0x0,0x0,0x18,0xc,
0x12,0xd,0x6e,0xc,0x4e,0xd,0x2f,0xe6,
0x3,0x0,0x0,0x18,0xd,0x12,0xd,0x6e,
0xd,0x50,0x7,0x13,0xe4,0x1,0x0,0x0,
0x4c,0x2,0x12,0x0,0x80,0xa,0x18,0xb,
0x2f,0xe7,0x3,0x0,0x0,0x18,0xc,0x12,
0xd,0x6e,0xc,0x50,0x7,0x2f,0xe8,0x3,
0x0,0x0,0x4c,0x2,0x12,0x0,0x80,0xb,
0x18,0x6,0x2,0x0,0x0,0x0,0x0,0x0,
0x44,0x0,0x0,0x0,0xd,0x0,0x0,0x0,
0xd7,0x0,0x0,0x0,0x0,0x0,0x0,0x0,
0x38,0x0,0x0,0x0,0x0,0x0,0x0,0x0,
0x38,0x0,0x0,0x0,0x0,0x0,0x1,0x0,
0xff,0xff,0xff,0xff,0x7,0x0,0x0,0x0,
0x7,0x4,0x50,0x0,0x0,0x0,0x0,0x0,
0x0,0x0,0x7,0x0,0x0,0x0,0x0,0x0,
0x0,0x0,0x0,0x0,0x7,0x4,0x0,0x0,
0x1,0x0,0x0,0x0,0x2f,0xe9,0x3,0x0,
0x0,0x3d,0xea,0x3,0x0,0x0,0x18,0x6,
0x2,0x0,0x0,0x0,0x0,0x0,0x0,0x0,
0x44,0x0,0x0,0x0,0x13,0x0,0x0,0x0,
0x8b,0x0,0x0,0x0,0x0,0x0,0x0,0x0,
0x38,0x0,0x0,0x0,0x0,0x0,0x0,0x0,
0x38,0x0,0x0,0x0,0x0,0x0,0x1,0x0,
0xff,0xff,0xff,0xff,0x8,0x0,0x0,0x0,
0x6,0x4,0x50,0x0,0x0,0x0,0x0,0x0,
0x0,0x0,0x7,0x0,0x0,0x0,0x0,0x0,
0x0,0x0,0x0,0x0,0x6,0x4,0x0,0x0,
0x1,0x0,0x0,0x0,0x2f,0xeb,0x3,0x0,
0x0,0x3d,0xec,0x3,0x0,0x0,0x18,0x7,
0x10,0x2d,0x9e,0x7,0x18,0x6,0x2,0x0,
0x0,0x0,0x0,0x0,0x0,0x0,0x0,0x0,
0x44,0x0,0x0,0x0,0x1b,0x0,0x0,0x0,
0x8e,0x0,0x0,0x0,0x0,0x0,0x0,0x0,
0x38,0x0,0x0,0x0,0x0,0x0,0x0,0x0,
0x38,0x0,0x0,0x0,0x0,0x0,0x1,0x0,
0xff,0xff,0xff,0xff,0x8,0x0,0x0,0x0,
0xe,0x4,0x50,0x0,0x0,0x0,0x0,0x0,
0x0,0x0,0x7,0x0,0x0,0x0,0x0,0x0,
0x0,0x0,0x0,0x0,0xe,0x4,0x0,0x0,
0x1,0x0,0x0,0x0,0x2f,0xed,0x3,0x0,
0x0,0x3d,0xee,0x3,0x0,0x0,0x18,0x7,
0x2f,0xef,0x3,0x0,0x0,0x3d,0xf0,0x3,
0x0,0x0,0x80,0x7,0x18,0x6,0x2,0x0,
0x0,0x0,0x0,0x0,0x0,0x0,0x0,0x0,
0x44,0x0,0x0,0x0,0x13,0x0,0x0,0x0,
0x8f,0x0,0x0,0x0,0x0,0x0,0x0,0x0,
0x38,0x0,0x0,0x0,0x0,0x0,0x0,0x0,
0x38,0x0,0x0,0x0,0x0,0x0,0x1,0x0,
0xff,0xff,0xff,0xff,0x8,0x0,0x0,0x0,
0xf,0x4,0x50,0x0,0x0,0x0,0x0,0x0,
0x0,0x0,0x7,0x0,0x0,0x0,0x0,0x0,
0x0,0x0,0x0,0x0,0xf,0x4,0x0,0x0,
0x1,0x0,0x0,0x0,0x2f,0xf1,0x3,0x0,
0x0,0x3d,0xf2,0x3,0x0,0x0,0x18,0x7,
0x10,0x28,0xa2,0x7,0x18,0x6,0x2,0x0,
0x0,0x0,0x0,0x0,0x0,0x0,0x0,0x0,
0x44,0x0,0x0,0x0,0x16,0x0,0x0,0x0,
0x90,0x0,0x0,0x0,0x0,0x0,0x0,0x0,
0x38,0x0,0x0,0x0,0x0,0x0,0x0,0x0,
0x38,0x0,0x0,0x0,0x0,0x0,0x1,0x0,
0xff,0xff,0xff,0xff,0x8,0x0,0x0,0x0,
0x10,0x4,0x50,0x0,0x0,0x0,0x0,0x0,
0x0,0x0,0x7,0x0,0x0,0x0,0x0,0x0,
0x0,0x0,0x0,0x0,0x10,0x4,0x0,0x0,
0x1,0x0,0x0,0x0,0x2f,0xf3,0x3,0x0,
0x0,0x3d,0xf4,0x3,0x0,0x0,0x18,0x7,
0x2f,0xf5,0x3,0x0,0x0,0x9e,0x7,0x18,
0x6,0x2,0x0,0x0,0x0,0x0,0x0,0x0,
0xc8,0x0,0x0,0x0,0xcb,0x0,0x0,0x0,
0x9a,0x0,0x0,0x0,0x0,0x0,0x0,0x0,
0x38,0x0,0x0,0x0,0x0,0x0,0x0,0x0,
0x38,0x0,0x0,0x0,0x0,0x0,0xc,0x0,
0xff,0xff,0xff,0xff,0xe,0x0,0x0,0x0,
0x11,0x4,0x50,0x0,0x0,0x0,0x0,0x0,
0x0,0x0,0x7,0x0,0x0,0x0,0x0,0x0,
0x0,0x0,0x0,0x0,0x11,0x4,0x0,0x0,
0x1,0x0,0x0,0x0,0x21,0x0,0x0,0x0,
0x12,0x4,0x0,0x0,0x1,0x0,0x0,0x0,
0x37,0x0,0x0,0x0,0x11,0x4,0x0,0x0,
0x1,0x0,0x0,0x0,0x3b,0x0,0x0,0x0,
0x13,0x4,0x0,0x0,0x1,0x0,0x0,0x0,
0x5e,0x0,0x0,0x0,0x11,0x4,0x0,0x0,
0x1,0x0,0x0,0x0,0x62,0x0,0x0,0x0,
0x14,0x4,0x0,0x0,0x1,0x0,0x0,0x0,
0x78,0x0,0x0,0x0,0x11,0x4,0x0,0x0,
0x1,0x0,0x0,0x0,0x7c,0x0,0x0,0x0,
0x15,0x4,0x0,0x0,0x1,0x0,0x0,0x0,
0xac,0x0,0x0,0x0,0x11,0x4,0x0,0x0,
0x1,0x0,0x0,0x0,0xb0,0x0,0x0,0x0,
0x16,0x4,0x0,0x0,0x1,0x0,0x0,0x0,
0xc6,0x0,0x0,0x0,0x11,0x4,0x0,0x0,
0x1,0x0,0x0,0x0,0xca,0x0,0x0,0x0,
0x16,0x4,0x0,0x0,0x1,0x0,0x0,0x0,
0x2f,0xf6,0x3,0x0,0x0,0x18,0x7,0x12,
0xd,0x6e,0x7,0x50,0x10,0x2f,0xf7,0x3,
0x0,0x0,0x18,0x8,0x13,0xe3,0x1,0x0,
0x0,0x80,0x8,0x4c,0x2,0x12,0x0,0x18,
0x7,0x2f,0xf8,0x3,0x0,0x0,0x18,0x8,
0x12,0xd,0x6e,0x8,0x50,0x7,0x2f,0xf9,
0x3,0x0,0x0,0x4c,0x2,0x12,0x0,0x80,
0x7,0x18,0x8,0x2f,0xfa,0x3,0x0,0x0,
0x18,0x9,0x12,0xd,0x6e,0x9,0x50,0x14,
0x2f,0xfb,0x3,0x0,0x0,0x18,0xa,0x12,
0xd,0x6e,0xa,0x50,0x7,0x13,0xe4,0x1,
0x0,0x0,0x4c,0x2,0x12,0x0,0x80,0x8,
0x18,0x9,0x2f,0xfc,0x3,0x0,0x0,0x18,
0xa,0x12,0xd,0x6e,0xa,0x50,0x7,0x2f,
0xfd,0x3,0x0,0x0,0x4c,0x2,0x12,0x0,
0x80,0x9,0x18,0xa,0x2f,0xfe,0x3,0x0,
0x0,0x18,0xb,0x12,0xd,0x6e,0xb,0x50,
0x21,0x2f,0xff,0x3,0x0,0x0,0x18,0xc,
0x12,0xd,0x6e,0xc,0x4e,0xd,0x2f,0x0,
0x4,0x0,0x0,0x18,0xd,0x12,0xd,0x6e,
0xd,0x50,0x7,0x13,0xe4,0x1,0x0,0x0,
0x4c,0x2,0x12,0x0,0x80,0xa,0x18,0xb,
0x2f,0x1,0x4,0x0,0x0,0x18,0xc,0x12,
0xd,0x6e,0xc,0x50,0x7,0x2f,0x2,0x4,
0x0,0x0,0x4c,0x2,0x12,0x0,0x80,0xb,
0x18,0x6,0x2,0x0,0x0,0x0,0x0,0x0,
0x44,0x0,0x0,0x0,0xd,0x0,0x0,0x0,
0xd7,0x0,0x0,0x0,0x0,0x0,0x0,0x0,
0x38,0x0,0x0,0x0,0x0,0x0,0x0,0x0,
0x38,0x0,0x0,0x0,0x0,0x0,0x1,0x0,
0xff,0xff,0xff,0xff,0x7,0x0,0x0,0x0,
0x19,0x4,0x50,0x0,0x0,0x0,0x0,0x0,
0x0,0x0,0x7,0x0,0x0,0x0,0x0,0x0,
0x0,0x0,0x0,0x0,0x19,0x4,0x0,0x0,
0x1,0x0,0x0,0x0,0x2f,0x3,0x4,0x0,
0x0,0x3d,0x4,0x4,0x0,0x0,0x18,0x6,
0x2,0x0,0x0,0x0,0x0,0x0,0x0,0x0,
0x44,0x0,0x0,0x0,0x13,0x0,0x0,0x0,
0x8b,0x0,0x0,0x0,0x0,0x0,0x0,0x0,
0x38,0x0,0x0,0x0,0x0,0x0,0x0,0x0,
0x38,0x0,0x0,0x0,0x0,0x0,0x1,0x0,
0xff,0xff,0xff,0xff,0x8,0x0,0x0,0x0,
0x18,0x4,0x50,0x0,0x0,0x0,0x0,0x0,
0x0,0x0,0x7,0x0,0x0,0x0,0x0,0x0,
0x0,0x0,0x0,0x0,0x18,0x4,0x0,0x0,
0x1,0x0,0x0,0x0,0x2f,0x5,0x4,0x0,
0x0,0x3d,0x6,0x4,0x0,0x0,0x18,0x7,
0x10,0x2d,0x9e,0x7,0x18,0x6,0x2,0x0,
0x0,0x0,0x0,0x0,0x0,0x0,0x0,0x0,
0x44,0x0,0x0,0x0,0x22,0x0,0x0,0x0,
0x8e,0x0,0x0,0x0,0x0,0x0,0x0,0x0,
0x38,0x0,0x0,0x0,0x0,0x0,0x0,0x0,
0x38,0x0,0x0,0x0,0x0,0x0,0x1,0x0,
0xff,0xff,0xff,0xff,0xa,0x0,0x0,0x0,
0x29,0x4,0x90,0x0,0x0,0x0,0x0,0x0,
0x0,0x0,0x7,0x0,0x0,0x0,0x0,0x0,
0x0,0x0,0x0,0x0,0x29,0x4,0x0,0x0,
0x1,0x0,0x0,0x0,0x2f,0x7,0x4,0x0,
0x0,0x3d,0x8,0x4,0x0,0x0,0x18,0x7,
0x2f,0x9,0x4,0x0,0x0,0x9e,0x7,0x18,
0x8,0x4,0x17,0x80,0x8,0x18,0x9,0x4,
0x18,0x9c,0x9,0x18,0x6,0x2,0x0,0x0,
0x0,0x0,0x0,0x0,0x0,0x0,0x0,0x0,
0x44,0x0,0x0,0x0,0x13,0x0,0x0,0x0,
0x8f,0x0,0x0,0x0,0x0,0x0,0x0,0x0,
0x38,0x0,0x0,0x0,0x0,0x0,0x0,0x0,
0x38,0x0,0x0,0x0,0x0,0x0,0x1,0x0,
0xff,0xff,0xff,0xff,0x8,0x0,0x0,0x0,
0x2a,0x4,0x90,0x0,0x0,0x0,0x0,0x0,
0x0,0x0,0x7,0x0,0x0,0x0,0x0,0x0,
0x0,0x0,0x0,0x0,0x2a,0x4,0x0,0x0,
0x1,0x0,0x0,0x0,0x2f,0xa,0x4,0x0,
0x0,0x3d,0xb,0x4,0x0,0x0,0x18,0x7,
0x10,0x14,0xa2,0x7,0x18,0x6,0x2,0x0,
0x0,0x0,0x0,0x0,0x0,0x0,0x0,0x0,
0x44,0x0,0x0,0x0,0x13,0x0,0x0,0x0,
0x90,0x0,0x0,0x0,0x0,0x0,0x0,0x0,
0x38,0x0,0x0,0x0,0x0,0x0,0x0,0x0,
0x38,0x0,0x0,0x0,0x0,0x0,0x1,0x0,
0xff,0xff,0xff,0xff,0x8,0x0,0x0,0x0,
0x2b,0x4,0x90,0x0,0x0,0x0,0x0,0x0,
0x0,0x0,0x7,0x0,0x0,0x0,0x0,0x0,
0x0,0x0,0x0,0x0,0x2b,0x4,0x0,0x0,
0x1,0x0,0x0,0x0,0x2f,0xc,0x4,0x0,
0x0,0x3d,0xd,0x4,0x0,0x0,0x18,0x7,
0x10,0x1e,0x9e,0x7,0x18,0x6,0x2,0x0,
0x0,0x0,0x0,0x0,0x0,0x0,0x0,0x0,
0x44,0x0,0x0,0x0,0x22,0x0,0x0,0x0,
0x8e,0x0,0x0,0x0,0x0,0x0,0x0,0x0,
0x38,0x0,0x0,0x0,0x0,0x0,0x0,0x0,
0x38,0x0,0x0,0x0,0x0,0x0,0x1,0x0,
0xff,0xff,0xff,0xff,0xa,0x0,0x0,0x0,
0x34,0x4,0x90,0x0,0x0,0x0,0x0,0x0,
0x0,0x0,0x7,0x0,0x0,0x0,0x0,0x0,
0x0,0x0,0x0,0x0,0x34,0x4,0x0,0x0,
0x1,0x0,0x0,0x0,0x2f,0xe,0x4,0x0,
0x0,0x3d,0xf,0x4,0x0,0x0,0x18,0x7,
0x2f,0x10,0x4,0x0,0x0,0x9e,0x7,0x18,
0x8,0x4,0x17,0x80,0x8,0x18,0x9,0x4,
0x18,0x9c,0x9,0x18,0x6,0x2,0x0,0x0,
0x0,0x0,0x0,0x0,0x0,0x0,0x0,0x0,
0x44,0x0,0x0,0x0,0x13,0x0,0x0,0x0,
0x90,0x0,0x0,0x0,0x0,0x0,0x0,0x0,
0x38,0x0,0x0,0x0,0x0,0x0,0x0,0x0,
0x38,0x0,0x0,0x0,0x0,0x0,0x1,0x0,
0xff,0xff,0xff,0xff,0x8,0x0,0x0,0x0,
0x36,0x4,0x90,0x0,0x0,0x0,0x0,0x0,
0x0,0x0,0x7,0x0,0x0,0x0,0x0,0x0,
0x0,0x0,0x0,0x0,0x36,0x4,0x0,0x0,
0x1,0x0,0x0,0x0,0x2f,0x11,0x4,0x0,
0x0,0x3d,0x12,0x4,0x0,0x0,0x18,0x7,
0x10,0x1e,0x9e,0x7,0x18,0x6,0x2,0x0,
0x0,0x0,0x0,0x0,0x0,0x0,0x0,0x0,
0x5c,0x0,0x0,0x0,0x2b,0x0,0x0,0x0,
0xa7,0x0,0x0,0x0,0x0,0x0,0x0,0x0,
0x38,0x0,0x0,0x0,0x0,0x0,0x0,0x0,
0x38,0x0,0x0,0x0,0x0,0x0,0x3,0x0,
0xff,0xff,0xff,0xff,0xb,0x0,0x0,0x0,
0x3e,0x4,0x90,0x0,0x0,0x0,0x0,0x0,
0x0,0x0,0x7,0x0,0x0,0x0,0x0,0x0,
0x0,0x0,0x0,0x0,0x3e,0x4,0x0,0x0,
0x0,0x0,0x0,0x0,0x1,0x0,0x0,0x0,
0x3f,0x4,0x0,0x0,0x2,0x0,0x0,0x0,
0x27,0x0,0x0,0x0,0x40,0x4,0x0,0x0,
0x2,0x0,0x0,0x0,0xca,0x2f,0x13,0x4,
0x0,0x0,0x18,0x7,0x2f,0x14,0x4,0x0,
0x0,0x3d,0x15,0x4,0x0,0x0,0x18,0xa,
0xad,0x16,0x4,0x0,0x0,0x7,0x0,0x0,
0x0,0x1,0x0,0x0,0x0,0xa,0x0,0x0,
0x0,0x18,0x6,0xd4,0x16,0x6,0x2,0x0,
0x0,0x0,0x0,0x0,0x0,0x0,0x0,0x0,
0x44,0x0,0x0,0x0,0xe,0x0,0x0,0x0,
0xed,0x0,0x0,0x0,0x0,0x0,0x0,0x0,
0x38,0x0,0x0,0x0,0x0,0x0,0x0,0x0,
0x38,0x0,0x0,0x0,0x0,0x0,0x1,0x0,
0xff,0xff,0xff,0xff,0x7,0x0,0x0,0x0,
0x44,0x4,0x90,0x0,0x0,0x0,0x0,0x0,
0x0,0x0,0x7,0x0,0x0,0x0,0x0,0x0,
0x0,0x0,0x0,0x0,0x44,0x4,0x0,0x0,
0x1,0x0,0x0,0x0,0x2f,0x17,0x4,0x0,
0x0,0x50,0x3,0x8,0x4c,0x1,0xa,0x18,
0x6,0x2,0x0,0x0,0x0,0x0,0x0,0x0,
0x44,0x0,0x0,0x0,0x22,0x0,0x0,0x0,
0x8e,0x0,0x0,0x0,0x0,0x0,0x0,0x0,
0x38,0x0,0x0,0x0,0x0,0x0,0x0,0x0,
0x38,0x0,0x0,0x0,0x0,0x0,0x1,0x0,
0xff,0xff,0xff,0xff,0xa,0x0,0x0,0x0,
0x46,0x4,0x90,0x0,0x0,0x0,0x0,0x0,
0x0,0x0,0x7,0x0,0x0,0x0,0x0,0x0,
0x0,0x0,0x0,0x0,0x46,0x4,0x0,0x0,
0x1,0x0,0x0,0x0,0x2f,0x18,0x4,0x0,
0x0,0x3d,0x19,0x4,0x0,0x0,0x18,0x7,
0x2f,0x1a,0x4,0x0,0x0,0x9e,0x7,0x18,
0x8,0x10,0x1,0x80,0x8,0x18,0x9,0x10,
0x11,0x9c,0x9,0x18,0x6,0x2,0x0,0x0,
0x0,0x0,0x0,0x0,0x0,0x0,0x0,0x0,
0x44,0x0,0x0,0x0,0x8,0x0,0x0,0x0,
0xf0,0x0,0x0,0x0,0x0,0x0,0x0,0x0,
0x38,0x0,0x0,0x0,0x0,0x0,0x0,0x0,
0x38,0x0,0x0,0x0,0x0,0x0,0x1,0x0,
0xff,0xff,0xff,0xff,0x7,0x0,0x0,0x0,
0x4b,0x4,0x90,0x0,0x0,0x0,0x0,0x0,
0x0,0x0,0x7,0x0,0x0,0x0,0x0,0x0,
0x0,0x0,0x0,0x0,0x4b,0x4,0x0,0x0,
0x1,0x0,0x0,0x0,0x2f,0x1b,0x4,0x0,
0x0,0x18,0x6,0x2,0x0,0x0,0x0,0x0,
0x44,0x0,0x0,0x0,0xe,0x0,0x0,0x0,
0xed,0x0,0x0,0x0,0x0,0x0,0x0,0x0,
0x38,0x0,0x0,0x0,0x0,0x0,0x0,0x0,
0x38,0x0,0x0,0x0,0x0,0x0,0x1,0x0,
0xff,0xff,0xff,0xff,0x7,0x0,0x0,0x0,
0x4f,0x4,0x90,0x0,0x0,0x0,0x0,0x0,
0x0,0x0,0x7,0x0,0x0,0x0,0x0,0x0,
0x0,0x0,0x0,0x0,0x4f,0x4,0x0,0x0,
0x1,0x0,0x0,0x0,0x2f,0x1c,0x4,0x0,
0x0,0x50,0x3,0x8,0x4c,0x1,0xa,0x18,
0x6,0x2,0x0,0x0,0x0,0x0,0x0,0x0,
0x44,0x0,0x0,0x0,0x13,0x0,0x0,0x0,
0x95,0x0,0x0,0x0,0x0,0x0,0x0,0x0,
0x38,0x0,0x0,0x0,0x0,0x0,0x0,0x0,
0x38,0x0,0x0,0x0,0x0,0x0,0x1,0x0,
0xff,0xff,0xff,0xff,0x8,0x0,0x0,0x0,
0x50,0x4,0x90,0x0,0x0,0x0,0x0,0x0,
0x0,0x0,0x7,0x0,0x0,0x0,0x0,0x0,
0x0,0x0,0x0,0x0,0x50,0x4,0x0,0x0,
0x1,0x0,0x0,0x0,0x2f,0x1d,0x4,0x0,
0x0,0x3d,0x1e,0x4,0x0,0x0,0x18,0x7,
0x10,0x4,0x9e,0x7,0x18,0x6,0x2,0x0,
0x0,0x0,0x0,0x0,0x0,0x0,0x0,0x0,
0x44,0x0,0x0,0x0,0x22,0x0,0x0,0x0,
0x8e,0x0,0x0,0x0,0x0,0x0,0x0,0x0,
0x38,0x0,0x0,0x0,0x0,0x0,0x0,0x0,
0x38,0x0,0x0,0x0,0x0,0x0,0x1,0x0,
0xff,0xff,0xff,0xff,0xa,0x0,0x0,0x0,
0x51,0x4,0x90,0x0,0x0,0x0,0x0,0x0,
0x0,0x0,0x7,0x0,0x0,0x0,0x0,0x0,
0x0,0x0,0x0,0x0,0x51,0x4,0x0,0x0,
0x1,0x0,0x0,0x0,0x2f,0x1f,0x4,0x0,
0x0,0x3d,0x20,0x4,0x0,0x0,0x18,0x7,
0x2f,0x21,0x4,0x0,0x0,0x9e,0x7,0x18,
0x8,0x10,0x1,0x80,0x8,0x18,0x9,0x10,
0x11,0x9c,0x9,0x18,0x6,0x2,0x0,0x0,
0x0,0x0,0x0,0x0,0x0,0x0,0x0,0x0,
0x44,0x0,0x0,0x0,0x8,0x0,0x0,0x0,
0xf0,0x0,0x0,0x0,0x0,0x0,0x0,0x0,
0x38,0x0,0x0,0x0,0x0,0x0,0x0,0x0,
0x38,0x0,0x0,0x0,0x0,0x0,0x1,0x0,
0xff,0xff,0xff,0xff,0x7,0x0,0x0,0x0,
0x55,0x4,0x90,0x0,0x0,0x0,0x0,0x0,
0x0,0x0,0x7,0x0,0x0,0x0,0x0,0x0,
0x0,0x0,0x0,0x0,0x55,0x4,0x0,0x0,
0x1,0x0,0x0,0x0,0x2f,0x22,0x4,0x0,
0x0,0x18,0x6,0x2,0x0,0x0,0x0,0x0,
0x44,0x0,0x0,0x0,0xe,0x0,0x0,0x0,
0xed,0x0,0x0,0x0,0x0,0x0,0x0,0x0,
0x38,0x0,0x0,0x0,0x0,0x0,0x0,0x0,
0x38,0x0,0x0,0x0,0x0,0x0,0x1,0x0,
0xff,0xff,0xff,0xff,0x7,0x0,0x0,0x0,
0x59,0x4,0x90,0x0,0x0,0x0,0x0,0x0,
0x0,0x0,0x7,0x0,0x0,0x0,0x0,0x0,
0x0,0x0,0x0,0x0,0x59,0x4,0x0,0x0,
0x1,0x0,0x0,0x0,0x2f,0x23,0x4,0x0,
0x0,0x50,0x3,0x8,0x4c,0x1,0xa,0x18,
0x6,0x2,0x0,0x0,0x0,0x0,0x0,0x0,
0x44,0x0,0x0,0x0,0x19,0x0,0x0,0x0,
0x95,0x0,0x0,0x0,0x0,0x0,0x0,0x0,
0x38,0x0,0x0,0x0,0x0,0x0,0x0,0x0,
0x38,0x0,0x0,0x0,0x0,0x0,0x1,0x0,
0xff,0xff,0xff,0xff,0x9,0x0,0x0,0x0,
0x5a,0x4,0x90,0x0,0x0,0x0,0x0,0x0,
0x0,0x0,0x7,0x0,0x0,0x0,0x0,0x0,
0x0,0x0,0x0,0x0,0x5a,0x4,0x0,0x0,
0x1,0x0,0x0,0x0,0x2f,0x24,0x4,0x0,
0x0,0x3d,0x25,0x4,0x0,0x0,0x18,0x7,
0x10,0x2,0x9c,0x7,0x18,0x8,0x10,0x4,
0x9e,0x8,0x18,0x6,0x2,0x0,0x0,0x0,
0x0,0x0,0x0,0x0,0x0,0x0,0x0,0x0,
0x44,0x0,0x0,0x0,0x22,0x0,0x0,0x0,
0x8e,0x0,0x0,0x0,0x0,0x0,0x0,0x0,
0x38,0x0,0x0,0x0,0x0,0x0,0x0,0x0,
0x38,0x0,0x0,0x0,0x0,0x0,0x1,0x0,
0xff,0xff,0xff,0xff,0xa,0x0,0x0,0x0,
0x5b,0x4,0x90,0x0,0x0,0x0,0x0,0x0,
0x0,0x0,0x7,0x0,0x0,0x0,0x0,0x0,
0x0,0x0,0x0,0x0,0x5b,0x4,0x0,0x0,
0x1,0x0,0x0,0x0,0x2f,0x26,0x4,0x0,
0x0,0x3d,0x27,0x4,0x0,0x0,0x18,0x7,
0x2f,0x28,0x4,0x0,0x0,0x9e,0x7,0x18,
0x8,0x10,0x1,0x80,0x8,0x18,0x9,0x10,
0x11,0x9c,0x9,0x18,0x6,0x2,0x0,0x0,
0x0,0x0,0x0,0x0,0x0,0x0,0x0,0x0,
0x44,0x0,0x0,0x0,0x8,0x0,0x0,0x0,
0xf0,0x0,0x0,0x0,0x0,0x0,0x0,0x0,
0x38,0x0,0x0,0x0,0x0,0x0,0x0,0x0,
0x38,0x0,0x0,0x0,0x0,0x0,0x1,0x0,
0xff,0xff,0xff,0xff,0x7,0x0,0x0,0x0,
0x60,0x4,0x90,0x0,0x0,0x0,0x0,0x0,
0x0,0x0,0x7,0x0,0x0,0x0,0x0,0x0,
0x0,0x0,0x0,0x0,0x60,0x4,0x0,0x0,
0x1,0x0,0x0,0x0,0x2f,0x29,0x4,0x0,
0x0,0x18,0x6,0x2,0x0,0x0,0x0,0x0,
0x44,0x0,0x0,0x0,0xe,0x0,0x0,0x0,
0xed,0x0,0x0,0x0,0x0,0x0,0x0,0x0,
0x38,0x0,0x0,0x0,0x0,0x0,0x0,0x0,
0x38,0x0,0x0,0x0,0x0,0x0,0x1,0x0,
0xff,0xff,0xff,0xff,0x7,0x0,0x0,0x0,
0x64,0x4,0x90,0x0,0x0,0x0,0x0,0x0,
0x0,0x0,0x7,0x0,0x0,0x0,0x0,0x0,
0x0,0x0,0x0,0x0,0x64,0x4,0x0,0x0,
0x1,0x0,0x0,0x0,0x2f,0x2a,0x4,0x0,
0x0,0x50,0x3,0x8,0x4c,0x1,0xa,0x18,
0x6,0x2,0x0,0x0,0x0,0x0,0x0,0x0,
0x44,0x0,0x0,0x0,0x19,0x0,0x0,0x0,
0x95,0x0,0x0,0x0,0x0,0x0,0x0,0x0,
0x38,0x0,0x0,0x0,0x0,0x0,0x0,0x0,
0x38,0x0,0x0,0x0,0x0,0x0,0x1,0x0,
0xff,0xff,0xff,0xff,0x9,0x0,0x0,0x0,
0x65,0x4,0x90,0x0,0x0,0x0,0x0,0x0,
0x0,0x0,0x7,0x0,0x0,0x0,0x0,0x0,
0x0,0x0,0x0,0x0,0x65,0x4,0x0,0x0,
0x1,0x0,0x0,0x0,0x2f,0x2b,0x4,0x0,
0x0,0x3d,0x2c,0x4,0x0,0x0,0x18,0x7,
0x10,0x3,0x9c,0x7,0x18,0x8,0x10,0x4,
0x9e,0x8,0x18,0x6,0x2,0x0,0x0,0x0,
0x0,0x0,0x0,0x0,0x0,0x0,0x0,0x0,
0x44,0x0,0x0,0x0,0x22,0x0,0x0,0x0,
0x8e,0x0,0x0,0x0,0x0,0x0,0x0,0x0,
0x38,0x0,0x0,0x0,0x0,0x0,0x0,0x0,
0x38,0x0,0x0,0x0,0x0,0x0,0x1,0x0,
0xff,0xff,0xff,0xff,0xa,0x0,0x0,0x0,
0x66,0x4,0x90,0x0,0x0,0x0,0x0,0x0,
0x0,0x0,0x7,0x0,0x0,0x0,0x0,0x0,
0x0,0x0,0x0,0x0,0x66,0x4,0x0,0x0,
0x1,0x0,0x0,0x0,0x2f,0x2d,0x4,0x0,
0x0,0x3d,0x2e,0x4,0x0,0x0,0x18,0x7,
0x2f,0x2f,0x4,0x0,0x0,0x9e,0x7,0x18,
0x8,0x10,0x1,0x80,0x8,0x18,0x9,0x10,
0x11,0x9c,0x9,0x18,0x6,0x2,0x0,0x0,
0x0,0x0,0x0,0x0,0x0,0x0,0x0,0x0,
0x44,0x0,0x0,0x0,0x8,0x0,0x0,0x0,
0xf0,0x0,0x0,0x0,0x0,0x0,0x0,0x0,
0x38,0x0,0x0,0x0,0x0,0x0,0x0,0x0,
0x38,0x0,0x0,0x0,0x0,0x0,0x1,0x0,
0xff,0xff,0xff,0xff,0x7,0x0,0x0,0x0,
0x6a,0x4,0x90,0x0,0x0,0x0,0x0,0x0,
0x0,0x0,0x7,0x0,0x0,0x0,0x0,0x0,
0x0,0x0,0x0,0x0,0x6a,0x4,0x0,0x0,
0x1,0x0,0x0,0x0,0x2f,0x30,0x4,0x0,
0x0,0x18,0x6,0x2,0x0,0x0,0x0,0x0,
0x44,0x0,0x0,0x0,0xe,0x0,0x0,0x0,
0xed,0x0,0x0,0x0,0x0,0x0,0x0,0x0,
0x38,0x0,0x0,0x0,0x0,0x0,0x0,0x0,
0x38,0x0,0x0,0x0,0x0,0x0,0x1,0x0,
0xff,0xff,0xff,0xff,0x7,0x0,0x0,0x0,
0x6e,0x4,0x90,0x0,0x0,0x0,0x0,0x0,
0x0,0x0,0x7,0x0,0x0,0x0,0x0,0x0,
0x0,0x0,0x0,0x0,0x6e,0x4,0x0,0x0,
0x1,0x0,0x0,0x0,0x2f,0x31,0x4,0x0,
0x0,0x50,0x3,0x8,0x4c,0x1,0xa,0x18,
0x6,0x2,0x0,0x0,0x0,0x0,0x0,0x0,
0x44,0x0,0x0,0x0,0x22,0x0,0x0,0x0,
0x8e,0x0,0x0,0x0,0x0,0x0,0x0,0x0,
0x38,0x0,0x0,0x0,0x0,0x0,0x0,0x0,
0x38,0x0,0x0,0x0,0x0,0x0,0x1,0x0,
0xff,0xff,0xff,0xff,0xa,0x0,0x0,0x0,
0x70,0x4,0x90,0x0,0x0,0x0,0x0,0x0,
0x0,0x0,0x7,0x0,0x0,0x0,0x0,0x0,
0x0,0x0,0x0,0x0,0x70,0x4,0x0,0x0,
0x1,0x0,0x0,0x0,0x2f,0x32,0x4,0x0,
0x0,0x3d,0x33,0x4,0x0,0x0,0x18,0x7,
0x2f,0x34,0x4,0x0,0x0,0x9e,0x7,0x18,
0x8,0x10,0x1,0x80,0x8,0x18,0x9,0x10,
0x12,0x9c,0x9,0x18,0x6,0x2,0x0,0x0,
0x0,0x0,0x0,0x0,0x0,0x0,0x0,0x0,
0x44,0x0,0x0,0x0,0x13,0x0,0x0,0x0,
0x8f,0x0,0x0,0x0,0x0,0x0,0x0,0x0,
0x38,0x0,0x0,0x0,0x0,0x0,0x0,0x0,
0x38,0x0,0x0,0x0,0x0,0x0,0x1,0x0,
0xff,0xff,0xff,0xff,0x8,0x0,0x0,0x0,
0x71,0x4,0x90,0x0,0x0,0x0,0x0,0x0,
0x0,0x0,0x7,0x0,0x0,0x0,0x0,0x0,
0x0,0x0,0x0,0x0,0x71,0x4,0x0,0x0,
0x1,0x0,0x0,0x0,0x2f,0x35,0x4,0x0,
0x0,0x3d,0x36,0x4,0x0,0x0,0x18,0x7,
0x10,0xa,0xa2,0x7,0x18,0x6,0x2,0x0,
0x0,0x0,0x0,0x0,0x0,0x0,0x0,0x0,
0x44,0x0,0x0,0x0,0x16,0x0,0x0,0x0,
0x90,0x0,0x0,0x0,0x0,0x0,0x0,0x0,
0x38,0x0,0x0,0x0,0x0,0x0,0x0,0x0,
0x38,0x0,0x0,0x0,0x0,0x0,0x1,0x0,
0xff,0xff,0xff,0xff,0x8,0x0,0x0,0x0,
0x72,0x4,0x90,0x0,0x0,0x0,0x0,0x0,
0x0,0x0,0x7,0x0,0x0,0x0,0x0,0x0,
0x0,0x0,0x0,0x0,0x72,0x4,0x0,0x0,
0x1,0x0,0x0,0x0,0x2f,0x37,0x4,0x0,
0x0,0x3d,0x38,0x4,0x0,0x0,0x18,0x7,
0x2f,0x39,0x4,0x0,0x0,0x9e,0x7,0x18,
0x6,0x2,0x0,0x0,0x0,0x0,0x0,0x0,
0x5c,0x0,0x0,0x0,0x2b,0x0,0x0,0x0,
0xc7,0x0,0x0,0x0,0x0,0x0,0x0,0x0,
0x38,0x0,0x0,0x0,0x0,0x0,0x0,0x0,
0x38,0x0,0x0,0x0,0x0,0x0,0x3,0x0,
0xff,0xff,0xff,0xff,0xb,0x0,0x0,0x0,
0x77,0x4,0x90,0x0,0x0,0x0,0x0,0x0,
0x0,0x0,0x7,0x0,0x0,0x0,0x0,0x0,
0x0,0x0,0x0,0x0,0x77,0x4,0x0,0x0,
0x0,0x0,0x0,0x0,0x1,0x0,0x0,0x0,
0x78,0x4,0x0,0x0,0x2,0x0,0x0,0x0,
0x27,0x0,0x0,0x0,0x79,0x4,0x0,0x0,
0x2,0x0,0x0,0x0,0xca,0x2f,0x3a,0x4,
0x0,0x0,0x18,0x7,0x2f,0x3b,0x4,0x0,
0x0,0x3d,0x3c,0x4,0x0,0x0,0x18,0xa,
0xad,0x3d,0x4,0x0,0x0,0x7,0x0,0x0,
0x0,0x1,0x0,0x0,0x0,0xa,0x0,0x0,
0x0,0x18,0x6,0xd4,0x16,0x6,0x2,0x0,
0x0,0x0,0x0,0x0,0x0,0x0,0x0,0x0,
0x44,0x0,0x0,0x0,0x13,0x0,0x0,0x0,
0x8b,0x0,0x0,0x0,0x0,0x0,0x0,0x0,
0x38,0x0,0x0,0x0,0x0,0x0,0x0,0x0,
0x38,0x0,0x0,0x0,0x0,0x0,0x1,0x0,
0xff,0xff,0xff,0xff,0x8,0x0,0x0,0x0,
0x73,0x4,0x90,0x0,0x0,0x0,0x0,0x0,
0x0,0x0,0x7,0x0,0x0,0x0,0x0,0x0,
0x0,0x0,0x0,0x0,0x73,0x4,0x0,0x0,
0x1,0x0,0x0,0x0,0x2f,0x3e,0x4,0x0,
0x0,0x3d,0x3f,0x4,0x0,0x0,0x18,0x7,
0x10,0x23,0x9e,0x7,0x18,0x6,0x2,0x0,
0x0,0x0,0x0,0x0,0x0,0x0,0x0,0x0,
0x80,0x0,0x0,0x0,0x96,0x0,0x0,0x0,
0x33,0x0,0x0,0x0,0x0,0x0,0x0,0x0,
0x38,0x0,0x0,0x0,0x0,0x0,0x0,0x0,
0x38,0x0,0x0,0x0,0x0,0x0,0x6,0x0,
0xff,0xff,0xff,0xff,0xe,0x0,0x0,0x0,
0x88,0x4,0x50,0x0,0x0,0x0,0x0,0x0,
0x0,0x0,0x7,0x0,0x0,0x0,0x0,0x0,
0x0,0x0,0x0,0x0,0x88,0x4,0x0,0x0,
0x0,0x0,0x0,0x0,0x1,0x0,0x0,0x0,
0x89,0x4,0x0,0x0,0x2,0x0,0x0,0x0,
0xf,0x0,0x0,0x0,0x8a,0x4,0x0,0x0,
0x5,0x0,0x0,0x0,0x43,0x0,0x0,0x0,
0x8b,0x4,0x0,0x0,0x6,0x0,0x0,0x0,
0x71,0x0,0x0,0x0,0x8d,0x4,0x0,0x0,
0x8,0x0,0x0,0x0,0x92,0x0,0x0,0x0,
0x8f,0x4,0x0,0x0,0x8,0x0,0x0,0x0,
0xca,0x2f,0x40,0x4,0x0,0x0,0x50,0x69,
0x2f,0x41,0x4,0x0,0x0,0x50,0x62,0x2f,
0x42,0x4,0x0,0x0,0x18,0x7,0x13,0xe8,
0x1,0x0,0x0,0x18,0xa,0x2f,0x43,0x4,
0x0,0x0,0x18,0xb,0x13,0xe9,0x1,0x0,
0x0,0x18,0xc,0x2f,0x44,0x4,0x0,0x0,
0x18,0xd,0xad,0x45,0x4,0x0,0x0,0x7,
0x0,0x0,0x0,0x4,0x0,0x0,0x0,0xa,
0x0,0x0,0x0,0x2f,0x46,0x4,0x0,0x0,
0x18,0x9,0x2f,0x47,0x4,0x0,0x0,0x18,
0xd,0xb5,0x48,0x4,0x0,0x0,0x1,0x0,
0x0,0x0,0xd,0x0,0x0,0x0,0x18,0xa,
0xb5,0x49,0x4,0x0,0x0,0x2,0x0,0x0,
0x0,0x9,0x0,0x0,0x0,0x18,0x6,0x4c,
0x21,0x2f,0x4a,0x4,0x0,0x0,0x18,0x7,
0x13,0xea,0x1,0x0,0x0,0x18,0xa,0xad,
0x4b,0x4,0x0,0x0,0x7,0x0,0x0,0x0,
0x1,0x0,0x0,0x0,0xa,0x0,0x0,0x0,
0x18,0x6,0xd4,0x16,0x6,0x2,0x0,0x0,
0x0,0x0,0x0,0x0,0x0,0x0,0x0,0x0,
0x44,0x0,0x0,0x0,0x2d,0x0,0x0,0x0,
0x8e,0x0,0x0,0x0,0x0,0x0,0x0,0x0,
0x38,0x0,0x0,0x0,0x0,0x0,0x0,0x0,
0x38,0x0,0x0,0x0,0x0,0x0,0x1,0x0,
0xff,0xff,0xff,0xff,0xa,0x0,0x0,0x0,
0xd2,0x4,0x50,0x0,0x0,0x0,0x0,0x0,
0x0,0x0,0x7,0x0,0x0,0x0,0x0,0x0,
0x0,0x0,0x0,0x0,0xd2,0x4,0x0,0x0,
0x1,0x0,0x0,0x0,0x2f,0x4c,0x4,0x0,
0x0,0x3d,0x4d,0x4,0x0,0x0,0x18,0x7,
0x2f,0x4e,0x4,0x0,0x0,0x9e,0x7,0x18,
0x8,0x10,0x1,0x80,0x8,0x18,0x9,0x2f,
0x4f,0x4,0x0,0x0,0x50,0x4,0x10,0x11,
0x4c,0x2,0x10,0xf,0x9c,0x9,0x18,0x6,
0x2,0x0,0x0,0x0,0x0,0x0,0x0,0x0,
0x44,0x0,0x0,0x0,0x13,0x0,0x0,0x0,
0x8f,0x0,0x0,0x0,0x0,0x0,0x0,0x0,
0x38,0x0,0x0,0x0,0x0,0x0,0x0,0x0,
0x38,0x0,0x0,0x0,0x0,0x0,0x1,0x0,
0xff,0xff,0xff,0xff,0x8,0x0,0x0,0x0,
0xd3,0x4,0x50,0x0,0x0,0x0,0x0,0x0,
0x0,0x0,0x7,0x0,0x0,0x0,0x0,0x0,
0x0,0x0,0x0,0x0,0xd3,0x4,0x0,0x0,
0x1,0x0,0x0,0x0,0x2f,0x50,0x4,0x0,
0x0,0x3d,0x51,0x4,0x0,0x0,0x18,0x7,
0x10,0x14,0xa2,0x7,0x18,0x6,0x2,0x0,
0x0,0x0,0x0,0x0,0x0,0x0,0x0,0x0,
0x44,0x0,0x0,0x0,0x1c,0x0,0x0,0x0,
0x90,0x0,0x0,0x0,0x0,0x0,0x0,0x0,
0x38,0x0,0x0,0x0,0x0,0x0,0x0,0x0,
0x38,0x0,0x0,0x0,0x0,0x0,0x1,0x0,
0xff,0xff,0xff,0xff,0x9,0x0,0x0,0x0,
0xd4,0x4,0x50,0x0,0x0,0x0,0x0,0x0,
0x0,0x0,0x7,0x0,0x0,0x0,0x0,0x0,
0x0,0x0,0x0,0x0,0xd4,0x4,0x0,0x0,
0x1,0x0,0x0,0x0,0x2f,0x52,0x4,0x0,
0x0,0x3d,0x53,0x4,0x0,0x0,0x18,0x7,
0x2f,0x54,0x4,0x0,0x0,0xa2,0x7,0x18,
0x8,0x10,0xa,0xa2,0x8,0x18,0x6,0x2,
0x0,0x0,0x0,0x0,0x0,0x0,0x0,0x0,
0xc8,0x0,0x0,0x0,0xbd,0x0,0x0,0x0,
0xa7,0x0,0x0,0x0,0x0,0x0,0x0,0x0,
0x38,0x0,0x0,0x0,0x0,0x0,0x0,0x0,
0x38,0x0,0x0,0x0,0x0,0x0,0xc,0x0,
0xff,0xff,0xff,0xff,0xb,0x0,0x0,0x0,
0xd7,0x4,0x50,0x0,0x0,0x0,0x0,0x0,
0x0,0x0,0x7,0x0,0x0,0x0,0x0,0x0,
0x0,0x0,0x0,0x0,0xd7,0x4,0x0,0x0,
0x0,0x0,0x0,0x0,0x1,0x0,0x0,0x0,
0xd8,0x4,0x0,0x0,0x2,0x0,0x0,0x0,
0x15,0x0,0x0,0x0,0xd9,0x4,0x0,0x0,
0x5,0x0,0x0,0x0,0x20,0x0,0x0,0x0,
0xda,0x4,0x0,0x0,0x7,0x0,0x0,0x0,
0x3f,0x0,0x0,0x0,0xdb,0x4,0x0,0x0,
0x8,0x0,0x0,0x0,0x46,0x0,0x0,0x0,
0xdc,0x4,0x0,0x0,0xb,0x0,0x0,0x0,
0x4c,0x0,0x0,0x0,0xdd,0x4,0x0,0x0,
0xd,0x0,0x0,0x0,0x5d,0x0,0x0,0x0,
0xde,0x4,0x0,0x0,0xe,0x0,0x0,0x0,
0x79,0x0,0x0,0x0,0xe0,0x4,0x0,0x0,
0x11,0x0,0x0,0x0,0x8a,0x0,0x0,0x0,
0xe1,0x4,0x0,0x0,0x13,0x0,0x0,0x0,
0x9f,0x0,0x0,0x0,0xe2,0x4,0x0,0x0,
0x14,0x0,0x0,0x0,0xb9,0x0,0x0,0x0,
0xe5,0x4,0x0,0x0,0x14,0x0,0x0,0x0,
0xca,0x2f,0x55,0x4,0x0,0x0,0x3d,0x56,
0x4,0x0,0x0,0x3d,0x57,0x4,0x0,0x0,
0x51,0xa4,0x0,0x0,0x0,0x2f,0x58,0x4,
0x0,0x0,0x74,0x31,0x4,0x1,0x0,0x0,
0x2f,0x59,0x4,0x0,0x0,0x18,0x7,0x2f,
0x5a,0x4,0x0,0x0,0x18,0xa,0xad,0x5b,
0x4,0x0,0x0,0x7,0x0,0x0,0x0,0x1,
0x0,0x0,0x0,0xa,0x0,0x0,0x0,0x2f,
0x5c,0x4,0x0,0x0,0x50,0x33,0x6,0x31,
0xaf,0x0,0x0,0x0,0x2f,0x5d,0x4,0x0,
0x0,0x18,0x7,0x8,0x43,0x5e,0x4,0x0,
0x0,0x7,0x0,0x0,0x0,0x2f,0x5f,0x4,
0x0,0x0,0x18,0x7,0x13,0x88,0x0,0x0,
0x0,0x18,0x8,0x43,0x60,0x4,0x0,0x0,
0x7,0x0,0x0,0x0,0x1a,0x8,0x6,0x4c,
0x40,0x2f,0x61,0x4,0x0,0x0,0x18,0x7,
0xa,0x43,0x62,0x4,0x0,0x0,0x7,0x0,
0x0,0x0,0x2f,0x63,0x4,0x0,0x0,0x18,
0x7,0x13,0xe6,0x0,0x0,0x0,0x43,0x64,
0x4,0x0,0x0,0x7,0x0,0x0,0x0,0x2f,
0x65,0x4,0x0,0x0,0x18,0x7,0x13,0x9,
0x1,0x0,0x0,0x18,0x8,0x43,0x66,0x4,
0x0,0x0,0x7,0x0,0x0,0x0,0x1a,0x8,
0x6,0xd4,0x16,0x6,0x2,0x0,0x0,0x0,
0x0,0x0,0x0,0x0,0x0,0x0,0x0,0x0,
0x74,0x0,0x0,0x0,0x37,0x0,0x0,0x0,
0x38,0x0,0x0,0x0,0x0,0x0,0x0,0x0,
0x38,0x0,0x0,0x0,0x0,0x0,0x0,0x0,
0x38,0x0,0x0,0x0,0x0,0x0,0x5,0x0,
0xff,0xff,0xff,0xff,0xa,0x0,0x0,0x0,
0xe6,0x4,0x50,0x0,0x0,0x0,0x0,0x0,
0x0,0x0,0x7,0x0,0x0,0x0,0x0,0x0,
0x0,0x0,0x0,0x0,0xe6,0x4,0x0,0x0,
0x0,0x0,0x0,0x0,0x1,0x0,0x0,0x0,
0xe7,0x4,0x0,0x0,0x2,0x0,0x0,0x0,
0x13,0x0,0x0,0x0,0xe8,0x4,0x0,0x0,
0x5,0x0,0x0,0x0,0x19,0x0,0x0,0x0,
0xe9,0x4,0x0,0x0,0x6,0x0,0x0,0x0,
0x33,0x0,0x0,0x0,0xeb,0x4,0x0,0x0,
0x6,0x0,0x0,0x0,0xca,0x2f,0x67,0x4,
0x0,0x0,0x3d,0x68,0x4,0x0,0x0,0x3d,
0x69,0x4,0x0,0x0,0x74,0x50,0x20,0x8,
0x31,0x4,0x1,0x0,0x0,0x2f,0x6a,0x4,
0x0,0x0,0x18,0x7,0xad,0x6b,0x4,0x0,
0x0,0x7,0x0,0x0,0x0,0x0,0x0,0x0,
0x0,0x0,0x0,0x0,0x0,0x18,0x6,0xd4,
0x16,0x6,0x2,0x0,0x0,0x0,0x0,0x0,
0x74,0x0,0x0,0x0,0x37,0x0,0x0,0x0,
0xf,0x1,0x0,0x0,0x0,0x0,0x0,0x0,
0x38,0x0,0x0,0x0,0x0,0x0,0x0,0x0,
0x38,0x0,0x0,0x0,0x0,0x0,0x5,0x0,
0xff,0xff,0xff,0xff,0xa,0x0,0x0,0x0,
0xec,0x4,0x50,0x0,0x0,0x0,0x0,0x0,
0x0,0x0,0x7,0x0,0x0,0x0,0x0,0x0,
0x0,0x0,0x0,0x0,0xec,0x4,0x0,0x0,
0x0,0x0,0x0,0x0,0x1,0x0,0x0,0x0,
0xed,0x4,0x0,0x0,0x2,0x0,0x0,0x0,
0x13,0x0,0x0,0x0,0xee,0x4,0x0,0x0,
0x5,0x0,0x0,0x0,0x19,0x0,0x0,0x0,
0xef,0x4,0x0,0x0,0x6,0x0,0x0,0x0,
0x33,0x0,0x0,0x0,0xf1,0x4,0x0,0x0,
0x6,0x0,0x0,0x0,0xca,0x2f,0x6c,0x4,
0x0,0x0,0x3d,0x6d,0x4,0x0,0x0,0x3d,
0x6e,0x4,0x0,0x0,0x74,0x50,0x20,0xa,
0x31,0x4,0x1,0x0,0x0,0x2f,0x6f,0x4,
0x0,0x0,0x18,0x7,0xad,0x70,0x4,0x0,
0x0,0x7,0x0,0x0,0x0,0x0,0x0,0x0,
0x0,0x0,0x0,0x0,0x0,0x18,0x6,0xd4,
0x16,0x6,0x2,0x0,0x0,0x0,0x0,0x0,
0x74,0x0,0x0,0x0,0x37,0x0,0x0,0x0,
0x11,0x1,0x0,0x0,0x0,0x0,0x0,0x0,
0x38,0x0,0x0,0x0,0x0,0x0,0x0,0x0,
0x38,0x0,0x0,0x0,0x0,0x0,0x5,0x0,
0xff,0xff,0xff,0xff,0xa,0x0,0x0,0x0,
0xf2,0x4,0x50,0x0,0x0,0x0,0x0,0x0,
0x0,0x0,0x7,0x0,0x0,0x0,0x0,0x0,
0x0,0x0,0x0,0x0,0xf2,0x4,0x0,0x0,
0x0,0x0,0x0,0x0,0x1,0x0,0x0,0x0,
0xf3,0x4,0x0,0x0,0x2,0x0,0x0,0x0,
0x13,0x0,0x0,0x0,0xf4,0x4,0x0,0x0,
0x5,0x0,0x0,0x0,0x19,0x0,0x0,0x0,
0xf5,0x4,0x0,0x0,0x6,0x0,0x0,0x0,
0x33,0x0,0x0,0x0,0xf7,0x4,0x0,0x0,
0x6,0x0,0x0,0x0,0xca,0x2f,0x71,0x4,
0x0,0x0,0x3d,0x72,0x4,0x0,0x0,0x3d,
0x73,0x4,0x0,0x0,0x74,0x50,0x20,0xa,
0x31,0x4,0x1,0x0,0x0,0x2f,0x74,0x4,
0x0,0x0,0x18,0x7,0xad,0x75,0x4,0x0,
0x0,0x7,0x0,0x0,0x0,0x0,0x0,0x0,
0x0,0x0,0x0,0x0,0x0,0x18,0x6,0xd4,
0x16,0x6,0x2,0x0,0x0,0x0,0x0,0x0,
0xa4,0x0,0x0,0x0,0xcc,0x0,0x0,0x0,
0x33,0x0,0x0,0x0,0x0,0x0,0x0,0x0,
0x38,0x0,0x0,0x0,0x0,0x0,0x0,0x0,
0x38,0x0,0x0,0x0,0x0,0x0,0x9,0x0,
0xff,0xff,0xff,0xff,0xc,0x0,0x0,0x0,
0xa1,0x4,0x90,0x0,0x0,0x0,0x0,0x0,
0x0,0x0,0x7,0x0,0x0,0x0,0x0,0x0,
0x0,0x0,0x0,0x0,0xa1,0x4,0x0,0x0,
0x0,0x0,0x0,0x0,0x1,0x0,0x0,0x0,
0xa2,0x4,0x0,0x0,0x3,0x0,0x0,0x0,
0x17,0x0,0x0,0x0,0xa3,0x4,0x0,0x0,
0x5,0x0,0x0,0x0,0x3a,0x0,0x0,0x0,
0xa4,0x4,0x0,0x0,0x6,0x0,0x0,0x0,
0x68,0x0,0x0,0x0,0xa5,0x4,0x0,0x0,
0x9,0x0,0x0,0x0,0x79,0x0,0x0,0x0,
0xa6,0x4,0x0,0x0,0xb,0x0,0x0,0x0,
0x9d,0x0,0x0,0x0,0xa7,0x4,0x0,0x0,
0xd,0x0,0x0,0x0,0xae,0x0,0x0,0x0,
0xa8,0x4,0x0,0x0,0xe,0x0,0x0,0x0,
0xc8,0x0,0x0,0x0,0xaa,0x4,0x0,0x0,
0xe,0x0,0x0,0x0,0xca,0x2f,0x76,0x4,
0x0,0x0,0x18,0x7,0x3d,0x77,0x4,0x0,
0x0,0x7c,0x43,0x78,0x4,0x0,0x0,0x7,
0x0,0x0,0x0,0x2f,0x79,0x4,0x0,0x0,
0x18,0x7,0x13,0xef,0x1,0x0,0x0,0x18,
0x8,0x2f,0x7a,0x4,0x0,0x0,0x3d,0x7b,
0x4,0x0,0x0,0x80,0x8,0x43,0x7c,0x4,
0x0,0x0,0x7,0x0,0x0,0x0,0x2f,0x7d,
0x4,0x0,0x0,0x3d,0x7e,0x4,0x0,0x0,
0x18,0x7,0x2f,0x7f,0x4,0x0,0x0,0x3d,
0x80,0x4,0x0,0x0,0x3d,0x81,0x4,0x0,
0x0,0x18,0xa,0xb5,0x82,0x4,0x0,0x0,
0x1,0x0,0x0,0x0,0xa,0x0,0x0,0x0,
0x66,0x7,0x50,0x60,0x2f,0x83,0x4,0x0,
0x0,0x18,0x8,0xa,0x43,0x84,0x4,0x0,
0x0,0x8,0x0,0x0,0x0,0x2f,0x85,0x4,
0x0,0x0,0x18,0x8,0x2f,0x86,0x4,0x0,
0x0,0x3d,0x87,0x4,0x0,0x0,0x18,0xb,
0xad,0x88,0x4,0x0,0x0,0x8,0x0,0x0,
0x0,0x1,0x0,0x0,0x0,0xb,0x0,0x0,
0x0,0x2f,0x89,0x4,0x0,0x0,0x18,0x8,
0xa,0x43,0x8a,0x4,0x0,0x0,0x8,0x0,
0x0,0x0,0x2f,0x8b,0x4,0x0,0x0,0x18,
0x8,0x13,0x9,0x1,0x0,0x0,0x18,0x9,
0x43,0x8c,0x4,0x0,0x0,0x8,0x0,0x0,
0x0,0x1a,0x9,0x6,0xd4,0x16,0x6,0x2,
0x0,0x0,0x0,0x0,0x0,0x0,0x0,0x0,
0x44,0x0,0x0,0x0,0x1b,0x0,0x0,0x0,
0xb9,0x0,0x0,0x0,0x0,0x0,0x0,0x0,
0x38,0x0,0x0,0x0,0x0,0x0,0x0,0x0,
0x38,0x0,0x0,0x0,0x0,0x0,0x1,0x0,
0xff,0xff,0xff,0xff,0x7,0x0,0x0,0x0,
0xb3,0x4,0x90,0x0,0x0,0x0,0x0,0x0,
0x0,0x0,0x7,0x0,0x0,0x0,0x0,0x0,
0x0,0x0,0x0,0x0,0xb3,0x4,0x0,0x0,
0x1,0x0,0x0,0x0,0x2f,0x8d,0x4,0x0,
0x0,0x3d,0x8e,0x4,0x0,0x0,0x50,0x7,
0x13,0xf0,0x1,0x0,0x0,0x4c,0x5,0x13,
0xf1,0x1,0x0,0x0,0x18,0x6,0x2,0x0,
0x0,0x0,0x0,0x0,0x0,0x0,0x0,0x0,
0x44,0x0,0x0,0x0,0xd,0x0,0x0,0x0,
0x8f,0x0,0x0,0x0,0x0,0x0,0x0,0x0,
0x38,0x0,0x0,0x0,0x0,0x0,0x0,0x0,
0x38,0x0,0x0,0x0,0x0,0x0,0x1,0x0,
0xff,0xff,0xff,0xff,0x7,0x0,0x0,0x0,
0xba,0x4,0xd0,0x0,0x0,0x0,0x0,0x0,
0x0,0x0,0x7,0x0,0x0,0x0,0x0,0x0,
0x0,0x0,0x0,0x0,0xba,0x4,0x0,0x0,
0x1,0x0,0x0,0x0,0x2f,0x8f,0x4,0x0,
0x0,0x3d,0x90,0x4,0x0,0x0,0x18,0x6,
0x2,0x0,0x0,0x0,0x0,0x0,0x0,0x0,
0x44,0x0,0x0,0x0,0x8,0x0,0x0,0x0,
0x7,0x1,0x0,0x0,0x0,0x0,0x0,0x0,
0x38,0x0,0x0,0x0,0x0,0x0,0x0,0x0,
0x38,0x0,0x0,0x0,0x0,0x0,0x1,0x0,
0xff,0xff,0xff,0xff,0x7,0x0,0x0,0x0,
0xb8,0x4,0xd0,0x0,0x0,0x0,0x0,0x0,
0x0,0x0,0x7,0x0,0x0,0x0,0x0,0x0,
0x0,0x0,0x0,0x0,0xb8,0x4,0x0,0x0,
0x1,0x0,0x0,0x0,0x2f,0x91,0x4,0x0,
0x0,0x18,0x6,0x2,0x0,0x0,0x0,0x0,
0x44,0x0,0x0,0x0,0xd,0x0,0x0,0x0,
0x9c,0x0,0x0,0x0,0x0,0x0,0x0,0x0,
0x38,0x0,0x0,0x0,0x0,0x0,0x0,0x0,
0x38,0x0,0x0,0x0,0x0,0x0,0x1,0x0,
0xff,0xff,0xff,0xff,0x7,0x0,0x0,0x0,
0xc1,0x4,0x10,0x1,0x0,0x0,0x0,0x0,
0x0,0x0,0x7,0x0,0x0,0x0,0x0,0x0,
0x0,0x0,0x0,0x0,0xc1,0x4,0x0,0x0,
0x1,0x0,0x0,0x0,0x2f,0x92,0x4,0x0,
0x0,0x3d,0x93,0x4,0x0,0x0,0x18,0x6,
0x2,0x0,0x0,0x0,0x0,0x0,0x0,0x0,
0x44,0x0,0x0,0x0,0xd,0x0,0x0,0x0,
0x92,0x0,0x0,0x0,0x0,0x0,0x0,0x0,
0x38,0x0,0x0,0x0,0x0,0x0,0x0,0x0,
0x38,0x0,0x0,0x0,0x0,0x0,0x1,0x0,
0xff,0xff,0xff,0xff,0x7,0x0,0x0,0x0,
0xc2,0x4,0x10,0x1,0x0,0x0,0x0,0x0,
0x0,0x0,0x7,0x0,0x0,0x0,0x0,0x0,
0x0,0x0,0x0,0x0,0xc2,0x4,0x0,0x0,
0x1,0x0,0x0,0x0,0x2f,0x94,0x4,0x0,
0x0,0x3d,0x95,0x4,0x0,0x0,0x18,0x6,
0x2,0x0,0x0,0x0,0x0,0x0,0x0,0x0,
0x44,0x0,0x0,0x0,0xd,0x0,0x0,0x0,
0xb,0x1,0x0,0x0,0x0,0x0,0x0,0x0,
0x38,0x0,0x0,0x0,0x0,0x0,0x0,0x0,
0x38,0x0,0x0,0x0,0x0,0x0,0x1,0x0,
0xff,0xff,0xff,0xff,0x7,0x0,0x0,0x0,
0xc3,0x4,0x10,0x1,0x0,0x0,0x0,0x0,
0x0,0x0,0x7,0x0,0x0,0x0,0x0,0x0,
0x0,0x0,0x0,0x0,0xc3,0x4,0x0,0x0,
0x1,0x0,0x0,0x0,0x2f,0x96,0x4,0x0,
0x0,0x3d,0x97,0x4,0x0,0x0,0x18,0x6,
0x2,0x0,0x0,0x0,0x0,0x0,0x0,0x0,
0x44,0x0,0x0,0x0,0xd,0x0,0x0,0x0,
0x9c,0x0,0x0,0x0,0x0,0x0,0x0,0x0,
0x38,0x0,0x0,0x0,0x0,0x0,0x0,0x0,
0x38,0x0,0x0,0x0,0x0,0x0,0x1,0x0,
0xff,0xff,0xff,0xff,0x7,0x0,0x0,0x0,
0xcb,0x4,0x10,0x1,0x0,0x0,0x0,0x0,
0x0,0x0,0x7,0x0,0x0,0x0,0x0,0x0,
0x0,0x0,0x0,0x0,0xcb,0x4,0x0,0x0,
0x1,0x0,0x0,0x0,0x2f,0x98,0x4,0x0,
0x0,0x3d,0x99,0x4,0x0,0x0,0x18,0x6,
0x2,0x0,0x0,0x0,0x0,0x0,0x0,0x0,
0x44,0x0,0x0,0x0,0xd,0x0,0x0,0x0,
0x92,0x0,0x0,0x0,0x0,0x0,0x0,0x0,
0x38,0x0,0x0,0x0,0x0,0x0,0x0,0x0,
0x38,0x0,0x0,0x0,0x0,0x0,0x1,0x0,
0xff,0xff,0xff,0xff,0x7,0x0,0x0,0x0,
0xcc,0x4,0x10,0x1,0x0,0x0,0x0,0x0,
0x0,0x0,0x7,0x0,0x0,0x0,0x0,0x0,
0x0,0x0,0x0,0x0,0xcc,0x4,0x0,0x0,
0x1,0x0,0x0,0x0,0x2f,0x9a,0x4,0x0,
0x0,0x3d,0x9b,0x4,0x0,0x0,0x18,0x6,
0x2,0x0,0x0,0x0,0x0,0x0,0x0,0x0,
0x44,0x0,0x0,0x0,0xd,0x0,0x0,0x0,
0xb,0x1,0x0,0x0,0x0,0x0,0x0,0x0,
0x38,0x0,0x0,0x0,0x0,0x0,0x0,0x0,
0x38,0x0,0x0,0x0,0x0,0x0,0x1,0x0,
0xff,0xff,0xff,0xff,0x7,0x0,0x0,0x0,
0xcd,0x4,0x10,0x1,0x0,0x0,0x0,0x0,
0x0,0x0,0x7,0x0,0x0,0x0,0x0,0x0,
0x0,0x0,0x0,0x0,0xcd,0x4,0x0,0x0,
0x1,0x0,0x0,0x0,0x2f,0x9c,0x4,0x0,
0x0,0x3d,0x9d,0x4,0x0,0x0,0x18,0x6,
0x2,0x0,0x0,0x0,0x0,0x0,0x0,0x0,
0x0,0x0,0x0,0x0,0x10,0x0,0x0,0x0,
0x0,0x0,0x0,0x0,0x0,0x0,0x0,0x0,
0x0,0x0,0x0,0x0,0x10,0x0,0x0,0x0,
0x0,0x0,0x0,0x0,0x0,0x0,0x0,0x0,
0x0,0x0,0x0,0x0,0x10,0x0,0x0,0x0,
0x0,0x0,0x0,0x0,0x0,0x0,0x0,0x0,
0x0,0x0,0x0,0x0,0x10,0x0,0x0,0x0,
0x0,0x0,0x0,0x0,0x0,0x0,0x0,0x0,
0x0,0x0,0x0,0x0,0x10,0x0,0x0,0x0,
0x0,0x0,0x0,0x0,0x0,0x0,0x0,0x0,
0x0,0x0,0x0,0x0,0x10,0x0,0x0,0x0,
0x0,0x0,0x0,0x0,0x0,0x0,0x0,0x0,
0x0,0x0,0x0,0x0,0x10,0x0,0x0,0x0,
0x0,0x0,0x0,0x0,0x0,0x0,0x0,0x0,
0x0,0x0,0x0,0x0,0x10,0x0,0x0,0x0,
0x0,0x0,0x0,0x0,0x0,0x0,0x0,0x0,
0x0,0x0,0x0,0x0,0x10,0x0,0x0,0x0,
0x0,0x0,0x0,0x0,0x0,0x0,0x0,0x0,
0x0,0x0,0x0,0x0,0x10,0x0,0x0,0x0,
0x0,0x0,0x0,0x0,0x0,0x0,0x0,0x0,
0x0,0x0,0x0,0x0,0x10,0x0,0x0,0x0,
0x0,0x0,0x0,0x0,0x0,0x0,0x0,0x0,
0x0,0x0,0x0,0x0,0x10,0x0,0x0,0x0,
0x0,0x0,0x0,0x0,0x0,0x0,0x0,0x0,
0x0,0x0,0x0,0x0,0x10,0x0,0x0,0x0,
0x0,0x0,0x0,0x0,0x0,0x0,0x0,0x0,
0x0,0x0,0x0,0x0,0x10,0x0,0x0,0x0,
0x0,0x0,0x0,0x0,0x0,0x0,0x0,0x0,
0x0,0x0,0x0,0x0,0x10,0x0,0x0,0x0,
0x0,0x0,0x0,0x0,0x0,0x0,0x0,0x0,
0x0,0x0,0x0,0x0,0x10,0x0,0x0,0x0,
0x0,0x0,0x0,0x0,0x0,0x0,0x0,0x0,
0x0,0x0,0x0,0x0,0x10,0x0,0x0,0x0,
0x0,0x0,0x0,0x0,0x0,0x0,0x0,0x0,
0x0,0x0,0x0,0x0,0x10,0x0,0x0,0x0,
0x0,0x0,0x0,0x0,0x0,0x0,0x0,0x0,
0x0,0x0,0x0,0x0,0x10,0x0,0x0,0x0,
0x0,0x0,0x0,0x0,0x0,0x0,0x0,0x0,
0x0,0x0,0x0,0x0,0x10,0x0,0x0,0x0,
0x0,0x0,0x0,0x0,0x0,0x0,0x0,0x0,
0x0,0x0,0x0,0x0,0x10,0x0,0x0,0x0,
0x0,0x0,0x0,0x0,0x0,0x0,0x0,0x0,
0x0,0x0,0x0,0x0,0x10,0x0,0x0,0x0,
0x0,0x0,0x0,0x0,0x0,0x0,0x0,0x0,
0x0,0x0,0x0,0x0,0x10,0x0,0x0,0x0,
0x0,0x0,0x0,0x0,0x0,0x0,0x0,0x0,
0x0,0x0,0x0,0x0,0x10,0x0,0x0,0x0,
0x0,0x0,0x0,0x0,0x0,0x0,0x0,0x0,
0x0,0x0,0x0,0x0,0x10,0x0,0x0,0x0,
0x0,0x0,0x0,0x0,0x0,0x0,0x0,0x0,
0x0,0x0,0x0,0x0,0x10,0x0,0x0,0x0,
0x0,0x0,0x0,0x0,0x0,0x0,0x0,0x0,
0x0,0x0,0x0,0x0,0x10,0x0,0x0,0x0,
0x0,0x0,0x0,0x0,0x0,0x0,0x0,0x0,
0x0,0x0,0x0,0x0,0x10,0x0,0x0,0x0,
0x0,0x0,0x0,0x0,0x0,0x0,0x0,0x0,
0x0,0x0,0x0,0x0,0x10,0x0,0x0,0x0,
0x0,0x0,0x0,0x0,0x0,0x0,0x0,0x0,
0x0,0x0,0x0,0x0,0x10,0x0,0x0,0x0,
0x0,0x0,0x0,0x0,0x0,0x0,0x0,0x0,
0x0,0x0,0x0,0x0,0x10,0x0,0x0,0x0,
0x0,0x0,0x0,0x0,0x0,0x0,0x0,0x0,
0x0,0x0,0x0,0x0,0x10,0x0,0x0,0x0,
0x0,0x0,0x0,0x0,0x0,0x0,0x0,0x0,
0x0,0x0,0x0,0x0,0x10,0x0,0x0,0x0,
0x0,0x0,0x0,0x0,0x0,0x0,0x0,0x0,
0x0,0x0,0x0,0x0,0x10,0x0,0x0,0x0,
0x0,0x0,0x0,0x0,0x0,0x0,0x0,0x0,
0x0,0x0,0x0,0x0,0x10,0x0,0x0,0x0,
0x0,0x0,0x0,0x0,0x0,0x0,0x0,0x0,
0x0,0x0,0x0,0x0,0x10,0x0,0x0,0x0,
0x0,0x0,0x0,0x0,0x0,0x0,0x0,0x0,
0x0,0x0,0x0,0x0,0x10,0x0,0x0,0x0,
0x0,0x0,0x0,0x0,0x0,0x0,0x0,0x0,
0x88,0xbe,0x0,0x0,0x90,0xbe,0x0,0x0,
0xa8,0xbe,0x0,0x0,0xd0,0xbe,0x0,0x0,
0x8,0xbf,0x0,0x0,0x18,0xbf,0x0,0x0,
0x30,0xbf,0x0,0x0,0x40,0xbf,0x0,0x0,
0x58,0xbf,0x0,0x0,0x68,0xbf,0x0,0x0,
0x98,0xbf,0x0,0x0,0xa8,0xbf,0x0,0x0,
0xd8,0xbf,0x0,0x0,0x8,0xc0,0x0,0x0,
0x18,0xc0,0x0,0x0,0x40,0xc0,0x0,0x0,
0x68,0xc0,0x0,0x0,0x90,0xc0,0x0,0x0,
0xc0,0xc0,0x0,0x0,0xe8,0xc0,0x0,0x0,
0x10,0xc1,0x0,0x0,0x38,0xc1,0x0,0x0,
0x68,0xc1,0x0,0x0,0x88,0xc1,0x0,0x0,
0xa0,0xc1,0x0,0x0,0xb8,0xc1,0x0,0x0,
0xd0,0xc1,0x0,0x0,0x0,0xc2,0x0,0x0,
0x20,0xc2,0x0,0x0,0x38,0xc2,0x0,0x0,
0x68,0xc2,0x0,0x0,0x98,0xc2,0x0,0x0,
0xe8,0xc2,0x0,0x0,0x20,0xc3,0x0,0x0,
0x70,0xc3,0x0,0x0,0x88,0xc3,0x0,0x0,
0xb0,0xc3,0x0,0x0,0xd8,0xc3,0x0,0x0,
0xf0,0xc3,0x0,0x0,0x28,0xc4,0x0,0x0,
0x50,0xc4,0x0,0x0,0x80,0xc4,0x0,0x0,
0xd0,0xc4,0x0,0x0,0xe8,0xc4,0x0,0x0,
0x8,0xc5,0x0,0x0,0x48,0xc5,0x0,0x0,
0x78,0xc5,0x0,0x0,0x88,0xc5,0x0,0x0,
0xb0,0xc5,0x0,0x0,0xc8,0xc5,0x0,0x0,
0xe0,0xc5,0x0,0x0,0x0,0xc6,0x0,0x0,
0x40,0xc6,0x0,0x0,0x68,0xc6,0x0,0x0,
0xa8,0xc6,0x0,0x0,0xb8,0xc6,0x0,0x0,
0xd0,0xc6,0x0,0x0,0x8,0xc7,0x0,0x0,
0x20,0xc7,0x0,0x0,0x38,0xc7,0x0,0x0,
0x50,0xc7,0x0,0x0,0x68,0xc7,0x0,0x0,
0x80,0xc7,0x0,0x0,0x98,0xc7,0x0,0x0,
0xb0,0xc7,0x0,0x0,0xc8,0xc7,0x0,0x0,
0xe0,0xc7,0x0,0x0,0xf8,0xc7,0x0,0x0,
0x10,0xc8,0x0,0x0,0x28,0xc8,0x0,0x0,
0x40,0xc8,0x0,0x0,0x58,0xc8,0x0,0x0,
0x70,0xc8,0x0,0x0,0x90,0xc8,0x0,0x0,
0xb0,0xc8,0x0,0x0,0xd0,0xc8,0x0,0x0,
0xe8,0xc8,0x0,0x0,0x0,0xc9,0x0,0x0,
0x18,0xc9,0x0,0x0,0x38,0xc9,0x0,0x0,
0x50,0xc9,0x0,0x0,0x70,0xc9,0x0,0x0,
0x88,0xc9,0x0,0x0,0xa8,0xc9,0x0,0x0,
0xc8,0xc9,0x0,0x0,0xe8,0xc9,0x0,0x0,
0x10,0xca,0x0,0x0,0x38,0xca,0x0,0x0,
0x58,0xca,0x0,0x0,0x78,0xca,0x0,0x0,
0x90,0xca,0x0,0x0,0xb0,0xca,0x0,0x0,
0xc8,0xca,0x0,0x0,0xe0,0xca,0x0,0x0,
0x0,0xcb,0x0,0x0,0x20,0xcb,0x0,0x0,
0x40,0xcb,0x0,0x0,0x60,0xcb,0x0,0x0,
0x80,0xcb,0x0,0x0,0xa0,0xcb,0x0,0x0,
0xc0,0xcb,0x0,0x0,0xe8,0xcb,0x0,0x0,
0x8,0xcc,0x0,0x0,0x30,0xcc,0x0,0x0,
0x40,0xcc,0x0,0x0,0x58,0xcc,0x0,0x0,
0x68,0xcc,0x0,0x0,0x80,0xcc,0x0,0x0,
0x90,0xcc,0x0,0x0,0xa8,0xcc,0x0,0x0,
0xb8,0xcc,0x0,0x0,0xd0,0xcc,0x0,0x0,
0xe0,0xcc,0x0,0x0,0xf8,0xcc,0x0,0x0,
0x8,0xcd,0x0,0x0,0x20,0xcd,0x0,0x0,
0x38,0xcd,0x0,0x0,0x50,0xcd,0x0,0x0,
0x68,0xcd,0x0,0x0,0x80,0xcd,0x0,0x0,
0x98,0xcd,0x0,0x0,0xb0,0xcd,0x0,0x0,
0xc8,0xcd,0x0,0x0,0xe0,0xcd,0x0,0x0,
0xf8,0xcd,0x0,0x0,0x10,0xce,0x0,0x0,
0x28,0xce,0x0,0x0,0x40,0xce,0x0,0x0,
0x60,0xce,0x0,0x0,0x90,0xce,0x0,0x0,
0xa8,0xce,0x0,0x0,0xc8,0xce,0x0,0x0,
0xe8,0xce,0x0,0x0,0xf8,0xce,0x0,0x0,
0x8,0xcf,0x0,0x0,0x20,0xcf,0x0,0x0,
0x30,0xcf,0x0,0x0,0x40,0xcf,0x0,0x0,
0x50,0xcf,0x0,0x0,0x68,0xcf,0x0,0x0,
0xa0,0xcf,0x0,0x0,0xa8,0xcf,0x0,0x0,
0xb0,0xcf,0x0,0x0,0xd8,0xcf,0x0,0x0,
0x8,0xd0,0x0,0x0,0x38,0xd0,0x0,0x0,
0x60,0xd0,0x0,0x0,0xa8,0xd0,0x0,0x0,
0xc0,0xd0,0x0,0x0,0xd8,0xd0,0x0,0x0,
0x0,0xd1,0x0,0x0,0x10,0xd1,0x0,0x0,
0x40,0xd1,0x0,0x0,0x58,0xd1,0x0,0x0,
0x70,0xd1,0x0,0x0,0xa0,0xd1,0x0,0x0,
0xd0,0xd1,0x0,0x0,0x20,0xd2,0x0,0x0,
0x40,0xd2,0x0,0x0,0x50,0xd2,0x0,0x0,
0x68,0xd2,0x0,0x0,0x80,0xd2,0x0,0x0,
0x98,0xd2,0x0,0x0,0xb0,0xd2,0x0,0x0,
0xc8,0xd2,0x0,0x0,0xd8,0xd2,0x0,0x0,
0x8,0xd3,0x0,0x0,0x20,0xd3,0x0,0x0,
0x58,0xd3,0x0,0x0,0x70,0xd3,0x0,0x0,
0x88,0xd3,0x0,0x0,0x98,0xd3,0x0,0x0,
0xa8,0xd3,0x0,0x0,0xc8,0xd3,0x0,0x0,
0x8,0xd4,0x0,0x0,0x20,0xd4,0x0,0x0,
0x30,0xd4,0x0,0x0,0x40,0xd4,0x0,0x0,
0x60,0xd4,0x0,0x0,0x80,0xd4,0x0,0x0,
0x98,0xd4,0x0,0x0,0xb8,0xd4,0x0,0x0,
0xd8,0xd4,0x0,0x0,0x18,0xd5,0x0,0x0,
0x48,0xd5,0x0,0x0,0x68,0xd5,0x0,0x0,
0x98,0xd5,0x0,0x0,0xc8,0xd5,0x0,0x0,
0x18,0xd6,0x0,0x0,0x30,0xd6,0x0,0x0,
0x48,0xd6,0x0,0x0,0x60,0xd6,0x0,0x0,
0x70,0xd6,0x0,0x0,0x88,0xd6,0x0,0x0,
0x98,0xd6,0x0,0x0,0xa8,0xd6,0x0,0x0,
0xc8,0xd6,0x0,0x0,0xf0,0xd6,0x0,0x0,
0x18,0xd7,0x0,0x0,0x40,0xd7,0x0,0x0,
0x88,0xd7,0x0,0x0,0x98,0xd7,0x0,0x0,
0xa8,0xd7,0x0,0x0,0xb8,0xd7,0x0,0x0,
0xd8,0xd7,0x0,0x0,0xe8,0xd7,0x0,0x0,
0x0,0xd8,0x0,0x0,0x8,0xd8,0x0,0x0,
0x18,0xd8,0x0,0x0,0x40,0xd8,0x0,0x0,
0x80,0xd8,0x0,0x0,0x98,0xd8,0x0,0x0,
0xb8,0xd8,0x0,0x0,0xd0,0xd8,0x0,0x0,
0xf8,0xd8,0x0,0x0,0x10,0xd9,0x0,0x0,
0x48,0xd9,0x0,0x0,0x68,0xd9,0x0,0x0,
0xa8,0xd9,0x0,0x0,0xc0,0xd9,0x0,0x0,
0xd0,0xd9,0x0,0x0,0xe0,0xd9,0x0,0x0,
0xf8,0xd9,0x0,0x0,0x10,0xda,0x0,0x0,
0x38,0xda,0x0,0x0,0x70,0xda,0x0,0x0,
0x80,0xda,0x0,0x0,0xb8,0xda,0x0,0x0,
0xd0,0xda,0x0,0x0,0xf0,0xda,0x0,0x0,
0x8,0xdb,0x0,0x0,0x18,0xdb,0x0,0x0,
0x30,0xdb,0x0,0x0,0x48,0xdb,0x0,0x0,
0x60,0xdb,0x0,0x0,0x80,0xdb,0x0,0x0,
0xa0,0xdb,0x0,0x0,0xb0,0xdb,0x0,0x0,
0xe8,0xdb,0x0,0x0,0x0,0xdc,0x0,0x0,
0x10,0xdc,0x0,0x0,0x40,0xdc,0x0,0x0,
0x50,0xdc,0x0,0x0,0x60,0xdc,0x0,0x0,
0x70,0xdc,0x0,0x0,0x80,0xdc,0x0,0x0,
0x90,0xdc,0x0,0x0,0xa0,0xdc,0x0,0x0,
0xc0,0xdc,0x0,0x0,0xd0,0xdc,0x0,0x0,
0x0,0xdd,0x0,0x0,0x10,0xdd,0x0,0x0,
0x40,0xdd,0x0,0x0,0x60,0xdd,0x0,0x0,
0x80,0xdd,0x0,0x0,0x90,0xdd,0x0,0x0,
0xb0,0xdd,0x0,0x0,0xd0,0xdd,0x0,0x0,
0xf8,0xdd,0x0,0x0,0x20,0xde,0x0,0x0,
0x60,0xde,0x0,0x0,0x70,0xde,0x0,0x0,
0x88,0xde,0x0,0x0,0xa0,0xde,0x0,0x0,
0xd8,0xde,0x0,0x0,0xf0,0xde,0x0,0x0,
0x0,0xdf,0x0,0x0,0x28,0xdf,0x0,0x0,
0x70,0xdf,0x0,0x0,0xa8,0xdf,0x0,0x0,
0xc8,0xdf,0x0,0x0,0xe8,0xdf,0x0,0x0,
0x20,0xe0,0x0,0x0,0x40,0xe0,0x0,0x0,
0x78,0xe0,0x0,0x0,0x90,0xe0,0x0,0x0,
0xa8,0xe0,0x0,0x0,0xc8,0xe0,0x0,0x0,
0xd8,0xe0,0x0,0x0,0x0,0xe1,0x0,0x0,
0x18,0xe1,0x0,0x0,0x30,0xe1,0x0,0x0,
0x58,0xe1,0x0,0x0,0x78,0xe1,0x0,0x0,
0xa0,0xe1,0x0,0x0,0xc8,0xe1,0x0,0x0,
0xd8,0xe1,0x0,0x0,0xe0,0xe1,0x0,0x0,
0x0,0xe2,0x0,0x0,0x10,0xe2,0x0,0x0,
0x28,0xe2,0x0,0x0,0x40,0xe2,0x0,0x0,
0x50,0xe2,0x0,0x0,0xa8,0xe2,0x0,0x0,
0xc0,0xe2,0x0,0x0,0x40,0xe3,0x0,0x0,
0x60,0xe3,0x0,0x0,0x70,0xe3,0x0,0x0,
0x80,0xe3,0x0,0x0,0x98,0xe3,0x0,0x0,
0xb8,0xe3,0x0,0x0,0xd8,0xe3,0x0,0x0,
0xe8,0xe3,0x0,0x0,0xf8,0xe3,0x0,0x0,
0x78,0xe4,0x0,0x0,0xa0,0xe4,0x0,0x0,
0xc8,0xe4,0x0,0x0,0xf0,0xe4,0x0,0x0,
0x8,0xe5,0x0,0x0,0x18,0xe5,0x0,0x0,
0x28,0xe5,0x0,0x0,0x38,0xe5,0x0,0x0,
0x48,0xe5,0x0,0x0,0x58,0xe5,0x0,0x0,
0x68,0xe5,0x0,0x0,0x78,0xe5,0x0,0x0,
0x88,0xe5,0x0,0x0,0x98,0xe5,0x0,0x0,
0xc8,0xe5,0x0,0x0,0xe0,0xe5,0x0,0x0,
0xf0,0xe5,0x0,0x0,0x0,0xe6,0x0,0x0,
0x18,0xe6,0x0,0x0,0x28,0xe6,0x0,0x0,
0x38,0xe6,0x0,0x0,0x48,0xe6,0x0,0x0,
0x58,0xe6,0x0,0x0,0x68,0xe6,0x0,0x0,
0x78,0xe6,0x0,0x0,0x88,0xe6,0x0,0x0,
0x98,0xe6,0x0,0x0,0xa8,0xe6,0x0,0x0,
0xb8,0xe6,0x0,0x0,0xc8,0xe6,0x0,0x0,
0xd8,0xe6,0x0,0x0,0xe8,0xe6,0x0,0x0,
0xf8,0xe6,0x0,0x0,0x8,0xe7,0x0,0x0,
0x18,0xe7,0x0,0x0,0x30,0xe7,0x0,0x0,
0x50,0xe7,0x0,0x0,0x70,0xe7,0x0,0x0,
0x90,0xe7,0x0,0x0,0xb0,0xe7,0x0,0x0,
0xd0,0xe7,0x0,0x0,0xf0,0xe7,0x0,0x0,
0x10,0xe8,0x0,0x0,0x28,0xe8,0x0,0x0,
0x40,0xe8,0x0,0x0,0x58,0xe8,0x0,0x0,
0x78,0xe8,0x0,0x0,0xa0,0xe8,0x0,0x0,
0xb8,0xe8,0x0,0x0,0xe0,0xe8,0x0,0x0,
0x0,0xe9,0x0,0x0,0x20,0xe9,0x0,0x0,
0x38,0xe9,0x0,0x0,0x58,0xe9,0x0,0x0,
0x70,0xe9,0x0,0x0,0x90,0xe9,0x0,0x0,
0xa8,0xe9,0x0,0x0,0xd0,0xe9,0x0,0x0,
0xe8,0xe9,0x0,0x0,0x0,0xea,0x0,0x0,
0x18,0xea,0x0,0x0,0x30,0xea,0x0,0x0,
0x48,0xea,0x0,0x0,0x60,0xea,0x0,0x0,
0x78,0xea,0x0,0x0,0xa0,0xea,0x0,0x0,
0xc0,0xea,0x0,0x0,0xe0,0xea,0x0,0x0,
0x0,0xeb,0x0,0x0,0x20,0xeb,0x0,0x0,
0x40,0xeb,0x0,0x0,0x58,0xeb,0x0,0x0,
0x70,0xeb,0x0,0x0,0x80,0xeb,0x0,0x0,
0xa0,0xeb,0x0,0x0,0xc0,0xeb,0x0,0x0,
0xd8,0xeb,0x0,0x0,0xf8,0xeb,0x0,0x0,
0x18,0xec,0x0,0x0,0x38,0xec,0x0,0x0,
0x58,0xec,0x0,0x0,0x78,0xec,0x0,0x0,
0xa0,0xec,0x0,0x0,0xc8,0xec,0x0,0x0,
0xf0,0xec,0x0,0x0,0x18,0xed,0x0,0x0,
0x40,0xed,0x0,0x0,0x68,0xed,0x0,0x0,
0x90,0xed,0x0,0x0,0xb8,0xed,0x0,0x0,
0xe8,0xed,0x0,0x0,0x18,0xee,0x0,0x0,
0x48,0xee,0x0,0x0,0x78,0xee,0x0,0x0,
0xa0,0xee,0x0,0x0,0xc8,0xee,0x0,0x0,
0xf0,0xee,0x0,0x0,0x18,0xef,0x0,0x0,
0x40,0xef,0x0,0x0,0x68,0xef,0x0,0x0,
0x90,0xef,0x0,0x0,0xc0,0xef,0x0,0x0,
0xf0,0xef,0x0,0x0,0x20,0xf0,0x0,0x0,
0x50,0xf0,0x0,0x0,0x80,0xf0,0x0,0x0,
0xb0,0xf0,0x0,0x0,0xe0,0xf0,0x0,0x0,
0x10,0xf1,0x0,0x0,0x40,0xf1,0x0,0x0,
0x70,0xf1,0x0,0x0,0xa0,0xf1,0x0,0x0,
0xc0,0xf1,0x0,0x0,0xe0,0xf1,0x0,0x0,
0x8,0xf2,0x0,0x0,0x20,0xf2,0x0,0x0,
0x38,0xf2,0x0,0x0,0x50,0xf2,0x0,0x0,
0x78,0xf2,0x0,0x0,0xa8,0xf2,0x0,0x0,
0xc0,0xf2,0x0,0x0,0xc8,0xf2,0x0,0x0,
0xd0,0xf2,0x0,0x0,0xd8,0xf2,0x0,0x0,
0xe0,0xf2,0x0,0x0,0xe8,0xf2,0x0,0x0,
0xf0,0xf2,0x0,0x0,0xf8,0xf2,0x0,0x0,
0x0,0xf3,0x0,0x0,0x8,0xf3,0x0,0x0,
0x10,0xf3,0x0,0x0,0x18,0xf3,0x0,0x0,
0x20,0xf3,0x0,0x0,0x28,0xf3,0x0,0x0,
0x30,0xf3,0x0,0x0,0x38,0xf3,0x0,0x0,
0x40,0xf3,0x0,0x0,0x48,0xf3,0x0,0x0,
0x50,0xf3,0x0,0x0,0x58,0xf3,0x0,0x0,
0x60,0xf3,0x0,0x0,0x68,0xf3,0x0,0x0,
0x70,0xf3,0x0,0x0,0x78,0xf3,0x0,0x0,
0x80,0xf3,0x0,0x0,0x88,0xf3,0x0,0x0,
0x90,0xf3,0x0,0x0,0x98,0xf3,0x0,0x0,
0xc0,0xf3,0x0,0x0,0x50,0xf4,0x0,0x0,
0x58,0xf4,0x0,0x0,0x60,0xf4,0x0,0x0,
0x68,0xf4,0x0,0x0,0x70,0xf4,0x0,0x0,
0x78,0xf4,0x0,0x0,0x80,0xf4,0x0,0x0,
0x88,0xf4,0x0,0x0,0x90,0xf4,0x0,0x0,
0xb8,0xf4,0x0,0x0,0xd0,0xf4,0x0,0x0,
0xe8,0xf4,0x0,0x0,0x0,0xf5,0x0,0x0,
0x28,0xf5,0x0,0x0,0x38,0xf5,0x0,0x0,
0x50,0xf5,0x0,0x0,0x68,0xf5,0x0,0x0,
0x90,0xf5,0x0,0x0,0xc8,0xf5,0x0,0x0,
0xd8,0xf5,0x0,0x0,0x40,0xf6,0x0,0x0,
0x90,0xf6,0x0,0x0,0xa0,0xf6,0x0,0x0,
0xb8,0xf6,0x0,0x0,0xc8,0xf6,0x0,0x0,
0xf8,0xf6,0x0,0x0,0x10,0xf7,0x0,0x0,
0x58,0xf7,0x0,0x0,0xb0,0xf7,0x0,0x0,
0xf8,0xf7,0x0,0x0,0x38,0xf8,0x0,0x0,
0x48,0xf8,0x0,0x0,0x58,0xf8,0x0,0x0,
0x78,0xf8,0x0,0x0,0x90,0xf8,0x0,0x0,
0xb8,0xf8,0x0,0x0,0xe0,0xf8,0x0,0x0,
0xf8,0xf8,0x0,0x0,0x50,0xf9,0x0,0x0,
0x68,0xf9,0x0,0x0,0x80,0xf9,0x0,0x0,
0x98,0xf9,0x0,0x0,0xb8,0xf9,0x0,0x0,
0xc8,0xf9,0x0,0x0,0xe0,0xf9,0x0,0x0,
0x0,0x0,0x0,0x0,0x0,0x0,0x0,0x0,
0x7,0x0,0x0,0x0,0x51,0x0,0x74,0x0,
0x51,0x0,0x75,0x0,0x69,0x0,0x63,0x0,
0x6b,0x0,0x0,0x0,0x0,0x0,0x0,0x0,
0x10,0x0,0x0,0x0,0x51,0x0,0x74,0x0,
0x51,0x0,0x75,0x0,0x69,0x0,0x63,0x0,
0x6b,0x0,0x2e,0x0,0x43,0x0,0x6f,0x0,
0x6e,0x0,0x74,0x0,0x72,0x0,0x6f,0x0,
0x6c,0x0,0x73,0x0,0x0,0x0,0x0,0x0,
0x19,0x0,0x0,0x0,0x6f,0x0,0x72,0x0,
0x67,0x0,0x2e,0x0,0x64,0x0,0x75,0x0,
0x64,0x0,0x65,0x0,0x74,0x0,0x72,0x0,
0x6f,0x0,0x6e,0x0,0x69,0x0,0x63,0x0,
0x73,0x0,0x2e,0x0,0x64,0x0,0x72,0x0,
0x6f,0x0,0x69,0x0,0x64,0x0,0x73,0x0,
0x74,0x0,0x61,0x0,0x72,0x0,0x0,0x0,
0x4,0x0,0x0,0x0,0x49,0x0,0x74,0x0,
0x65,0x0,0x6d,0x0,0x0,0x0,0x0,0x0,
0x7,0x0,0x0,0x0,0x6d,0x0,0x61,0x0,
0x69,0x0,0x6e,0x0,0x54,0x0,0x61,0x0,
0x62,0x0,0x0,0x0,0x0,0x0,0x0,0x0,
0x5,0x0,0x0,0x0,0x77,0x0,0x69,0x0,
0x64,0x0,0x74,0x0,0x68,0x0,0x0,0x0,
0x6,0x0,0x0,0x0,0x68,0x0,0x65,0x0,
0x69,0x0,0x67,0x0,0x68,0x0,0x74,0x0,
0x0,0x0,0x0,0x0,0x0,0x0,0x0,0x0,
0x4,0x0,0x0,0x0,0x72,0x0,0x6f,0x0,
0x77,0x0,0x73,0x0,0x0,0x0,0x0,0x0,
0x13,0x0,0x0,0x0,0x65,0x0,0x78,0x0,
0x70,0x0,0x72,0x0,0x65,0x0,0x73,0x0,
0x73,0x0,0x69,0x0,0x6f,0x0,0x6e,0x0,
0x20,0x0,0x66,0x0,0x6f,0x0,0x72,0x0,
0x20,0x0,0x72,0x0,0x6f,0x0,0x77,0x0,
0x73,0x0,0x0,0x0,0x0,0x0,0x0,0x0,
0x3,0x0,0x0,0x0,0x74,0x0,0x74,0x0,
0x73,0x0,0x0,0x0,0x0,0x0,0x0,0x0,
0x12,0x0,0x0,0x0,0x65,0x0,0x78,0x0,
0x70,0x0,0x72,0x0,0x65,0x0,0x73,0x0,
0x73,0x0,0x69,0x0,0x6f,0x0,0x6e,0x0,
0x20,0x0,0x66,0x0,0x6f,0x0,0x72,0x0,
0x20,0x0,0x74,0x0,0x74,0x0,0x73,0x0,
0x0,0x0,0x0,0x0,0x0,0x0,0x0,0x0,
0x14,0x0,0x0,0x0,0x66,0x0,0x69,0x0,
0x72,0x0,0x73,0x0,0x74,0x0,0x52,0x0,
0x6f,0x0,0x77,0x0,0x53,0x0,0x65,0x0,
0x72,0x0,0x69,0x0,0x61,0x0,0x6c,0x0,
0x4e,0x0,0x75,0x0,0x6d,0x0,0x62,0x0,
0x65,0x0,0x72,0x0,0x0,0x0,0x0,0x0,
0x3,0x0,0x0,0x0,0x4e,0x0,0x2f,0x0,
0x41,0x0,0x0,0x0,0x0,0x0,0x0,0x0,
0x10,0x0,0x0,0x0,0x66,0x0,0x69,0x0,
0x72,0x0,0x73,0x0,0x74,0x0,0x52,0x0,
0x6f,0x0,0x77,0x0,0x43,0x0,0x61,0x0,
0x6c,0x0,0x6c,0x0,0x73,0x0,0x69,0x0,
0x67,0x0,0x6e,0x0,0x0,0x0,0x0,0x0,
0xe,0x0,0x0,0x0,0x66,0x0,0x69,0x0,
0x72,0x0,0x73,0x0,0x74,0x0,0x52,0x0,
0x6f,0x0,0x77,0x0,0x48,0x0,0x61,0x0,
0x6e,0x0,0x64,0x0,0x6c,0x0,0x65,0x0,
0x0,0x0,0x0,0x0,0x0,0x0,0x0,0x0,
0xf,0x0,0x0,0x0,0x66,0x0,0x69,0x0,
0x72,0x0,0x73,0x0,0x74,0x0,0x52,0x0,
0x6f,0x0,0x77,0x0,0x43,0x0,0x6f,0x0,
0x75,0x0,0x6e,0x0,0x74,0x0,0x72,0x0,
0x79,0x0,0x0,0x0,0x0,0x0,0x0,0x0,
0x15,0x0,0x0,0x0,0x73,0x0,0x65,0x0,
0x63,0x0,0x6f,0x0,0x6e,0x0,0x64,0x0,
0x52,0x0,0x6f,0x0,0x77,0x0,0x53,0x0,
0x65,0x0,0x72,0x0,0x69,0x0,0x61,0x0,
0x6c,0x0,0x4e,0x0,0x75,0x0,0x6d,0x0,
0x62,0x0,0x65,0x0,0x72,0x0,0x0,0x0,
0x11,0x0,0x0,0x0,0x73,0x0,0x65,0x0,
0x63,0x0,0x6f,0x0,0x6e,0x0,0x64,0x0,
0x52,0x0,0x6f,0x0,0x77,0x0,0x43,0x0,
0x61,0x0,0x6c,0x0,0x6c,0x0,0x73,0x0,
0x69,0x0,0x67,0x0,0x6e,0x0,0x0,0x0,
0xf,0x0,0x0,0x0,0x73,0x0,0x65,0x0,
0x63,0x0,0x6f,0x0,0x6e,0x0,0x64,0x0,
0x52,0x0,0x6f,0x0,0x77,0x0,0x48,0x0,
0x61,0x0,0x6e,0x0,0x64,0x0,0x6c,0x0,
0x65,0x0,0x0,0x0,0x0,0x0,0x0,0x0,
0x10,0x0,0x0,0x0,0x73,0x0,0x65,0x0,
0x63,0x0,0x6f,0x0,0x6e,0x0,0x64,0x0,
0x52,0x0,0x6f,0x0,0x77,0x0,0x43,0x0,
0x6f,0x0,0x75,0x0,0x6e,0x0,0x74,0x0,
0x72,0x0,0x79,0x0,0x0,0x0,0x0,0x0,
0x12,0x0,0x0,0x0,0x75,0x0,0x70,0x0,
0x64,0x0,0x61,0x0,0x74,0x0,0x65,0x0,
0x46,0x0,0x69,0x0,0x72,0x0,0x73,0x0,
0x74,0x0,0x52,0x0,0x6f,0x0,0x77,0x0,
0x44,0x0,0x61,0x0,0x74,0x0,0x61,0x0,
0x0,0x0,0x0,0x0,0x0,0x0,0x0,0x0,
0xc,0x0,0x0,0x0,0x73,0x0,0x65,0x0,
0x72,0x0,0x69,0x0,0x61,0x0,0x6c,0x0,
0x4e,0x0,0x75,0x0,0x6d,0x0,0x62,0x0,
0x65,0x0,0x72,0x0,0x0,0x0,0x0,0x0,
0x8,0x0,0x0,0x0,0x63,0x0,0x61,0x0,
0x6c,0x0,0x6c,0x0,0x73,0x0,0x69,0x0,
0x67,0x0,0x6e,0x0,0x0,0x0,0x0,0x0,
0x6,0x0,0x0,0x0,0x68,0x0,0x61,0x0,
0x6e,0x0,0x64,0x0,0x6c,0x0,0x65,0x0,
0x0,0x0,0x0,0x0,0x0,0x0,0x0,0x0,
0x7,0x0,0x0,0x0,0x63,0x0,0x6f,0x0,
0x75,0x0,0x6e,0x0,0x74,0x0,0x72,0x0,
0x79,0x0,0x0,0x0,0x0,0x0,0x0,0x0,
0x13,0x0,0x0,0x0,0x75,0x0,0x70,0x0,
0x64,0x0,0x61,0x0,0x74,0x0,0x65,0x0,
0x53,0x0,0x65,0x0,0x63,0x0,0x6f,0x0,
0x6e,0x0,0x64,0x0,0x52,0x0,0x6f,0x0,
0x77,0x0,0x44,0x0,0x61,0x0,0x74,0x0,
0x61,0x0,0x0,0x0,0x0,0x0,0x0,0x0,
0xb,0x0,0x0,0x0,0x43,0x0,0x6f,0x0,
0x6e,0x0,0x6e,0x0,0x65,0x0,0x63,0x0,
0x74,0x0,0x69,0x0,0x6f,0x0,0x6e,0x0,
0x73,0x0,0x0,0x0,0x0,0x0,0x0,0x0,
0x6,0x0,0x0,0x0,0x74,0x0,0x61,0x0,
0x72,0x0,0x67,0x0,0x65,0x0,0x74,0x0,
0x0,0x0,0x0,0x0,0x0,0x0,0x0,0x0,
0x15,0x0,0x0,0x0,0x65,0x0,0x78,0x0,
0x70,0x0,0x72,0x0,0x65,0x0,0x73,0x0,
0x73,0x0,0x69,0x0,0x6f,0x0,0x6e,0x0,
0x20,0x0,0x66,0x0,0x6f,0x0,0x72,0x0,
0x20,0x0,0x74,0x0,0x61,0x0,0x72,0x0,
0x67,0x0,0x65,0x0,0x74,0x0,0x0,0x0,
0x15,0x0,0x0,0x0,0x6f,0x0,0x6e,0x0,
0x46,0x0,0x69,0x0,0x72,0x0,0x73,0x0,
0x74,0x0,0x52,0x0,0x6f,0x0,0x77,0x0,
0x44,0x0,0x61,0x0,0x74,0x0,0x61,0x0,
0x43,0x0,0x68,0x0,0x61,0x0,0x6e,0x0,
0x67,0x0,0x65,0x0,0x64,0x0,0x0,0x0,
0x24,0x0,0x0,0x0,0x65,0x0,0x78,0x0,
0x70,0x0,0x72,0x0,0x65,0x0,0x73,0x0,
0x73,0x0,0x69,0x0,0x6f,0x0,0x6e,0x0,
0x20,0x0,0x66,0x0,0x6f,0x0,0x72,0x0,
0x20,0x0,0x6f,0x0,0x6e,0x0,0x46,0x0,
0x69,0x0,0x72,0x0,0x73,0x0,0x74,0x0,
0x52,0x0,0x6f,0x0,0x77,0x0,0x44,0x0,
0x61,0x0,0x74,0x0,0x61,0x0,0x43,0x0,
0x68,0x0,0x61,0x0,0x6e,0x0,0x67,0x0,
0x65,0x0,0x64,0x0,0x0,0x0,0x0,0x0,
0x16,0x0,0x0,0x0,0x6f,0x0,0x6e,0x0,
0x53,0x0,0x65,0x0,0x63,0x0,0x6f,0x0,
0x6e,0x0,0x64,0x0,0x52,0x0,0x6f,0x0,
0x77,0x0,0x44,0x0,0x61,0x0,0x74,0x0,
0x61,0x0,0x43,0x0,0x68,0x0,0x61,0x0,
0x6e,0x0,0x67,0x0,0x65,0x0,0x64,0x0,
0x0,0x0,0x0,0x0,0x0,0x0,0x0,0x0,
0x25,0x0,0x0,0x0,0x65,0x0,0x78,0x0,
0x70,0x0,0x72,0x0,0x65,0x0,0x73,0x0,
0x73,0x0,0x69,0x0,0x6f,0x0,0x6e,0x0,
0x20,0x0,0x66,0x0,0x6f,0x0,0x72,0x0,
0x20,0x0,0x6f,0x0,0x6e,0x0,0x53,0x0,
0x65,0x0,0x63,0x0,0x6f,0x0,0x6e,0x0,
0x64,0x0,0x52,0x0,0x6f,0x0,0x77,0x0,
0x44,0x0,0x61,0x0,0x74,0x0,0x61,0x0,
0x43,0x0,0x68,0x0,0x61,0x0,0x6e,0x0,
0x67,0x0,0x65,0x0,0x64,0x0,0x0,0x0,
0x9,0x0,0x0,0x0,0x4c,0x0,0x69,0x0,
0x73,0x0,0x74,0x0,0x4d,0x0,0x6f,0x0,
0x64,0x0,0x65,0x0,0x6c,0x0,0x0,0x0,
0x10,0x0,0x0,0x0,0x72,0x0,0x65,0x0,
0x63,0x0,0x65,0x0,0x6e,0x0,0x74,0x0,
0x54,0x0,0x67,0x0,0x69,0x0,0x64,0x0,
0x73,0x0,0x4d,0x0,0x6f,0x0,0x64,0x0,
0x65,0x0,0x6c,0x0,0x0,0x0,0x0,0x0,
0x11,0x0,0x0,0x0,0x75,0x0,0x70,0x0,
0x64,0x0,0x61,0x0,0x74,0x0,0x65,0x0,
0x52,0x0,0x65,0x0,0x63,0x0,0x65,0x0,
0x6e,0x0,0x74,0x0,0x54,0x0,0x67,0x0,
0x69,0x0,0x64,0x0,0x73,0x0,0x0,0x0,
0x7,0x0,0x0,0x0,0x6e,0x0,0x65,0x0,
0x77,0x0,0x54,0x0,0x67,0x0,0x69,0x0,
0x64,0x0,0x0,0x0,0x0,0x0,0x0,0x0,
0x16,0x0,0x0,0x0,0x75,0x0,0x70,0x0,
0x64,0x0,0x61,0x0,0x74,0x0,0x65,0x0,
0x52,0x0,0x65,0x0,0x63,0x0,0x65,0x0,
0x6e,0x0,0x74,0x0,0x54,0x0,0x67,0x0,
0x69,0x0,0x64,0x0,0x73,0x0,0x4d,0x0,
0x6f,0x0,0x64,0x0,0x65,0x0,0x6c,0x0,
0x0,0x0,0x0,0x0,0x0,0x0,0x0,0x0,
0x10,0x0,0x0,0x0,0x63,0x0,0x6c,0x0,
0x65,0x0,0x61,0x0,0x72,0x0,0x52,0x0,
0x65,0x0,0x63,0x0,0x65,0x0,0x6e,0x0,
0x74,0x0,0x54,0x0,0x67,0x0,0x69,0x0,
0x64,0x0,0x73,0x0,0x0,0x0,0x0,0x0,
0x14,0x0,0x0,0x0,0x6f,0x0,0x6e,0x0,
0x52,0x0,0x65,0x0,0x63,0x0,0x65,0x0,
0x6e,0x0,0x74,0x0,0x54,0x0,0x67,0x0,
0x69,0x0,0x64,0x0,0x73,0x0,0x55,0x0,
0x70,0x0,0x64,0x0,0x61,0x0,0x74,0x0,
0x65,0x0,0x64,0x0,0x0,0x0,0x0,0x0,
0x23,0x0,0x0,0x0,0x65,0x0,0x78,0x0,
0x70,0x0,0x72,0x0,0x65,0x0,0x73,0x0,
0x73,0x0,0x69,0x0,0x6f,0x0,0x6e,0x0,
0x20,0x0,0x66,0x0,0x6f,0x0,0x72,0x0,
0x20,0x0,0x6f,0x0,0x6e,0x0,0x52,0x0,
0x65,0x0,0x63,0x0,0x65,0x0,0x6e,0x0,
0x74,0x0,0x54,0x0,0x67,0x0,0x69,0x0,
0x64,0x0,0x73,0x0,0x55,0x0,0x70,0x0,
0x64,0x0,0x61,0x0,0x74,0x0,0x65,0x0,
0x64,0x0,0x0,0x0,0x0,0x0,0x0,0x0,
0x9,0x0,0x0,0x0,0x43,0x0,0x6f,0x0,
0x6d,0x0,0x70,0x0,0x6f,0x0,0x6e,0x0,
0x65,0x0,0x6e,0x0,0x74,0x0,0x0,0x0,
0xb,0x0,0x0,0x0,0x6f,0x0,0x6e,0x0,
0x43,0x0,0x6f,0x0,0x6d,0x0,0x70,0x0,
0x6c,0x0,0x65,0x0,0x74,0x0,0x65,0x0,
0x64,0x0,0x0,0x0,0x0,0x0,0x0,0x0,
0x1a,0x0,0x0,0x0,0x65,0x0,0x78,0x0,
0x70,0x0,0x72,0x0,0x65,0x0,0x73,0x0,
0x73,0x0,0x69,0x0,0x6f,0x0,0x6e,0x0,
0x20,0x0,0x66,0x0,0x6f,0x0,0x72,0x0,
0x20,0x0,0x6f,0x0,0x6e,0x0,0x43,0x0,
0x6f,0x0,0x6d,0x0,0x70,0x0,0x6c,0x0,
0x65,0x0,0x74,0x0,0x65,0x0,0x64,0x0,
0x0,0x0,0x0,0x0,0x0,0x0,0x0,0x0,
0x12,0x0,0x0,0x0,0x75,0x0,0x70,0x0,
0x64,0x0,0x61,0x0,0x74,0x0,0x65,0x0,
0x46,0x0,0x75,0x0,0x6c,0x0,0x6c,0x0,
0x4e,0x0,0x61,0x0,0x6d,0x0,0x65,0x0,
0x54,0x0,0x65,0x0,0x78,0x0,0x74,0x0,
0x0,0x0,0x0,0x0,0x0,0x0,0x0,0x0,
0x5,0x0,0x0,0x0,0x54,0x0,0x69,0x0,
0x6d,0x0,0x65,0x0,0x72,0x0,0x0,0x0,
0xf,0x0,0x0,0x0,0x64,0x0,0x61,0x0,
0x74,0x0,0x61,0x0,0x32,0x0,0x43,0x0,
0x68,0x0,0x65,0x0,0x63,0x0,0x6b,0x0,
0x54,0x0,0x69,0x0,0x6d,0x0,0x65,0x0,
0x72,0x0,0x0,0x0,0x0,0x0,0x0,0x0,
0x8,0x0,0x0,0x0,0x69,0x0,0x6e,0x0,
0x74,0x0,0x65,0x0,0x72,0x0,0x76,0x0,
0x61,0x0,0x6c,0x0,0x0,0x0,0x0,0x0,
0x6,0x0,0x0,0x0,0x72,0x0,0x65,0x0,
0x70,0x0,0x65,0x0,0x61,0x0,0x74,0x0,
0x0,0x0,0x0,0x0,0x0,0x0,0x0,0x0,
0xb,0x0,0x0,0x0,0x6f,0x0,0x6e,0x0,
0x54,0x0,0x72,0x0,0x69,0x0,0x67,0x0,
0x67,0x0,0x65,0x0,0x72,0x0,0x65,0x0,
0x64,0x0,0x0,0x0,0x0,0x0,0x0,0x0,
0x1a,0x0,0x0,0x0,0x65,0x0,0x78,0x0,
0x70,0x0,0x72,0x0,0x65,0x0,0x73,0x0,
0x73,0x0,0x69,0x0,0x6f,0x0,0x6e,0x0,
0x20,0x0,0x66,0x0,0x6f,0x0,0x72,0x0,
0x20,0x0,0x6f,0x0,0x6e,0x0,0x54,0x0,
0x72,0x0,0x69,0x0,0x67,0x0,0x67,0x0,
0x65,0x0,0x72,0x0,0x65,0x0,0x64,0x0,
0x0,0x0,0x0,0x0,0x0,0x0,0x0,0x0,
0xe,0x0,0x0,0x0,0x6f,0x0,0x6e,0x0,
0x57,0x0,0x69,0x0,0x64,0x0,0x74,0x0,
0x68,0x0,0x43,0x0,0x68,0x0,0x61,0x0,
0x6e,0x0,0x67,0x0,0x65,0x0,0x64,0x0,
0x0,0x0,0x0,0x0,0x0,0x0,0x0,0x0,
0x1d,0x0,0x0,0x0,0x65,0x0,0x78,0x0,
0x70,0x0,0x72,0x0,0x65,0x0,0x73,0x0,
0x73,0x0,0x69,0x0,0x6f,0x0,0x6e,0x0,
0x20,0x0,0x66,0x0,0x6f,0x0,0x72,0x0,
0x20,0x0,0x6f,0x0,0x6e,0x0,0x57,0x0,
0x69,0x0,0x64,0x0,0x74,0x0,0x68,0x0,
0x43,0x0,0x68,0x0,0x61,0x0,0x6e,0x0,
0x67,0x0,0x65,0x0,0x64,0x0,0x0,0x0,
0x4,0x0,0x0,0x0,0x4b,0x0,0x65,0x0,
0x79,0x0,0x73,0x0,0x0,0x0,0x0,0x0,
0x9,0x0,0x0,0x0,0x6f,0x0,0x6e,0x0,
0x50,0x0,0x72,0x0,0x65,0x0,0x73,0x0,
0x73,0x0,0x65,0x0,0x64,0x0,0x0,0x0,
0x18,0x0,0x0,0x0,0x65,0x0,0x78,0x0,
0x70,0x0,0x72,0x0,0x65,0x0,0x73,0x0,
0x73,0x0,0x69,0x0,0x6f,0x0,0x6e,0x0,
0x20,0x0,0x66,0x0,0x6f,0x0,0x72,0x0,
0x20,0x0,0x6f,0x0,0x6e,0x0,0x50,0x0,
0x72,0x0,0x65,0x0,0x73,0x0,0x73,0x0,
0x65,0x0,0x64,0x0,0x0,0x0,0x0,0x0,
0x8,0x0,0x0,0x0,0x65,0x0,0x6c,0x0,
0x65,0x0,0x6d,0x0,0x65,0x0,0x6e,0x0,
0x74,0x0,0x33,0x0,0x0,0x0,0x0,0x0,
0x9,0x0,0x0,0x0,0x5f,0x0,0x65,0x0,
0x6c,0x0,0x65,0x0,0x6d,0x0,0x65,0x0,
0x6e,0x0,0x74,0x0,0x33,0x0,0x0,0x0,
0x6,0x0,0x0,0x0,0x6c,0x0,0x61,0x0,
0x62,0x0,0x65,0x0,0x6c,0x0,0x31,0x0,
0x0,0x0,0x0,0x0,0x0,0x0,0x0,0x0,
0x7,0x0,0x0,0x0,0x5f,0x0,0x6c,0x0,
0x61,0x0,0x62,0x0,0x65,0x0,0x6c,0x0,
0x31,0x0,0x0,0x0,0x0,0x0,0x0,0x0,
0x6,0x0,0x0,0x0,0x6c,0x0,0x61,0x0,
0x62,0x0,0x65,0x0,0x6c,0x0,0x32,0x0,
0x0,0x0,0x0,0x0,0x0,0x0,0x0,0x0,
0x7,0x0,0x0,0x0,0x5f,0x0,0x6c,0x0,
0x61,0x0,0x62,0x0,0x65,0x0,0x6c,0x0,
0x32,0x0,0x0,0x0,0x0,0x0,0x0,0x0,
0x6,0x0,0x0,0x0,0x6c,0x0,0x61,0x0,
0x62,0x0,0x65,0x0,0x6c,0x0,0x33,0x0,
0x0,0x0,0x0,0x0,0x0,0x0,0x0,0x0,
0x7,0x0,0x0,0x0,0x5f,0x0,0x6c,0x0,
0x61,0x0,0x62,0x0,0x65,0x0,0x6c,0x0,
0x33,0x0,0x0,0x0,0x0,0x0,0x0,0x0,
0x6,0x0,0x0,0x0,0x6c,0x0,0x61,0x0,
0x62,0x0,0x65,0x0,0x6c,0x0,0x34,0x0,
0x0,0x0,0x0,0x0,0x0,0x0,0x0,0x0,
0x7,0x0,0x0,0x0,0x5f,0x0,0x6c,0x0,
0x61,0x0,0x62,0x0,0x65,0x0,0x6c,0x0,
0x34,0x0,0x0,0x0,0x0,0x0,0x0,0x0,
0x6,0x0,0x0,0x0,0x6c,0x0,0x61,0x0,
0x62,0x0,0x65,0x0,0x6c,0x0,0x35,0x0,
0x0,0x0,0x0,0x0,0x0,0x0,0x0,0x0,
0x7,0x0,0x0,0x0,0x5f,0x0,0x6c,0x0,
0x61,0x0,0x62,0x0,0x65,0x0,0x6c,0x0,
0x35,0x0,0x0,0x0,0x0,0x0,0x0,0x0,
0x6,0x0,0x0,0x0,0x6c,0x0,0x61,0x0,
0x62,0x0,0x65,0x0,0x6c,0x0,0x36,0x0,
0x0,0x0,0x0,0x0,0x0,0x0,0x0,0x0,
0x7,0x0,0x0,0x0,0x5f,0x0,0x6c,0x0,
0x61,0x0,0x62,0x0,0x65,0x0,0x6c,0x0,
0x36,0x0,0x0,0x0,0x0,0x0,0x0,0x0,
0x9,0x0,0x0,0x0,0x6e,0x0,0x65,0x0,
0x74,0x0,0x73,0x0,0x74,0x0,0x61,0x0,
0x74,0x0,0x75,0x0,0x73,0x0,0x0,0x0,
0xa,0x0,0x0,0x0,0x5f,0x0,0x6e,0x0,
0x65,0x0,0x74,0x0,0x73,0x0,0x74,0x0,
0x61,0x0,0x74,0x0,0x75,0x0,0x73,0x0,
0x0,0x0,0x0,0x0,0x0,0x0,0x0,0x0,
0xa,0x0,0x0,0x0,0x6c,0x0,0x65,0x0,
0x76,0x0,0x65,0x0,0x6c,0x0,0x4d,0x0,
0x65,0x0,0x74,0x0,0x65,0x0,0x72,0x0,
0x0,0x0,0x0,0x0,0x0,0x0,0x0,0x0,
0xb,0x0,0x0,0x0,0x5f,0x0,0x6c,0x0,
0x65,0x0,0x76,0x0,0x65,0x0,0x6c,0x0,
0x4d,0x0,0x65,0x0,0x74,0x0,0x65,0x0,
0x72,0x0,0x0,0x0,0x0,0x0,0x0,0x0,
0x7,0x0,0x0,0x0,0x75,0x0,0x69,0x0,
0x74,0x0,0x69,0x0,0x6d,0x0,0x65,0x0,
0x72,0x0,0x0,0x0,0x0,0x0,0x0,0x0,
0x8,0x0,0x0,0x0,0x5f,0x0,0x75,0x0,
0x69,0x0,0x74,0x0,0x69,0x0,0x6d,0x0,
0x65,0x0,0x72,0x0,0x0,0x0,0x0,0x0,
0x9,0x0,0x0,0x0,0x63,0x0,0x6f,0x0,
0x6d,0x0,0x62,0x0,0x6f,0x0,0x4d,0x0,
0x6f,0x0,0x64,0x0,0x65,0x0,0x0,0x0,
0xa,0x0,0x0,0x0,0x5f,0x0,0x63,0x0,
0x6f,0x0,0x6d,0x0,0x62,0x0,0x6f,0x0,
0x4d,0x0,0x6f,0x0,0x64,0x0,0x65,0x0,
0x0,0x0,0x0,0x0,0x0,0x0,0x0,0x0,
0x9,0x0,0x0,0x0,0x63,0x0,0x6f,0x0,
0x6d,0x0,0x62,0x0,0x6f,0x0,0x48,0x0,
0x6f,0x0,0x73,0x0,0x74,0x0,0x0,0x0,
0xa,0x0,0x0,0x0,0x5f,0x0,0x63,0x0,
0x6f,0x0,0x6d,0x0,0x62,0x0,0x6f,0x0,
0x48,0x0,0x6f,0x0,0x73,0x0,0x74,0x0,
0x0,0x0,0x0,0x0,0x0,0x0,0x0,0x0,
0x9,0x0,0x0,0x0,0x64,0x0,0x74,0x0,
0x6d,0x0,0x66,0x0,0x6c,0x0,0x61,0x0,
0x62,0x0,0x65,0x0,0x6c,0x0,0x0,0x0,
0xa,0x0,0x0,0x0,0x5f,0x0,0x64,0x0,
0x74,0x0,0x6d,0x0,0x66,0x0,0x6c,0x0,
0x61,0x0,0x62,0x0,0x65,0x0,0x6c,0x0,
0x0,0x0,0x0,0x0,0x0,0x0,0x0,0x0,
0xb,0x0,0x0,0x0,0x65,0x0,0x64,0x0,
0x69,0x0,0x74,0x0,0x49,0x0,0x41,0x0,
0x58,0x0,0x44,0x0,0x54,0x0,0x4d,0x0,
0x46,0x0,0x0,0x0,0x0,0x0,0x0,0x0,
0xc,0x0,0x0,0x0,0x5f,0x0,0x65,0x0,
0x64,0x0,0x69,0x0,0x74,0x0,0x49,0x0,
0x41,0x0,0x58,0x0,0x44,0x0,0x54,0x0,
0x4d,0x0,0x46,0x0,0x0,0x0,0x0,0x0,
0xe,0x0,0x0,0x0,0x64,0x0,0x74,0x0,
0x6d,0x0,0x66,0x0,0x73,0x0,0x65,0x0,
0x6e,0x0,0x64,0x0,0x62,0x0,0x75,0x0,
0x74,0x0,0x74,0x0,0x6f,0x0,0x6e,0x0,
0x0,0x0,0x0,0x0,0x0,0x0,0x0,0x0,
0xf,0x0,0x0,0x0,0x5f,0x0,0x64,0x0,
0x74,0x0,0x6d,0x0,0x66,0x0,0x73,0x0,
0x65,0x0,0x6e,0x0,0x64,0x0,0x62,0x0,
0x75,0x0,0x74,0x0,0x74,0x0,0x6f,0x0,
0x6e,0x0,0x0,0x0,0x0,0x0,0x0,0x0,
0xb,0x0,0x0,0x0,0x63,0x0,0x6f,0x0,
0x6d,0x0,0x62,0x0,0x6f,0x0,0x4d,0x0,
0x6f,0x0,0x64,0x0,0x75,0x0,0x6c,0x0,
0x65,0x0,0x0,0x0,0x0,0x0,0x0,0x0,
0xc,0x0,0x0,0x0,0x5f,0x0,0x63,0x0,
0x6f,0x0,0x6d,0x0,0x62,0x0,0x6f,0x0,
0x4d,0x0,0x6f,0x0,0x64,0x0,0x75,0x0,
0x6c,0x0,0x65,0x0,0x0,0x0,0x0,0x0,
0x9,0x0,0x0,0x0,0x63,0x0,0x6f,0x0,
0x6d,0x0,0x62,0x0,0x6f,0x0,0x53,0x0,
0x6c,0x0,0x6f,0x0,0x74,0x0,0x0,0x0,
0xa,0x0,0x0,0x0,0x5f,0x0,0x63,0x0,
0x6f,0x0,0x6d,0x0,0x62,0x0,0x6f,0x0,
0x53,0x0,0x6c,0x0,0x6f,0x0,0x74,0x0,
0x0,0x0,0x0,0x0,0x0,0x0,0x0,0x0,
0x7,0x0,0x0,0x0,0x63,0x0,0x6f,0x0,
0x6d,0x0,0x62,0x0,0x6f,0x0,0x43,0x0,
0x43,0x0,0x0,0x0,0x0,0x0,0x0,0x0,
0x8,0x0,0x0,0x0,0x5f,0x0,0x63,0x0,
0x6f,0x0,0x6d,0x0,0x62,0x0,0x6f,0x0,
0x43,0x0,0x43,0x0,0x0,0x0,0x0,0x0,
0xb,0x0,0x0,0x0,0x64,0x0,0x6d,0x0,
0x72,0x0,0x74,0x0,0x67,0x0,0x69,0x0,
0x64,0x0,0x45,0x0,0x64,0x0,0x69,0x0,
0x74,0x0,0x0,0x0,0x0,0x0,0x0,0x0,
0xc,0x0,0x0,0x0,0x5f,0x0,0x64,0x0,
0x6d,0x0,0x72,0x0,0x74,0x0,0x67,0x0,
0x69,0x0,0x64,0x0,0x45,0x0,0x64,0x0,
0x69,0x0,0x74,0x0,0x0,0x0,0x0,0x0,
0xb,0x0,0x0,0x0,0x63,0x0,0x6f,0x0,
0x6d,0x0,0x62,0x0,0x6f,0x0,0x4d,0x0,
0x31,0x0,0x37,0x0,0x43,0x0,0x41,0x0,
0x4e,0x0,0x0,0x0,0x0,0x0,0x0,0x0,
0xc,0x0,0x0,0x0,0x5f,0x0,0x63,0x0,
0x6f,0x0,0x6d,0x0,0x62,0x0,0x6f,0x0,
0x4d,0x0,0x31,0x0,0x37,0x0,0x43,0x0,
0x41,0x0,0x4e,0x0,0x0,0x0,0x0,0x0,
0xa,0x0,0x0,0x0,0x70,0x0,0x72,0x0,
0x69,0x0,0x76,0x0,0x61,0x0,0x74,0x0,
0x65,0x0,0x42,0x0,0x6f,0x0,0x78,0x0,
0x0,0x0,0x0,0x0,0x0,0x0,0x0,0x0,
0xb,0x0,0x0,0x0,0x5f,0x0,0x70,0x0,
0x72,0x0,0x69,0x0,0x76,0x0,0x61,0x0,
0x74,0x0,0x65,0x0,0x42,0x0,0x6f,0x0,
0x78,0x0,0x0,0x0,0x0,0x0,0x0,0x0,
0xd,0x0,0x0,0x0,0x63,0x0,0x6f,0x0,
0x6e,0x0,0x6e,0x0,0x65,0x0,0x63,0x0,
0x74,0x0,0x62,0x0,0x75,0x0,0x74,0x0,
0x74,0x0,0x6f,0x0,0x6e,0x0,0x0,0x0,
0xe,0x0,0x0,0x0,0x5f,0x0,0x63,0x0,
0x6f,0x0,0x6e,0x0,0x6e,0x0,0x65,0x0,
0x63,0x0,0x74,0x0,0x62,0x0,0x75,0x0,
0x74,0x0,0x74,0x0,0x6f,0x0,0x6e,0x0,
0x0,0x0,0x0,0x0,0x0,0x0,0x0,0x0,
0xd,0x0,0x0,0x0,0x73,0x0,0x6c,0x0,
0x69,0x0,0x64,0x0,0x65,0x0,0x72,0x0,
0x4d,0x0,0x69,0x0,0x63,0x0,0x47,0x0,
0x61,0x0,0x69,0x0,0x6e,0x0,0x0,0x0,
0xe,0x0,0x0,0x0,0x5f,0x0,0x73,0x0,
0x6c,0x0,0x69,0x0,0x64,0x0,0x65,0x0,
0x72,0x0,0x6d,0x0,0x69,0x0,0x63,0x0,
0x47,0x0,0x61,0x0,0x69,0x0,0x6e,0x0,
0x0,0x0,0x0,0x0,0x0,0x0,0x0,0x0,
0x5,0x0,0x0,0x0,0x64,0x0,0x61,0x0,
0x74,0x0,0x61,0x0,0x31,0x0,0x0,0x0,
0x6,0x0,0x0,0x0,0x5f,0x0,0x64,0x0,
0x61,0x0,0x74,0x0,0x61,0x0,0x31,0x0,
0x0,0x0,0x0,0x0,0x0,0x0,0x0,0x0,
0x5,0x0,0x0,0x0,0x64,0x0,0x61,0x0,
0x74,0x0,0x61,0x0,0x32,0x0,0x0,0x0,
0x6,0x0,0x0,0x0,0x5f,0x0,0x64,0x0,
0x61,0x0,0x74,0x0,0x61,0x0,0x32,0x0,
0x0,0x0,0x0,0x0,0x0,0x0,0x0,0x0,
0x5,0x0,0x0,0x0,0x64,0x0,0x61,0x0,
0x74,0x0,0x61,0x0,0x33,0x0,0x0,0x0,
0x6,0x0,0x0,0x0,0x5f,0x0,0x64,0x0,
0x61,0x0,0x74,0x0,0x61,0x0,0x33,0x0,
0x0,0x0,0x0,0x0,0x0,0x0,0x0,0x0,
0x5,0x0,0x0,0x0,0x64,0x0,0x61,0x0,
0x74,0x0,0x61,0x0,0x34,0x0,0x0,0x0,
0x6,0x0,0x0,0x0,0x5f,0x0,0x64,0x0,
0x61,0x0,0x74,0x0,0x61,0x0,0x34,0x0,
0x0,0x0,0x0,0x0,0x0,0x0,0x0,0x0,
0x5,0x0,0x0,0x0,0x64,0x0,0x61,0x0,
0x74,0x0,0x61,0x0,0x35,0x0,0x0,0x0,
0x6,0x0,0x0,0x0,0x5f,0x0,0x64,0x0,
0x61,0x0,0x74,0x0,0x61,0x0,0x35,0x0,
0x0,0x0,0x0,0x0,0x0,0x0,0x0,0x0,
0x5,0x0,0x0,0x0,0x64,0x0,0x61,0x0,
0x74,0x0,0x61,0x0,0x36,0x0,0x0,0x0,
0x6,0x0,0x0,0x0,0x5f,0x0,0x64,0x0,
0x61,0x0,0x74,0x0,0x61,0x0,0x36,0x0,
0x0,0x0,0x0,0x0,0x0,0x0,0x0,0x0,
0x7,0x0,0x0,0x0,0x74,0x0,0x78,0x0,
0x74,0x0,0x69,0x0,0x6d,0x0,0x65,0x0,
0x72,0x0,0x0,0x0,0x0,0x0,0x0,0x0,
0x8,0x0,0x0,0x0,0x5f,0x0,0x74,0x0,
0x78,0x0,0x74,0x0,0x69,0x0,0x6d,0x0,
0x65,0x0,0x72,0x0,0x0,0x0,0x0,0x0,
0x8,0x0,0x0,0x0,0x62,0x0,0x75,0x0,
0x74,0x0,0x74,0x0,0x6f,0x0,0x6e,0x0,
0x54,0x0,0x58,0x0,0x0,0x0,0x0,0x0,
0x9,0x0,0x0,0x0,0x5f,0x0,0x62,0x0,
0x75,0x0,0x74,0x0,0x74,0x0,0x6f,0x0,
0x6e,0x0,0x54,0x0,0x58,0x0,0x0,0x0,
0x6,0x0,0x0,0x0,0x62,0x0,0x74,0x0,
0x6e,0x0,0x74,0x0,0x78,0x0,0x74,0x0,
0x0,0x0,0x0,0x0,0x0,0x0,0x0,0x0,
0x7,0x0,0x0,0x0,0x5f,0x0,0x62,0x0,
0x74,0x0,0x6e,0x0,0x74,0x0,0x78,0x0,
0x74,0x0,0x0,0x0,0x0,0x0,0x0,0x0,
0x7,0x0,0x0,0x0,0x73,0x0,0x77,0x0,
0x74,0x0,0x78,0x0,0x42,0x0,0x6f,0x0,
0x78,0x0,0x0,0x0,0x0,0x0,0x0,0x0,
0x8,0x0,0x0,0x0,0x5f,0x0,0x73,0x0,
0x77,0x0,0x74,0x0,0x78,0x0,0x42,0x0,
0x6f,0x0,0x78,0x0,0x0,0x0,0x0,0x0,
0x7,0x0,0x0,0x0,0x73,0x0,0x77,0x0,
0x72,0x0,0x78,0x0,0x42,0x0,0x6f,0x0,
0x78,0x0,0x0,0x0,0x0,0x0,0x0,0x0,
0x8,0x0,0x0,0x0,0x5f,0x0,0x73,0x0,
0x77,0x0,0x72,0x0,0x78,0x0,0x42,0x0,
0x6f,0x0,0x78,0x0,0x0,0x0,0x0,0x0,
0x6,0x0,0x0,0x0,0x61,0x0,0x67,0x0,
0x63,0x0,0x42,0x0,0x6f,0x0,0x78,0x0,
0x0,0x0,0x0,0x0,0x0,0x0,0x0,0x0,
0x7,0x0,0x0,0x0,0x5f,0x0,0x61,0x0,
0x67,0x0,0x63,0x0,0x42,0x0,0x6f,0x0,
0x78,0x0,0x0,0x0,0x0,0x0,0x0,0x0,
0xd,0x0,0x0,0x0,0x72,0x0,0x65,0x0,
0x63,0x0,0x65,0x0,0x6e,0x0,0x74,0x0,
0x54,0x0,0x67,0x0,0x4c,0x0,0x61,0x0,
0x62,0x0,0x65,0x0,0x6c,0x0,0x0,0x0,
0x13,0x0,0x0,0x0,0x72,0x0,0x65,0x0,
0x63,0x0,0x65,0x0,0x6e,0x0,0x74,0x0,
0x54,0x0,0x67,0x0,0x69,0x0,0x64,0x0,
0x73,0x0,0x43,0x0,0x6f,0x0,0x6d,0x0,
0x62,0x0,0x6f,0x0,0x42,0x0,0x6f,0x0,
0x78,0x0,0x0,0x0,0x0,0x0,0x0,0x0,
0x9,0x0,0x0,0x0,0x6c,0x0,0x61,0x0,
0x73,0x0,0x74,0x0,0x48,0x0,0x65,0x0,
0x61,0x0,0x72,0x0,0x64,0x0,0x0,0x0,
0xc,0x0,0x0,0x0,0x66,0x0,0x69,0x0,
0x72,0x0,0x73,0x0,0x74,0x0,0x52,0x0,
0x6f,0x0,0x77,0x0,0x44,0x0,0x61,0x0,
0x74,0x0,0x61,0x0,0x0,0x0,0x0,0x0,
0xd,0x0,0x0,0x0,0x73,0x0,0x65,0x0,
0x63,0x0,0x6f,0x0,0x6e,0x0,0x64,0x0,
0x52,0x0,0x6f,0x0,0x77,0x0,0x44,0x0,
0x61,0x0,0x74,0x0,0x61,0x0,0x0,0x0,
0x4,0x0,0x0,0x0,0x54,0x0,0x65,0x0,
0x78,0x0,0x74,0x0,0x0,0x0,0x0,0x0,
0x4,0x0,0x0,0x0,0x74,0x0,0x65,0x0,
0x78,0x0,0x74,0x0,0x0,0x0,0x0,0x0,
0x9,0x0,0x0,0x0,0x52,0x0,0x65,0x0,
0x63,0x0,0x65,0x0,0x6e,0x0,0x74,0x0,
0x20,0x0,0x54,0x0,0x47,0x0,0x0,0x0,
0x5,0x0,0x0,0x0,0x63,0x0,0x6f,0x0,
0x6c,0x0,0x6f,0x0,0x72,0x0,0x0,0x0,
0x5,0x0,0x0,0x0,0x77,0x0,0x68,0x0,
0x69,0x0,0x74,0x0,0x65,0x0,0x0,0x0,
0x4,0x0,0x0,0x0,0x66,0x0,0x6f,0x0,
0x6e,0x0,0x74,0x0,0x0,0x0,0x0,0x0,
0x9,0x0,0x0,0x0,0x70,0x0,0x69,0x0,
0x78,0x0,0x65,0x0,0x6c,0x0,0x53,0x0,
0x69,0x0,0x7a,0x0,0x65,0x0,0x0,0x0,
0x18,0x0,0x0,0x0,0x65,0x0,0x78,0x0,
0x70,0x0,0x72,0x0,0x65,0x0,0x73,0x0,
0x73,0x0,0x69,0x0,0x6f,0x0,0x6e,0x0,
0x20,0x0,0x66,0x0,0x6f,0x0,0x72,0x0,
0x20,0x0,0x70,0x0,0x69,0x0,0x78,0x0,
0x65,0x0,0x6c,0x0,0x53,0x0,0x69,0x0,
0x7a,0x0,0x65,0x0,0x0,0x0,0x0,0x0,
0x1,0x0,0x0,0x0,0x78,0x0,0x0,0x0,
0x1,0x0,0x0,0x0,0x79,0x0,0x0,0x0,
0x10,0x0,0x0,0x0,0x65,0x0,0x78,0x0,
0x70,0x0,0x72,0x0,0x65,0x0,0x73,0x0,
0x73,0x0,0x69,0x0,0x6f,0x0,0x6e,0x0,
0x20,0x0,0x66,0x0,0x6f,0x0,0x72,0x0,
0x20,0x0,0x79,0x0,0x0,0x0,0x0,0x0,
0x14,0x0,0x0,0x0,0x65,0x0,0x78,0x0,
0x70,0x0,0x72,0x0,0x65,0x0,0x73,0x0,
0x73,0x0,0x69,0x0,0x6f,0x0,0x6e,0x0,
0x20,0x0,0x66,0x0,0x6f,0x0,0x72,0x0,
0x20,0x0,0x77,0x0,0x69,0x0,0x64,0x0,
0x74,0x0,0x68,0x0,0x0,0x0,0x0,0x0,
0x15,0x0,0x0,0x0,0x65,0x0,0x78,0x0,
0x70,0x0,0x72,0x0,0x65,0x0,0x73,0x0,
0x73,0x0,0x69,0x0,0x6f,0x0,0x6e,0x0,
0x20,0x0,0x66,0x0,0x6f,0x0,0x72,0x0,
0x20,0x0,0x68,0x0,0x65,0x0,0x69,0x0,
0x67,0x0,0x68,0x0,0x74,0x0,0x0,0x0,
0x11,0x0,0x0,0x0,0x76,0x0,0x65,0x0,
0x72,0x0,0x74,0x0,0x69,0x0,0x63,0x0,
0x61,0x0,0x6c,0x0,0x41,0x0,0x6c,0x0,
0x69,0x0,0x67,0x0,0x6e,0x0,0x6d,0x0,
0x65,0x0,0x6e,0x0,0x74,0x0,0x0,0x0,
0x20,0x0,0x0,0x0,0x65,0x0,0x78,0x0,
0x70,0x0,0x72,0x0,0x65,0x0,0x73,0x0,
0x73,0x0,0x69,0x0,0x6f,0x0,0x6e,0x0,
0x20,0x0,0x66,0x0,0x6f,0x0,0x72,0x0,
0x20,0x0,0x76,0x0,0x65,0x0,0x72,0x0,
0x74,0x0,0x69,0x0,0x63,0x0,0x61,0x0,
0x6c,0x0,0x41,0x0,0x6c,0x0,0x69,0x0,
0x67,0x0,0x6e,0x0,0x6d,0x0,0x65,0x0,
0x6e,0x0,0x74,0x0,0x0,0x0,0x0,0x0,
0x7,0x0,0x0,0x0,0x76,0x0,0x69,0x0,
0x73,0x0,0x69,0x0,0x62,0x0,0x6c,0x0,
0x65,0x0,0x0,0x0,0x0,0x0,0x0,0x0,
0x8,0x0,0x0,0x0,0x43,0x0,0x6f,0x0,
0x6d,0x0,0x62,0x0,0x6f,0x0,0x42,0x0,
0x6f,0x0,0x78,0x0,0x0,0x0,0x0,0x0,
0x10,0x0,0x0,0x0,0x65,0x0,0x78,0x0,
0x70,0x0,0x72,0x0,0x65,0x0,0x73,0x0,
0x73,0x0,0x69,0x0,0x6f,0x0,0x6e,0x0,
0x20,0x0,0x66,0x0,0x6f,0x0,0x72,0x0,
0x20,0x0,0x78,0x0,0x0,0x0,0x0,0x0,
0x5,0x0,0x0,0x0,0x6d,0x0,0x6f,0x0,
0x64,0x0,0x65,0x0,0x6c,0x0,0x0,0x0,
0x14,0x0,0x0,0x0,0x65,0x0,0x78,0x0,
0x70,0x0,0x72,0x0,0x65,0x0,0x73,0x0,
0x73,0x0,0x69,0x0,0x6f,0x0,0x6e,0x0,
0x20,0x0,0x66,0x0,0x6f,0x0,0x72,0x0,
0x20,0x0,0x6d,0x0,0x6f,0x0,0x64,0x0,
0x65,0x0,0x6c,0x0,0x0,0x0,0x0,0x0,
0x8,0x0,0x0,0x0,0x74,0x0,0x65,0x0,
0x78,0x0,0x74,0x0,0x52,0x0,0x6f,0x0,
0x6c,0x0,0x65,0x0,0x0,0x0,0x0,0x0,
0x9,0x0,0x0,0x0,0x6d,0x0,0x6f,0x0,
0x64,0x0,0x65,0x0,0x6c,0x0,0x44,0x0,
0x61,0x0,0x74,0x0,0x61,0x0,0x0,0x0,
0x13,0x0,0x0,0x0,0x65,0x0,0x78,0x0,
0x70,0x0,0x72,0x0,0x65,0x0,0x73,0x0,
0x73,0x0,0x69,0x0,0x6f,0x0,0x6e,0x0,
0x20,0x0,0x66,0x0,0x6f,0x0,0x72,0x0,
0x20,0x0,0x74,0x0,0x65,0x0,0x78,0x0,
0x74,0x0,0x0,0x0,0x0,0x0,0x0,0x0,
0x13,0x0,0x0,0x0,0x68,0x0,0x6f,0x0,
0x72,0x0,0x69,0x0,0x7a,0x0,0x6f,0x0,
0x6e,0x0,0x74,0x0,0x61,0x0,0x6c,0x0,
0x41,0x0,0x6c,0x0,0x69,0x0,0x67,0x0,
0x6e,0x0,0x6d,0x0,0x65,0x0,0x6e,0x0,
0x74,0x0,0x0,0x0,0x0,0x0,0x0,0x0,
0x22,0x0,0x0,0x0,0x65,0x0,0x78,0x0,
0x70,0x0,0x72,0x0,0x65,0x0,0x73,0x0,
0x73,0x0,0x69,0x0,0x6f,0x0,0x6e,0x0,
0x20,0x0,0x66,0x0,0x6f,0x0,0x72,0x0,
0x20,0x0,0x68,0x0,0x6f,0x0,0x72,0x0,
0x69,0x0,0x7a,0x0,0x6f,0x0,0x6e,0x0,
0x74,0x0,0x61,0x0,0x6c,0x0,0x41,0x0,
0x6c,0x0,0x69,0x0,0x67,0x0,0x6e,0x0,
0x6d,0x0,0x65,0x0,0x6e,0x0,0x74,0x0,
0x0,0x0,0x0,0x0,0x0,0x0,0x0,0x0,
0xb,0x0,0x0,0x0,0x63,0x0,0x6f,0x0,
0x6e,0x0,0x74,0x0,0x65,0x0,0x6e,0x0,
0x74,0x0,0x49,0x0,0x74,0x0,0x65,0x0,
0x6d,0x0,0x0,0x0,0x0,0x0,0x0,0x0,
0x5,0x0,0x0,0x0,0x50,0x0,0x6f,0x0,
0x70,0x0,0x75,0x0,0x70,0x0,0x0,0x0,
0x6,0x0,0x0,0x0,0x43,0x0,0x6f,0x0,
0x6c,0x0,0x75,0x0,0x6d,0x0,0x6e,0x0,
0x0,0x0,0x0,0x0,0x0,0x0,0x0,0x0,
0x7,0x0,0x0,0x0,0x73,0x0,0x70,0x0,
0x61,0x0,0x63,0x0,0x69,0x0,0x6e,0x0,
0x67,0x0,0x0,0x0,0x0,0x0,0x0,0x0,
0x8,0x0,0x0,0x0,0x52,0x0,0x65,0x0,
0x70,0x0,0x65,0x0,0x61,0x0,0x74,0x0,
0x65,0x0,0x72,0x0,0x0,0x0,0x0,0x0,
0x9,0x0,0x0,0x0,0x4d,0x0,0x6f,0x0,
0x75,0x0,0x73,0x0,0x65,0x0,0x41,0x0,
0x72,0x0,0x65,0x0,0x61,0x0,0x0,0x0,
0x7,0x0,0x0,0x0,0x61,0x0,0x6e,0x0,
0x63,0x0,0x68,0x0,0x6f,0x0,0x72,0x0,
0x73,0x0,0x0,0x0,0x0,0x0,0x0,0x0,
0x4,0x0,0x0,0x0,0x66,0x0,0x69,0x0,
0x6c,0x0,0x6c,0x0,0x0,0x0,0x0,0x0,
0x13,0x0,0x0,0x0,0x65,0x0,0x78,0x0,
0x70,0x0,0x72,0x0,0x65,0x0,0x73,0x0,
0x73,0x0,0x69,0x0,0x6f,0x0,0x6e,0x0,
0x20,0x0,0x66,0x0,0x6f,0x0,0x72,0x0,
0x20,0x0,0x66,0x0,0x69,0x0,0x6c,0x0,
0x6c,0x0,0x0,0x0,0x0,0x0,0x0,0x0,
0x9,0x0,0x0,0x0,0x6f,0x0,0x6e,0x0,
0x43,0x0,0x6c,0x0,0x69,0x0,0x63,0x0,
0x6b,0x0,0x65,0x0,0x64,0x0,0x0,0x0,
0x18,0x0,0x0,0x0,0x65,0x0,0x78,0x0,
0x70,0x0,0x72,0x0,0x65,0x0,0x73,0x0,
0x73,0x0,0x69,0x0,0x6f,0x0,0x6e,0x0,
0x20,0x0,0x66,0x0,0x6f,0x0,0x72,0x0,
0x20,0x0,0x6f,0x0,0x6e,0x0,0x43,0x0,
0x6c,0x0,0x69,0x0,0x63,0x0,0x6b,0x0,
0x65,0x0,0x64,0x0,0x0,0x0,0x0,0x0,
0x8,0x0,0x0,0x0,0x64,0x0,0x65,0x0,
0x6c,0x0,0x65,0x0,0x67,0x0,0x61,0x0,
0x74,0x0,0x65,0x0,0x0,0x0,0x0,0x0,
0x6,0x0,0x0,0x0,0x42,0x0,0x75,0x0,
0x74,0x0,0x74,0x0,0x6f,0x0,0x6e,0x0,
0x0,0x0,0x0,0x0,0x0,0x0,0x0,0x0,
0x5,0x0,0x0,0x0,0x43,0x0,0x6c,0x0,
0x65,0x0,0x61,0x0,0x72,0x0,0x0,0x0,
0x5,0x0,0x0,0x0,0x70,0x0,0x6f,0x0,
0x70,0x0,0x75,0x0,0x70,0x0,0x0,0x0,
0xb,0x0,0x0,0x0,0x6f,0x0,0x6e,0x0,
0x41,0x0,0x63,0x0,0x74,0x0,0x69,0x0,
0x76,0x0,0x61,0x0,0x74,0x0,0x65,0x0,
0x64,0x0,0x0,0x0,0x0,0x0,0x0,0x0,
0x1a,0x0,0x0,0x0,0x65,0x0,0x78,0x0,
0x70,0x0,0x72,0x0,0x65,0x0,0x73,0x0,
0x73,0x0,0x69,0x0,0x6f,0x0,0x6e,0x0,
0x20,0x0,0x66,0x0,0x6f,0x0,0x72,0x0,
0x20,0x0,0x6f,0x0,0x6e,0x0,0x41,0x0,
0x63,0x0,0x74,0x0,0x69,0x0,0x76,0x0,
0x61,0x0,0x74,0x0,0x65,0x0,0x64,0x0,
0x0,0x0,0x0,0x0,0x0,0x0,0x0,0x0,
0x7,0x0,0x0,0x0,0x72,0x0,0x75,0x0,
0x6e,0x0,0x6e,0x0,0x69,0x0,0x6e,0x0,
0x67,0x0,0x0,0x0,0x0,0x0,0x0,0x0,
0x3,0x0,0x0,0x0,0x63,0x0,0x6e,0x0,
0x74,0x0,0x0,0x0,0x0,0x0,0x0,0x0,
0x5,0x0,0x0,0x0,0x72,0x0,0x78,0x0,
0x63,0x0,0x6e,0x0,0x74,0x0,0x0,0x0,
0xa,0x0,0x0,0x0,0x6c,0x0,0x61,0x0,
0x73,0x0,0x74,0x0,0x5f,0x0,0x72,0x0,
0x78,0x0,0x63,0x0,0x6e,0x0,0x74,0x0,
0x0,0x0,0x0,0x0,0x0,0x0,0x0,0x0,
0xc,0x0,0x0,0x0,0x75,0x0,0x70,0x0,
0x64,0x0,0x61,0x0,0x74,0x0,0x65,0x0,
0x5f,0x0,0x6c,0x0,0x65,0x0,0x76,0x0,
0x65,0x0,0x6c,0x0,0x0,0x0,0x0,0x0,
0x6,0x0,0x0,0x0,0x6c,0x0,0x6f,0x0,
0x61,0x0,0x64,0x0,0x65,0x0,0x64,0x0,
0x0,0x0,0x0,0x0,0x0,0x0,0x0,0x0,
0xc,0x0,0x0,0x0,0x63,0x0,0x75,0x0,
0x72,0x0,0x72,0x0,0x65,0x0,0x6e,0x0,
0x74,0x0,0x49,0x0,0x6e,0x0,0x64,0x0,
0x65,0x0,0x78,0x0,0x0,0x0,0x0,0x0,
0xb,0x0,0x0,0x0,0x64,0x0,0x69,0x0,
0x73,0x0,0x70,0x0,0x6c,0x0,0x61,0x0,
0x79,0x0,0x54,0x0,0x65,0x0,0x78,0x0,
0x74,0x0,0x0,0x0,0x0,0x0,0x0,0x0,
0x1a,0x0,0x0,0x0,0x65,0x0,0x78,0x0,
0x70,0x0,0x72,0x0,0x65,0x0,0x73,0x0,
0x73,0x0,0x69,0x0,0x6f,0x0,0x6e,0x0,
0x20,0x0,0x66,0x0,0x6f,0x0,0x72,0x0,
0x20,0x0,0x64,0x0,0x69,0x0,0x73,0x0,
0x70,0x0,0x6c,0x0,0x61,0x0,0x79,0x0,
0x54,0x0,0x65,0x0,0x78,0x0,0x74,0x0,
0x0,0x0,0x0,0x0,0x0,0x0,0x0,0x0,
0x13,0x0,0x0,0x0,0x65,0x0,0x78,0x0,
0x70,0x0,0x72,0x0,0x65,0x0,0x73,0x0,
0x73,0x0,0x69,0x0,0x6f,0x0,0x6e,0x0,
0x20,0x0,0x66,0x0,0x6f,0x0,0x72,0x0,
0x20,0x0,0x66,0x0,0x6f,0x0,0x6e,0x0,
0x74,0x0,0x0,0x0,0x0,0x0,0x0,0x0,
0xb,0x0,0x0,0x0,0x6c,0x0,0x65,0x0,
0x66,0x0,0x74,0x0,0x50,0x0,0x61,0x0,
0x64,0x0,0x64,0x0,0x69,0x0,0x6e,0x0,
0x67,0x0,0x0,0x0,0x0,0x0,0x0,0x0,
0x14,0x0,0x0,0x0,0x65,0x0,0x78,0x0,
0x70,0x0,0x72,0x0,0x65,0x0,0x73,0x0,
0x73,0x0,0x69,0x0,0x6f,0x0,0x6e,0x0,
0x20,0x0,0x66,0x0,0x6f,0x0,0x72,0x0,
0x20,0x0,0x63,0x0,0x6f,0x0,0x6c,0x0,
0x6f,0x0,0x72,0x0,0x0,0x0,0x0,0x0,
0x14,0x0,0x0,0x0,0x6f,0x0,0x6e,0x0,
0x43,0x0,0x75,0x0,0x72,0x0,0x72,0x0,
0x65,0x0,0x6e,0x0,0x74,0x0,0x54,0x0,
0x65,0x0,0x78,0x0,0x74,0x0,0x43,0x0,
0x68,0x0,0x61,0x0,0x6e,0x0,0x67,0x0,
0x65,0x0,0x64,0x0,0x0,0x0,0x0,0x0,
0x23,0x0,0x0,0x0,0x65,0x0,0x78,0x0,
0x70,0x0,0x72,0x0,0x65,0x0,0x73,0x0,
0x73,0x0,0x69,0x0,0x6f,0x0,0x6e,0x0,
0x20,0x0,0x66,0x0,0x6f,0x0,0x72,0x0,
0x20,0x0,0x6f,0x0,0x6e,0x0,0x43,0x0,
0x75,0x0,0x72,0x0,0x72,0x0,0x65,0x0,
0x6e,0x0,0x74,0x0,0x54,0x0,0x65,0x0,
0x78,0x0,0x74,0x0,0x43,0x0,0x68,0x0,
0x61,0x0,0x6e,0x0,0x67,0x0,0x65,0x0,
0x64,0x0,0x0,0x0,0x0,0x0,0x0,0x0,
0x7,0x0,0x0,0x0,0x43,0x0,0x6f,0x0,
0x6e,0x0,0x6e,0x0,0x65,0x0,0x63,0x0,
0x74,0x0,0x0,0x0,0x0,0x0,0x0,0x0,
0x8,0x0,0x0,0x0,0x43,0x0,0x68,0x0,
0x65,0x0,0x63,0x0,0x6b,0x0,0x42,0x0,
0x6f,0x0,0x78,0x0,0x0,0x0,0x0,0x0,
0x7,0x0,0x0,0x0,0x50,0x0,0x72,0x0,
0x69,0x0,0x76,0x0,0x61,0x0,0x74,0x0,
0x65,0x0,0x0,0x0,0x0,0x0,0x0,0x0,
0x4,0x0,0x0,0x0,0x44,0x0,0x54,0x0,
0x4d,0x0,0x46,0x0,0x0,0x0,0x0,0x0,
0x9,0x0,0x0,0x0,0x54,0x0,0x65,0x0,
0x78,0x0,0x74,0x0,0x46,0x0,0x69,0x0,
0x65,0x0,0x6c,0x0,0x64,0x0,0x0,0x0,
0x4,0x0,0x0,0x0,0x53,0x0,0x65,0x0,
0x6e,0x0,0x64,0x0,0x0,0x0,0x0,0x0,
0x4,0x0,0x0,0x0,0x54,0x0,0x47,0x0,
0x49,0x0,0x44,0x0,0x0,0x0,0x0,0x0,
0xd,0x0,0x0,0x0,0x73,0x0,0x65,0x0,
0x6c,0x0,0x65,0x0,0x63,0x0,0x74,0x0,
0x42,0x0,0x79,0x0,0x4d,0x0,0x6f,0x0,
0x75,0x0,0x73,0x0,0x65,0x0,0x0,0x0,
0x10,0x0,0x0,0x0,0x69,0x0,0x6e,0x0,
0x70,0x0,0x75,0x0,0x74,0x0,0x4d,0x0,
0x65,0x0,0x74,0x0,0x68,0x0,0x6f,0x0,
0x64,0x0,0x48,0x0,0x69,0x0,0x6e,0x0,
0x74,0x0,0x73,0x0,0x0,0x0,0x0,0x0,
0x10,0x0,0x0,0x0,0x49,0x0,0x6d,0x0,
0x68,0x0,0x50,0x0,0x72,0x0,0x65,0x0,
0x66,0x0,0x65,0x0,0x72,0x0,0x4e,0x0,
0x75,0x0,0x6d,0x0,0x62,0x0,0x65,0x0,
0x72,0x0,0x73,0x0,0x0,0x0,0x0,0x0,
0x11,0x0,0x0,0x0,0x6f,0x0,0x6e,0x0,
0x45,0x0,0x64,0x0,0x69,0x0,0x74,0x0,
0x69,0x0,0x6e,0x0,0x67,0x0,0x46,0x0,
0x69,0x0,0x6e,0x0,0x69,0x0,0x73,0x0,
0x68,0x0,0x65,0x0,0x64,0x0,0x0,0x0,
0x20,0x0,0x0,0x0,0x65,0x0,0x78,0x0,
0x70,0x0,0x72,0x0,0x65,0x0,0x73,0x0,
0x73,0x0,0x69,0x0,0x6f,0x0,0x6e,0x0,
0x20,0x0,0x66,0x0,0x6f,0x0,0x72,0x0,
0x20,0x0,0x6f,0x0,0x6e,0x0,0x45,0x0,
0x64,0x0,0x69,0x0,0x74,0x0,0x69,0x0,
0x6e,0x0,0x67,0x0,0x46,0x0,0x69,0x0,
0x6e,0x0,0x69,0x0,0x73,0x0,0x68,0x0,
0x65,0x0,0x64,0x0,0x0,0x0,0x0,0x0,
0x4,0x0,0x0,0x0,0x53,0x0,0x57,0x0,
0x54,0x0,0x58,0x0,0x0,0x0,0x0,0x0,
0x4,0x0,0x0,0x0,0x53,0x0,0x57,0x0,
0x52,0x0,0x58,0x0,0x0,0x0,0x0,0x0,
0x3,0x0,0x0,0x0,0x41,0x0,0x47,0x0,
0x43,0x0,0x0,0x0,0x0,0x0,0x0,0x0,
0xd,0x0,0x0,0x0,0x6d,0x0,0x69,0x0,
0x63,0x0,0x67,0x0,0x61,0x0,0x69,0x0,
0x6e,0x0,0x5f,0x0,0x6c,0x0,0x61,0x0,
0x62,0x0,0x65,0x0,0x6c,0x0,0x0,0x0,
0x3,0x0,0x0,0x0,0x4d,0x0,0x69,0x0,
0x63,0x0,0x0,0x0,0x0,0x0,0x0,0x0,
0x6,0x0,0x0,0x0,0x53,0x0,0x6c,0x0,
0x69,0x0,0x64,0x0,0x65,0x0,0x72,0x0,
0x0,0x0,0x0,0x0,0x0,0x0,0x0,0x0,
0x1,0x0,0x0,0x0,0x76,0x0,0x0,0x0,
0x5,0x0,0x0,0x0,0x76,0x0,0x61,0x0,
0x6c,0x0,0x75,0x0,0x65,0x0,0x0,0x0,
0xe,0x0,0x0,0x0,0x6f,0x0,0x6e,0x0,
0x56,0x0,0x61,0x0,0x6c,0x0,0x75,0x0,
0x65,0x0,0x43,0x0,0x68,0x0,0x61,0x0,
0x6e,0x0,0x67,0x0,0x65,0x0,0x64,0x0,
0x0,0x0,0x0,0x0,0x0,0x0,0x0,0x0,
0x1d,0x0,0x0,0x0,0x65,0x0,0x78,0x0,
0x70,0x0,0x72,0x0,0x65,0x0,0x73,0x0,
0x73,0x0,0x69,0x0,0x6f,0x0,0x6e,0x0,
0x20,0x0,0x66,0x0,0x6f,0x0,0x72,0x0,
0x20,0x0,0x6f,0x0,0x6e,0x0,0x56,0x0,
0x61,0x0,0x6c,0x0,0x75,0x0,0x65,0x0,
0x43,0x0,0x68,0x0,0x61,0x0,0x6e,0x0,
0x67,0x0,0x65,0x0,0x64,0x0,0x0,0x0,
0x6,0x0,0x0,0x0,0x4d,0x0,0x59,0x0,
0x43,0x0,0x41,0x0,0x4c,0x0,0x4c,0x0,
0x0,0x0,0x0,0x0,0x0,0x0,0x0,0x0,
0xa,0x0,0x0,0x0,0x66,0x0,0x6e,0x0,
0x61,0x0,0x6d,0x0,0x65,0x0,0x4c,0x0,
0x61,0x0,0x62,0x0,0x65,0x0,0x6c,0x0,
0x0,0x0,0x0,0x0,0x0,0x0,0x0,0x0,
0x6,0x0,0x0,0x0,0x48,0x0,0x61,0x0,
0x6e,0x0,0x64,0x0,0x6c,0x0,0x65,0x0,
0x0,0x0,0x0,0x0,0x0,0x0,0x0,0x0,
0xe,0x0,0x0,0x0,0x66,0x0,0x69,0x0,
0x72,0x0,0x73,0x0,0x74,0x0,0x4e,0x0,
0x61,0x0,0x6d,0x0,0x65,0x0,0x54,0x0,
0x65,0x0,0x78,0x0,0x74,0x0,0x31,0x0,
0x0,0x0,0x0,0x0,0x0,0x0,0x0,0x0,
0x8,0x0,0x0,0x0,0x77,0x0,0x72,0x0,
0x61,0x0,0x70,0x0,0x4d,0x0,0x6f,0x0,
0x64,0x0,0x65,0x0,0x0,0x0,0x0,0x0,
0x17,0x0,0x0,0x0,0x65,0x0,0x78,0x0,
0x70,0x0,0x72,0x0,0x65,0x0,0x73,0x0,
0x73,0x0,0x69,0x0,0x6f,0x0,0x6e,0x0,
0x20,0x0,0x66,0x0,0x6f,0x0,0x72,0x0,
0x20,0x0,0x77,0x0,0x72,0x0,0x61,0x0,
0x70,0x0,0x4d,0x0,0x6f,0x0,0x64,0x0,
0x65,0x0,0x0,0x0,0x0,0x0,0x0,0x0,
0xd,0x0,0x0,0x0,0x6f,0x0,0x6e,0x0,
0x54,0x0,0x65,0x0,0x78,0x0,0x74,0x0,
0x43,0x0,0x68,0x0,0x61,0x0,0x6e,0x0,
0x67,0x0,0x65,0x0,0x64,0x0,0x0,0x0,
0x1c,0x0,0x0,0x0,0x65,0x0,0x78,0x0,
0x70,0x0,0x72,0x0,0x65,0x0,0x73,0x0,
0x73,0x0,0x69,0x0,0x6f,0x0,0x6e,0x0,
0x20,0x0,0x66,0x0,0x6f,0x0,0x72,0x0,
0x20,0x0,0x6f,0x0,0x6e,0x0,0x54,0x0,
0x65,0x0,0x78,0x0,0x74,0x0,0x43,0x0,
0x68,0x0,0x61,0x0,0x6e,0x0,0x67,0x0,
0x65,0x0,0x64,0x0,0x0,0x0,0x0,0x0,
0x6,0x0,0x0,0x0,0x55,0x0,0x52,0x0,
0x43,0x0,0x41,0x0,0x4c,0x0,0x4c,0x0,
0x0,0x0,0x0,0x0,0x0,0x0,0x0,0x0,
0x5,0x0,0x0,0x0,0x52,0x0,0x50,0x0,
0x54,0x0,0x52,0x0,0x31,0x0,0x0,0x0,
0x5,0x0,0x0,0x0,0x52,0x0,0x50,0x0,
0x54,0x0,0x52,0x0,0x32,0x0,0x0,0x0,
0x6,0x0,0x0,0x0,0x53,0x0,0x74,0x0,
0x72,0x0,0x6d,0x0,0x49,0x0,0x44,0x0,
0x0,0x0,0x0,0x0,0x0,0x0,0x0,0x0,
0x7,0x0,0x0,0x0,0x5f,0x0,0x6c,0x0,
0x61,0x0,0x62,0x0,0x65,0x0,0x6c,0x0,
0x37,0x0,0x0,0x0,0x0,0x0,0x0,0x0,
0xe,0x0,0x0,0x0,0x73,0x0,0x74,0x0,
0x61,0x0,0x62,0x0,0x69,0x0,0x6c,0x0,
0x69,0x0,0x74,0x0,0x79,0x0,0x54,0x0,
0x69,0x0,0x6d,0x0,0x65,0x0,0x72,0x0,
0x0,0x0,0x0,0x0,0x0,0x0,0x0,0x0,
0x19,0x0,0x0,0x0,0x6f,0x0,0x6e,0x0,
0x46,0x0,0x65,0x0,0x74,0x0,0x63,0x0,
0x68,0x0,0x65,0x0,0x64,0x0,0x46,0x0,
0x69,0x0,0x72,0x0,0x73,0x0,0x74,0x0,
0x4e,0x0,0x61,0x0,0x6d,0x0,0x65,0x0,
0x43,0x0,0x68,0x0,0x61,0x0,0x6e,0x0,
0x67,0x0,0x65,0x0,0x64,0x0,0x0,0x0,
0x4,0x0,0x0,0x0,0x6e,0x0,0x61,0x0,
0x6d,0x0,0x65,0x0,0x0,0x0,0x0,0x0,
0x17,0x0,0x0,0x0,0x6f,0x0,0x6e,0x0,
0x46,0x0,0x65,0x0,0x74,0x0,0x63,0x0,
0x68,0x0,0x65,0x0,0x64,0x0,0x43,0x0,
0x6f,0x0,0x75,0x0,0x6e,0x0,0x74,0x0,
0x72,0x0,0x79,0x0,0x43,0x0,0x68,0x0,
0x61,0x0,0x6e,0x0,0x67,0x0,0x65,0x0,
0x64,0x0,0x0,0x0,0x0,0x0,0x0,0x0,
0x6,0x0,0x0,0x0,0x5f,0x0,0x64,0x0,
0x61,0x0,0x74,0x0,0x61,0x0,0x37,0x0,
0x0,0x0,0x0,0x0,0x0,0x0,0x0,0x0,
0xa,0x0,0x0,0x0,0x4c,0x0,0x61,0x0,
0x73,0x0,0x74,0x0,0x20,0x0,0x48,0x0,
0x65,0x0,0x61,0x0,0x72,0x0,0x64,0x0,
0x0,0x0,0x0,0x0,0x0,0x0,0x0,0x0,
0x9,0x0,0x0,0x0,0x52,0x0,0x65,0x0,
0x63,0x0,0x74,0x0,0x61,0x0,0x6e,0x0,
0x67,0x0,0x6c,0x0,0x65,0x0,0x0,0x0,
0x5,0x0,0x0,0x0,0x62,0x0,0x6c,0x0,
0x61,0x0,0x63,0x0,0x6b,0x0,0x0,0x0,
0x6,0x0,0x0,0x0,0x62,0x0,0x6f,0x0,
0x72,0x0,0x64,0x0,0x65,0x0,0x72,0x0,
0x0,0x0,0x0,0x0,0x0,0x0,0x0,0x0,
0x6,0x0,0x0,0x0,0x72,0x0,0x61,0x0,
0x64,0x0,0x69,0x0,0x75,0x0,0x73,0x0,
0x0,0x0,0x0,0x0,0x0,0x0,0x0,0x0,
0x7,0x0,0x0,0x0,0x23,0x0,0x38,0x0,
0x30,0x0,0x43,0x0,0x33,0x0,0x34,0x0,
0x32,0x0,0x0,0x0,0x0,0x0,0x0,0x0,
0xb,0x0,0x0,0x0,0x42,0x0,0x75,0x0,
0x74,0x0,0x74,0x0,0x6f,0x0,0x6e,0x0,
0x47,0x0,0x72,0x0,0x6f,0x0,0x75,0x0,
0x70,0x0,0x0,0x0,0x0,0x0,0x0,0x0,
0xd,0x0,0x0,0x0,0x74,0x0,0x74,0x0,
0x73,0x0,0x76,0x0,0x6f,0x0,0x69,0x0,
0x63,0x0,0x65,0x0,0x67,0x0,0x72,0x0,
0x6f,0x0,0x75,0x0,0x70,0x0,0x0,0x0,
0x3,0x0,0x0,0x0,0x6d,0x0,0x69,0x0,
0x63,0x0,0x0,0x0,0x0,0x0,0x0,0x0,
0x16,0x0,0x0,0x0,0x65,0x0,0x78,0x0,
0x70,0x0,0x72,0x0,0x65,0x0,0x73,0x0,
0x73,0x0,0x69,0x0,0x6f,0x0,0x6e,0x0,
0x20,0x0,0x66,0x0,0x6f,0x0,0x72,0x0,
0x20,0x0,0x76,0x0,0x69,0x0,0x73,0x0,
0x69,0x0,0x62,0x0,0x6c,0x0,0x65,0x0,
0x0,0x0,0x0,0x0,0x0,0x0,0x0,0x0,
0x7,0x0,0x0,0x0,0x63,0x0,0x68,0x0,
0x65,0x0,0x63,0x0,0x6b,0x0,0x65,0x0,
0x64,0x0,0x0,0x0,0x0,0x0,0x0,0x0,
0x5,0x0,0x0,0x0,0x67,0x0,0x72,0x0,
0x6f,0x0,0x75,0x0,0x70,0x0,0x0,0x0,
0x14,0x0,0x0,0x0,0x65,0x0,0x78,0x0,
0x70,0x0,0x72,0x0,0x65,0x0,0x73,0x0,
0x73,0x0,0x69,0x0,0x6f,0x0,0x6e,0x0,
0x20,0x0,0x66,0x0,0x6f,0x0,0x72,0x0,
0x20,0x0,0x67,0x0,0x72,0x0,0x6f,0x0,
0x75,0x0,0x70,0x0,0x0,0x0,0x0,0x0,
0x4,0x0,0x0,0x0,0x74,0x0,0x74,0x0,
0x73,0x0,0x31,0x0,0x0,0x0,0x0,0x0,
0x4,0x0,0x0,0x0,0x54,0x0,0x54,0x0,
0x53,0x0,0x31,0x0,0x0,0x0,0x0,0x0,
0x4,0x0,0x0,0x0,0x74,0x0,0x74,0x0,
0x73,0x0,0x32,0x0,0x0,0x0,0x0,0x0,
0x4,0x0,0x0,0x0,0x54,0x0,0x54,0x0,
0x53,0x0,0x32,0x0,0x0,0x0,0x0,0x0,
0x4,0x0,0x0,0x0,0x74,0x0,0x74,0x0,
0x73,0x0,0x33,0x0,0x0,0x0,0x0,0x0,
0x4,0x0,0x0,0x0,0x54,0x0,0x54,0x0,
0x53,0x0,0x33,0x0,0x0,0x0,0x0,0x0,
0xb,0x0,0x0,0x0,0x5f,0x0,0x74,0x0,
0x74,0x0,0x73,0x0,0x74,0x0,0x78,0x0,
0x74,0x0,0x65,0x0,0x64,0x0,0x69,0x0,
0x74,0x0,0x0,0x0,0x0,0x0,0x0,0x0,
0x5,0x0,0x0,0x0,0x64,0x0,0x6d,0x0,
0x72,0x0,0x49,0x0,0x44,0x0,0x0,0x0,
0x14,0x0,0x0,0x0,0x65,0x0,0x78,0x0,
0x70,0x0,0x72,0x0,0x65,0x0,0x73,0x0,
0x73,0x0,0x69,0x0,0x6f,0x0,0x6e,0x0,
0x20,0x0,0x66,0x0,0x6f,0x0,0x72,0x0,
0x20,0x0,0x64,0x0,0x6d,0x0,0x72,0x0,
0x49,0x0,0x44,0x0,0x0,0x0,0x0,0x0,
0x4,0x0,0x0,0x0,0x74,0x0,0x67,0x0,
0x69,0x0,0x64,0x0,0x0,0x0,0x0,0x0,
0x13,0x0,0x0,0x0,0x65,0x0,0x78,0x0,
0x70,0x0,0x72,0x0,0x65,0x0,0x73,0x0,
0x73,0x0,0x69,0x0,0x6f,0x0,0x6e,0x0,
0x20,0x0,0x66,0x0,0x6f,0x0,0x72,0x0,
0x20,0x0,0x74,0x0,0x67,0x0,0x69,0x0,
0x64,0x0,0x0,0x0,0x0,0x0,0x0,0x0,
0xb,0x0,0x0,0x0,0x64,0x0,0x61,0x0,
0x74,0x0,0x61,0x0,0x55,0x0,0x70,0x0,
0x64,0x0,0x61,0x0,0x74,0x0,0x65,0x0,
0x64,0x0,0x0,0x0,0x0,0x0,0x0,0x0,
0xd,0x0,0x0,0x0,0x72,0x0,0x65,0x0,
0x63,0x0,0x65,0x0,0x69,0x0,0x76,0x0,
0x65,0x0,0x64,0x0,0x44,0x0,0x6d,0x0,
0x72,0x0,0x49,0x0,0x44,0x0,0x0,0x0,
0x3,0x0,0x0,0x0,0x76,0x0,0x61,0x0,
0x72,0x0,0x0,0x0,0x0,0x0,0x0,0x0,
0xc,0x0,0x0,0x0,0x72,0x0,0x65,0x0,
0x63,0x0,0x65,0x0,0x69,0x0,0x76,0x0,
0x65,0x0,0x64,0x0,0x54,0x0,0x47,0x0,
0x49,0x0,0x44,0x0,0x0,0x0,0x0,0x0,
0xb,0x0,0x0,0x0,0x75,0x0,0x70,0x0,
0x64,0x0,0x61,0x0,0x74,0x0,0x65,0x0,
0x54,0x0,0x69,0x0,0x6d,0x0,0x65,0x0,
0x72,0x0,0x0,0x0,0x0,0x0,0x0,0x0,
0xf,0x0,0x0,0x0,0x65,0x0,0x6d,0x0,
0x69,0x0,0x74,0x0,0x44,0x0,0x61,0x0,
0x74,0x0,0x61,0x0,0x55,0x0,0x70,0x0,
0x64,0x0,0x61,0x0,0x74,0x0,0x65,0x0,
0x64,0x0,0x0,0x0,0x0,0x0,0x0,0x0,
0xe,0x0,0x0,0x0,0x6f,0x0,0x6e,0x0,
0x44,0x0,0x6d,0x0,0x72,0x0,0x49,0x0,
0x44,0x0,0x43,0x0,0x68,0x0,0x61,0x0,
0x6e,0x0,0x67,0x0,0x65,0x0,0x64,0x0,
0x0,0x0,0x0,0x0,0x0,0x0,0x0,0x0,
0x1d,0x0,0x0,0x0,0x65,0x0,0x78,0x0,
0x70,0x0,0x72,0x0,0x65,0x0,0x73,0x0,
0x73,0x0,0x69,0x0,0x6f,0x0,0x6e,0x0,
0x20,0x0,0x66,0x0,0x6f,0x0,0x72,0x0,
0x20,0x0,0x6f,0x0,0x6e,0x0,0x44,0x0,
0x6d,0x0,0x72,0x0,0x49,0x0,0x44,0x0,
0x43,0x0,0x68,0x0,0x61,0x0,0x6e,0x0,
0x67,0x0,0x65,0x0,0x64,0x0,0x0,0x0,
0x2,0x0,0x0,0x0,0x74,0x0,0x78,0x0,
0x0,0x0,0x0,0x0,0x0,0x0,0x0,0x0,
0x7,0x0,0x0,0x0,0x65,0x0,0x6e,0x0,
0x61,0x0,0x62,0x0,0x6c,0x0,0x65,0x0,
0x64,0x0,0x0,0x0,0x0,0x0,0x0,0x0,
0x8,0x0,0x0,0x0,0x63,0x0,0x65,0x0,
0x6e,0x0,0x74,0x0,0x65,0x0,0x72,0x0,
0x49,0x0,0x6e,0x0,0x0,0x0,0x0,0x0,
0x17,0x0,0x0,0x0,0x65,0x0,0x78,0x0,
0x70,0x0,0x72,0x0,0x65,0x0,0x73,0x0,
0x73,0x0,0x69,0x0,0x6f,0x0,0x6e,0x0,
0x20,0x0,0x66,0x0,0x6f,0x0,0x72,0x0,
0x20,0x0,0x63,0x0,0x65,0x0,0x6e,0x0,
0x74,0x0,0x65,0x0,0x72,0x0,0x49,0x0,
0x6e,0x0,0x0,0x0,0x0,0x0,0x0,0x0,
0x9,0x0,0x0,0x0,0x70,0x0,0x6f,0x0,
0x69,0x0,0x6e,0x0,0x74,0x0,0x53,0x0,
0x69,0x0,0x7a,0x0,0x65,0x0,0x0,0x0,
0x2,0x0,0x0,0x0,0x54,0x0,0x58,0x0,
0x0,0x0,0x0,0x0,0x0,0x0,0x0,0x0,
0x10,0x0,0x0,0x0,0x68,0x0,0x6f,0x0,
0x72,0x0,0x69,0x0,0x7a,0x0,0x6f,0x0,
0x6e,0x0,0x74,0x0,0x61,0x0,0x6c,0x0,
0x43,0x0,0x65,0x0,0x6e,0x0,0x74,0x0,
0x65,0x0,0x72,0x0,0x0,0x0,0x0,0x0,
0x1f,0x0,0x0,0x0,0x65,0x0,0x78,0x0,
0x70,0x0,0x72,0x0,0x65,0x0,0x73,0x0,
0x73,0x0,0x69,0x0,0x6f,0x0,0x6e,0x0,
0x20,0x0,0x66,0x0,0x6f,0x0,0x72,0x0,
0x20,0x0,0x68,0x0,0x6f,0x0,0x72,0x0,
0x69,0x0,0x7a,0x0,0x6f,0x0,0x6e,0x0,
0x74,0x0,0x61,0x0,0x6c,0x0,0x43,0x0,
0x65,0x0,0x6e,0x0,0x74,0x0,0x65,0x0,
0x72,0x0,0x0,0x0,0x0,0x0,0x0,0x0,
0x18,0x0,0x0,0x0,0x4e,0x0,0x6f,0x0,
0x74,0x0,0x20,0x0,0x43,0x0,0x6f,0x0,
0x6e,0x0,0x6e,0x0,0x65,0x0,0x63,0x0,
0x74,0x0,0x65,0x0,0x64,0x0,0x20,0x0,
0x74,0x0,0x6f,0x0,0x20,0x0,0x6e,0x0,
0x65,0x0,0x74,0x0,0x77,0x0,0x6f,0x0,
0x72,0x0,0x6b,0x0,0x0,0x0,0x0,0x0,
0xa,0x0,0x0,0x0,0x62,0x0,0x61,0x0,
0x63,0x0,0x6b,0x0,0x67,0x0,0x72,0x0,
0x6f,0x0,0x75,0x0,0x6e,0x0,0x64,0x0,
0x0,0x0,0x0,0x0,0x0,0x0,0x0,0x0,
0xa,0x0,0x0,0x0,0x6f,0x0,0x6e,0x0,
0x52,0x0,0x65,0x0,0x6c,0x0,0x65,0x0,
0x61,0x0,0x73,0x0,0x65,0x0,0x64,0x0,
0x0,0x0,0x0,0x0,0x0,0x0,0x0,0x0,
0x19,0x0,0x0,0x0,0x65,0x0,0x78,0x0,
0x70,0x0,0x72,0x0,0x65,0x0,0x73,0x0,
0x73,0x0,0x69,0x0,0x6f,0x0,0x6e,0x0,
0x20,0x0,0x66,0x0,0x6f,0x0,0x72,0x0,
0x20,0x0,0x6f,0x0,0x6e,0x0,0x52,0x0,
0x65,0x0,0x6c,0x0,0x65,0x0,0x61,0x0,
0x73,0x0,0x65,0x0,0x64,0x0,0x0,0x0,
0xa,0x0,0x0,0x0,0x6f,0x0,0x6e,0x0,
0x43,0x0,0x61,0x0,0x6e,0x0,0x63,0x0,
0x65,0x0,0x6c,0x0,0x65,0x0,0x64,0x0,
0x0,0x0,0x0,0x0,0x0,0x0,0x0,0x0,
0x19,0x0,0x0,0x0,0x65,0x0,0x78,0x0,
0x70,0x0,0x72,0x0,0x65,0x0,0x73,0x0,
0x73,0x0,0x69,0x0,0x6f,0x0,0x6e,0x0,
0x20,0x0,0x66,0x0,0x6f,0x0,0x72,0x0,
0x20,0x0,0x6f,0x0,0x6e,0x0,0x43,0x0,
0x61,0x0,0x6e,0x0,0x63,0x0,0x65,0x0,
0x6c,0x0,0x65,0x0,0x64,0x0,0x0,0x0,
0x9,0x0,0x0,0x0,0x55,0x0,0x53,0x0,
0x45,0x0,0x5f,0x0,0x46,0x0,0x4c,0x0,
0x49,0x0,0x54,0x0,0x45,0x0,0x0,0x0,
0x9,0x0,0x0,0x0,0x64,0x0,0x72,0x0,
0x6f,0x0,0x69,0x0,0x64,0x0,0x73,0x0,
0x74,0x0,0x61,0x0,0x72,0x0,0x0,0x0,
0xd,0x0,0x0,0x0,0x61,0x0,0x64,0x0,
0x64,0x0,0x52,0x0,0x65,0x0,0x63,0x0,
0x65,0x0,0x6e,0x0,0x74,0x0,0x54,0x0,
0x47,0x0,0x49,0x0,0x44,0x0,0x0,0x0,
0x5,0x0,0x0,0x0,0x63,0x0,0x6c,0x0,
0x65,0x0,0x61,0x0,0x72,0x0,0x0,0x0,
0xf,0x0,0x0,0x0,0x6c,0x0,0x6f,0x0,
0x61,0x0,0x64,0x0,0x52,0x0,0x65,0x0,
0x63,0x0,0x65,0x0,0x6e,0x0,0x74,0x0,
0x54,0x0,0x47,0x0,0x49,0x0,0x44,0x0,
0x73,0x0,0x0,0x0,0x0,0x0,0x0,0x0,
0x6,0x0,0x0,0x0,0x6c,0x0,0x65,0x0,
0x6e,0x0,0x67,0x0,0x74,0x0,0x68,0x0,
0x0,0x0,0x0,0x0,0x0,0x0,0x0,0x0,
0x6,0x0,0x0,0x0,0x61,0x0,0x70,0x0,
0x70,0x0,0x65,0x0,0x6e,0x0,0x64,0x0,
0x0,0x0,0x0,0x0,0x0,0x0,0x0,0x0,
0x10,0x0,0x0,0x0,0x63,0x0,0x6c,0x0,
0x65,0x0,0x61,0x0,0x72,0x0,0x52,0x0,
0x65,0x0,0x63,0x0,0x65,0x0,0x6e,0x0,
0x74,0x0,0x54,0x0,0x47,0x0,0x49,0x0,
0x44,0x0,0x73,0x0,0x0,0x0,0x0,0x0,
0xb,0x0,0x0,0x0,0x76,0x0,0x75,0x0,
0x69,0x0,0x64,0x0,0x55,0x0,0x70,0x0,
0x64,0x0,0x61,0x0,0x74,0x0,0x65,0x0,
0x72,0x0,0x0,0x0,0x0,0x0,0x0,0x0,
0x10,0x0,0x0,0x0,0x66,0x0,0x65,0x0,
0x74,0x0,0x63,0x0,0x68,0x0,0x65,0x0,
0x64,0x0,0x46,0x0,0x69,0x0,0x72,0x0,
0x73,0x0,0x74,0x0,0x4e,0x0,0x61,0x0,
0x6d,0x0,0x65,0x0,0x0,0x0,0x0,0x0,
0xe,0x0,0x0,0x0,0x66,0x0,0x65,0x0,
0x74,0x0,0x63,0x0,0x68,0x0,0x65,0x0,
0x64,0x0,0x43,0x0,0x6f,0x0,0x75,0x0,
0x6e,0x0,0x74,0x0,0x72,0x0,0x79,0x0,
0x0,0x0,0x0,0x0,0x0,0x0,0x0,0x0,
0x2,0x0,0x0,0x0,0x20,0x0,0x28,0x0,
0x0,0x0,0x0,0x0,0x0,0x0,0x0,0x0,
0x1,0x0,0x0,0x0,0x29,0x0,0x0,0x0,
0xb,0x0,0x0,0x0,0x63,0x0,0x75,0x0,
0x72,0x0,0x72,0x0,0x65,0x0,0x6e,0x0,
0x74,0x0,0x54,0x0,0x65,0x0,0x78,0x0,
0x74,0x0,0x0,0x0,0x0,0x0,0x0,0x0,
0x3,0x0,0x0,0x0,0x44,0x0,0x4d,0x0,
0x52,0x0,0x0,0x0,0x0,0x0,0x0,0x0,
0x7,0x0,0x0,0x0,0x72,0x0,0x65,0x0,
0x73,0x0,0x74,0x0,0x61,0x0,0x72,0x0,
0x74,0x0,0x0,0x0,0x0,0x0,0x0,0x0,
0x7,0x0,0x0,0x0,0x63,0x0,0x6f,0x0,
0x6e,0x0,0x73,0x0,0x6f,0x0,0x6c,0x0,
0x65,0x0,0x0,0x0,0x0,0x0,0x0,0x0,
0x3,0x0,0x0,0x0,0x6c,0x0,0x6f,0x0,
0x67,0x0,0x0,0x0,0x0,0x0,0x0,0x0,
0x28,0x0,0x0,0x0,0x44,0x0,0x4d,0x0,
0x52,0x0,0x20,0x0,0x49,0x0,0x44,0x0,
0x20,0x0,0x63,0x0,0x68,0x0,0x61,0x0,
0x6e,0x0,0x67,0x0,0x65,0x0,0x64,0x0,
0x2c,0x0,0x20,0x0,0x72,0x0,0x65,0x0,
0x73,0x0,0x74,0x0,0x61,0x0,0x72,0x0,
0x74,0x0,0x69,0x0,0x6e,0x0,0x67,0x0,
0x20,0x0,0x75,0x0,0x70,0x0,0x64,0x0,
0x61,0x0,0x74,0x0,0x65,0x0,0x20,0x0,
0x74,0x0,0x69,0x0,0x6d,0x0,0x65,0x0,
0x72,0x0,0x2e,0x0,0x0,0x0,0x0,0x0,
0x6,0x0,0x0,0x0,0x71,0x0,0x73,0x0,
0x6f,0x0,0x54,0x0,0x61,0x0,0x62,0x0,
0x0,0x0,0x0,0x0,0x0,0x0,0x0,0x0,
0x3a,0x0,0x0,0x0,0x44,0x0,0x61,0x0,
0x74,0x0,0x61,0x0,0x32,0x0,0x20,0x0,
0x68,0x0,0x61,0x0,0x73,0x0,0x20,0x0,
0x62,0x0,0x65,0x0,0x65,0x0,0x6e,0x0,
0x20,0x0,0x65,0x0,0x6d,0x0,0x70,0x0,
0x74,0x0,0x79,0x0,0x20,0x0,0x66,0x0,
0x6f,0x0,0x72,0x0,0x20,0x0,0x35,0x0,
0x30,0x0,0x30,0x0,0x73,0x0,0x2c,0x0,
0x20,0x0,0x63,0x0,0x6c,0x0,0x65,0x0,
0x61,0x0,0x72,0x0,0x69,0x0,0x6e,0x0,
0x67,0x0,0x20,0x0,0x66,0x0,0x69,0x0,
0x72,0x0,0x73,0x0,0x74,0x0,0x20,0x0,
0x6e,0x0,0x61,0x0,0x6d,0x0,0x65,0x0,
0x20,0x0,0x64,0x0,0x69,0x0,0x73,0x0,
0x70,0x0,0x6c,0x0,0x61,0x0,0x79,0x0,
0x0,0x0,0x0,0x0,0x0,0x0,0x0,0x0,
0xd,0x0,0x0,0x0,0x4b,0x0,0x65,0x0,
0x79,0x0,0x20,0x0,0x70,0x0,0x72,0x0,
0x65,0x0,0x73,0x0,0x73,0x0,0x65,0x0,
0x64,0x0,0x3a,0x0,0x20,0x0,0x0,0x0,
0x5,0x0,0x0,0x0,0x65,0x0,0x76,0x0,
0x65,0x0,0x6e,0x0,0x74,0x0,0x0,0x0,
0x3,0x0,0x0,0x0,0x6b,0x0,0x65,0x0,
0x79,0x0,0x0,0x0,0x0,0x0,0x0,0x0,
0x6,0x0,0x0,0x0,0x70,0x0,0x61,0x0,
0x72,0x0,0x65,0x0,0x6e,0x0,0x74,0x0,
0x0,0x0,0x0,0x0,0x0,0x0,0x0,0x0,
0xc,0x0,0x0,0x0,0x41,0x0,0x6c,0x0,
0x69,0x0,0x67,0x0,0x6e,0x0,0x56,0x0,
0x43,0x0,0x65,0x0,0x6e,0x0,0x74,0x0,
0x65,0x0,0x72,0x0,0x0,0x0,0x0,0x0,
0xc,0x0,0x0,0x0,0x41,0x0,0x6c,0x0,
0x69,0x0,0x67,0x0,0x6e,0x0,0x48,0x0,
0x43,0x0,0x65,0x0,0x6e,0x0,0x74,0x0,
0x65,0x0,0x72,0x0,0x0,0x0,0x0,0x0,
0x5,0x0,0x0,0x0,0x69,0x0,0x6e,0x0,
0x64,0x0,0x65,0x0,0x78,0x0,0x0,0x0,
0x5,0x0,0x0,0x0,0x63,0x0,0x6c,0x0,
0x6f,0x0,0x73,0x0,0x65,0x0,0x0,0x0,
0x3c,0x0,0x0,0x0,0x64,0x0,0x72,0x0,
0x6f,0x0,0x69,0x0,0x64,0x0,0x73,0x0,
0x74,0x0,0x61,0x0,0x72,0x0,0x2e,0x0,
0x74,0x0,0x67,0x0,0x69,0x0,0x64,0x0,
0x5f,0x0,0x74,0x0,0x65,0x0,0x78,0x0,
0x74,0x0,0x5f,0x0,0x63,0x0,0x68,0x0,
0x61,0x0,0x6e,0x0,0x67,0x0,0x65,0x0,
0x64,0x0,0x20,0x0,0x63,0x0,0x61,0x0,
0x6c,0x0,0x6c,0x0,0x65,0x0,0x64,0x0,
0x20,0x0,0x66,0x0,0x72,0x0,0x6f,0x0,
0x6d,0x0,0x20,0x0,0x6f,0x0,0x6e,0x0,
0x43,0x0,0x6c,0x0,0x69,0x0,0x63,0x0,
0x6b,0x0,0x65,0x0,0x64,0x0,0x20,0x0,
0x77,0x0,0x69,0x0,0x74,0x0,0x68,0x0,
0x20,0x0,0x54,0x0,0x47,0x0,0x49,0x0,
0x44,0x0,0x3a,0x0,0x0,0x0,0x0,0x0,
0x11,0x0,0x0,0x0,0x74,0x0,0x67,0x0,
0x69,0x0,0x64,0x0,0x5f,0x0,0x74,0x0,
0x65,0x0,0x78,0x0,0x74,0x0,0x5f,0x0,
0x63,0x0,0x68,0x0,0x61,0x0,0x6e,0x0,
0x67,0x0,0x65,0x0,0x64,0x0,0x0,0x0,
0x10,0x0,0x0,0x0,0x73,0x0,0x65,0x0,
0x74,0x0,0x5f,0x0,0x6f,0x0,0x75,0x0,
0x74,0x0,0x70,0x0,0x75,0x0,0x74,0x0,
0x5f,0x0,0x6c,0x0,0x65,0x0,0x76,0x0,
0x65,0x0,0x6c,0x0,0x0,0x0,0x0,0x0,
0x10,0x0,0x0,0x0,0x67,0x0,0x65,0x0,
0x74,0x0,0x5f,0x0,0x6f,0x0,0x75,0x0,
0x74,0x0,0x70,0x0,0x75,0x0,0x74,0x0,
0x5f,0x0,0x6c,0x0,0x65,0x0,0x76,0x0,
0x65,0x0,0x6c,0x0,0x0,0x0,0x0,0x0,
0x7,0x0,0x0,0x0,0x4d,0x0,0x6f,0x0,
0x64,0x0,0x65,0x0,0x2e,0x0,0x2e,0x0,
0x2e,0x0,0x0,0x0,0x0,0x0,0x0,0x0,
0x3,0x0,0x0,0x0,0x4d,0x0,0x31,0x0,
0x37,0x0,0x0,0x0,0x0,0x0,0x0,0x0,
0x3,0x0,0x0,0x0,0x59,0x0,0x53,0x0,
0x46,0x0,0x0,0x0,0x0,0x0,0x0,0x0,
0x3,0x0,0x0,0x0,0x46,0x0,0x43,0x0,
0x53,0x0,0x0,0x0,0x0,0x0,0x0,0x0,
0x3,0x0,0x0,0x0,0x50,0x0,0x32,0x0,
0x35,0x0,0x0,0x0,0x0,0x0,0x0,0x0,
0x4,0x0,0x0,0x0,0x4e,0x0,0x58,0x0,
0x44,0x0,0x4e,0x0,0x0,0x0,0x0,0x0,
0x3,0x0,0x0,0x0,0x52,0x0,0x45,0x0,
0x46,0x0,0x0,0x0,0x0,0x0,0x0,0x0,
0x3,0x0,0x0,0x0,0x58,0x0,0x52,0x0,
0x46,0x0,0x0,0x0,0x0,0x0,0x0,0x0,
0x3,0x0,0x0,0x0,0x44,0x0,0x43,0x0,
0x53,0x0,0x0,0x0,0x0,0x0,0x0,0x0,
0x3,0x0,0x0,0x0,0x49,0x0,0x41,0x0,
0x58,0x0,0x0,0x0,0x0,0x0,0x0,0x0,
0x13,0x0,0x0,0x0,0x70,0x0,0x72,0x0,
0x6f,0x0,0x63,0x0,0x65,0x0,0x73,0x0,
0x73,0x0,0x5f,0x0,0x6d,0x0,0x6f,0x0,
0x64,0x0,0x65,0x0,0x5f,0x0,0x63,0x0,
0x68,0x0,0x61,0x0,0x6e,0x0,0x67,0x0,
0x65,0x0,0x0,0x0,0x0,0x0,0x0,0x0,
0x8,0x0,0x0,0x0,0x64,0x0,0x61,0x0,
0x72,0x0,0x6b,0x0,0x67,0x0,0x72,0x0,
0x65,0x0,0x79,0x0,0x0,0x0,0x0,0x0,
0x2,0x0,0x0,0x0,0x53,0x0,0x31,0x0,
0x0,0x0,0x0,0x0,0x0,0x0,0x0,0x0,
0x2,0x0,0x0,0x0,0x53,0x0,0x32,0x0,
0x0,0x0,0x0,0x0,0x0,0x0,0x0,0x0,
0x8,0x0,0x0,0x0,0x73,0x0,0x65,0x0,
0x74,0x0,0x5f,0x0,0x73,0x0,0x6c,0x0,
0x6f,0x0,0x74,0x0,0x0,0x0,0x0,0x0,
0x3,0x0,0x0,0x0,0x43,0x0,0x43,0x0,
0x30,0x0,0x0,0x0,0x0,0x0,0x0,0x0,
0x3,0x0,0x0,0x0,0x43,0x0,0x43,0x0,
0x31,0x0,0x0,0x0,0x0,0x0,0x0,0x0,
0x3,0x0,0x0,0x0,0x43,0x0,0x43,0x0,
0x32,0x0,0x0,0x0,0x0,0x0,0x0,0x0,
0x3,0x0,0x0,0x0,0x43,0x0,0x43,0x0,
0x33,0x0,0x0,0x0,0x0,0x0,0x0,0x0,
0x3,0x0,0x0,0x0,0x43,0x0,0x43,0x0,
0x34,0x0,0x0,0x0,0x0,0x0,0x0,0x0,
0x3,0x0,0x0,0x0,0x43,0x0,0x43,0x0,
0x35,0x0,0x0,0x0,0x0,0x0,0x0,0x0,
0x3,0x0,0x0,0x0,0x43,0x0,0x43,0x0,
0x36,0x0,0x0,0x0,0x0,0x0,0x0,0x0,
0x3,0x0,0x0,0x0,0x43,0x0,0x43,0x0,
0x37,0x0,0x0,0x0,0x0,0x0,0x0,0x0,
0x3,0x0,0x0,0x0,0x43,0x0,0x43,0x0,
0x38,0x0,0x0,0x0,0x0,0x0,0x0,0x0,
0x3,0x0,0x0,0x0,0x43,0x0,0x43,0x0,
0x39,0x0,0x0,0x0,0x0,0x0,0x0,0x0,
0x4,0x0,0x0,0x0,0x43,0x0,0x43,0x0,
0x31,0x0,0x30,0x0,0x0,0x0,0x0,0x0,
0x4,0x0,0x0,0x0,0x43,0x0,0x43,0x0,
0x31,0x0,0x31,0x0,0x0,0x0,0x0,0x0,
0x4,0x0,0x0,0x0,0x43,0x0,0x43,0x0,
0x31,0x0,0x32,0x0,0x0,0x0,0x0,0x0,
0x4,0x0,0x0,0x0,0x43,0x0,0x43,0x0,
0x31,0x0,0x33,0x0,0x0,0x0,0x0,0x0,
0x4,0x0,0x0,0x0,0x43,0x0,0x43,0x0,
0x31,0x0,0x34,0x0,0x0,0x0,0x0,0x0,
0x4,0x0,0x0,0x0,0x43,0x0,0x43,0x0,
0x31,0x0,0x35,0x0,0x0,0x0,0x0,0x0,
0x6,0x0,0x0,0x0,0x73,0x0,0x65,0x0,
0x74,0x0,0x5f,0x0,0x63,0x0,0x63,0x0,
0x0,0x0,0x0,0x0,0x0,0x0,0x0,0x0,
0xc,0x0,0x0,0x0,0x73,0x0,0x65,0x0,
0x74,0x0,0x5f,0x0,0x63,0x0,0x61,0x0,
0x6c,0x0,0x6c,0x0,0x73,0x0,0x69,0x0,
0x67,0x0,0x6e,0x0,0x0,0x0,0x0,0x0,
0xb,0x0,0x0,0x0,0x73,0x0,0x65,0x0,
0x74,0x0,0x74,0x0,0x69,0x0,0x6e,0x0,
0x67,0x0,0x73,0x0,0x54,0x0,0x61,0x0,
0x62,0x0,0x0,0x0,0x0,0x0,0x0,0x0,
0xc,0x0,0x0,0x0,0x63,0x0,0x61,0x0,
0x6c,0x0,0x6c,0x0,0x73,0x0,0x69,0x0,
0x67,0x0,0x6e,0x0,0x45,0x0,0x64,0x0,
0x69,0x0,0x74,0x0,0x0,0x0,0x0,0x0,
0xb,0x0,0x0,0x0,0x74,0x0,0x6f,0x0,
0x55,0x0,0x70,0x0,0x70,0x0,0x65,0x0,
0x72,0x0,0x43,0x0,0x61,0x0,0x73,0x0,
0x65,0x0,0x0,0x0,0x0,0x0,0x0,0x0,
0xa,0x0,0x0,0x0,0x73,0x0,0x65,0x0,
0x74,0x0,0x5f,0x0,0x6d,0x0,0x6f,0x0,
0x64,0x0,0x75,0x0,0x6c,0x0,0x65,0x0,
0x0,0x0,0x0,0x0,0x0,0x0,0x0,0x0,
0xc,0x0,0x0,0x0,0x73,0x0,0x65,0x0,
0x74,0x0,0x5f,0x0,0x70,0x0,0x72,0x0,
0x6f,0x0,0x74,0x0,0x6f,0x0,0x63,0x0,
0x6f,0x0,0x6c,0x0,0x0,0x0,0x0,0x0,
0xb,0x0,0x0,0x0,0x73,0x0,0x65,0x0,
0x74,0x0,0x5f,0x0,0x64,0x0,0x6d,0x0,
0x72,0x0,0x74,0x0,0x67,0x0,0x69,0x0,
0x64,0x0,0x0,0x0,0x0,0x0,0x0,0x0,
0x9,0x0,0x0,0x0,0x73,0x0,0x65,0x0,
0x74,0x0,0x5f,0x0,0x64,0x0,0x6d,0x0,
0x72,0x0,0x69,0x0,0x64,0x0,0x0,0x0,
0x9,0x0,0x0,0x0,0x64,0x0,0x6d,0x0,
0x72,0x0,0x69,0x0,0x64,0x0,0x45,0x0,
0x64,0x0,0x69,0x0,0x74,0x0,0x0,0x0,
0x9,0x0,0x0,0x0,0x73,0x0,0x65,0x0,
0x74,0x0,0x5f,0x0,0x65,0x0,0x73,0x0,
0x73,0x0,0x69,0x0,0x64,0x0,0x0,0x0,
0xa,0x0,0x0,0x0,0x63,0x0,0x6f,0x0,
0x6d,0x0,0x62,0x0,0x6f,0x0,0x45,0x0,
0x73,0x0,0x73,0x0,0x69,0x0,0x64,0x0,
0x0,0x0,0x0,0x0,0x0,0x0,0x0,0x0,
0xf,0x0,0x0,0x0,0x73,0x0,0x65,0x0,
0x74,0x0,0x5f,0x0,0x62,0x0,0x6d,0x0,
0x5f,0x0,0x70,0x0,0x61,0x0,0x73,0x0,
0x73,0x0,0x77,0x0,0x6f,0x0,0x72,0x0,
0x64,0x0,0x0,0x0,0x0,0x0,0x0,0x0,
0x8,0x0,0x0,0x0,0x62,0x0,0x6d,0x0,
0x70,0x0,0x77,0x0,0x45,0x0,0x64,0x0,
0x69,0x0,0x74,0x0,0x0,0x0,0x0,0x0,
0x11,0x0,0x0,0x0,0x73,0x0,0x65,0x0,
0x74,0x0,0x5f,0x0,0x74,0x0,0x67,0x0,
0x69,0x0,0x66,0x0,0x5f,0x0,0x70,0x0,
0x61,0x0,0x73,0x0,0x73,0x0,0x77,0x0,
0x6f,0x0,0x72,0x0,0x64,0x0,0x0,0x0,
0xa,0x0,0x0,0x0,0x74,0x0,0x67,0x0,
0x69,0x0,0x66,0x0,0x70,0x0,0x77,0x0,
0x45,0x0,0x64,0x0,0x69,0x0,0x74,0x0,
0x0,0x0,0x0,0x0,0x0,0x0,0x0,0x0,
0xc,0x0,0x0,0x0,0x73,0x0,0x65,0x0,
0x74,0x0,0x5f,0x0,0x6c,0x0,0x61,0x0,
0x74,0x0,0x69,0x0,0x74,0x0,0x75,0x0,
0x64,0x0,0x65,0x0,0x0,0x0,0x0,0x0,
0x7,0x0,0x0,0x0,0x6c,0x0,0x61,0x0,
0x74,0x0,0x45,0x0,0x64,0x0,0x69,0x0,
0x74,0x0,0x0,0x0,0x0,0x0,0x0,0x0,
0xd,0x0,0x0,0x0,0x73,0x0,0x65,0x0,
0x74,0x0,0x5f,0x0,0x6c,0x0,0x6f,0x0,
0x6e,0x0,0x67,0x0,0x69,0x0,0x74,0x0,
0x75,0x0,0x64,0x0,0x65,0x0,0x0,0x0,
0x7,0x0,0x0,0x0,0x6c,0x0,0x6f,0x0,
0x6e,0x0,0x45,0x0,0x64,0x0,0x69,0x0,
0x74,0x0,0x0,0x0,0x0,0x0,0x0,0x0,
0xc,0x0,0x0,0x0,0x73,0x0,0x65,0x0,
0x74,0x0,0x5f,0x0,0x6c,0x0,0x6f,0x0,
0x63,0x0,0x61,0x0,0x74,0x0,0x69,0x0,
0x6f,0x0,0x6e,0x0,0x0,0x0,0x0,0x0,
0x7,0x0,0x0,0x0,0x6c,0x0,0x6f,0x0,
0x63,0x0,0x45,0x0,0x64,0x0,0x69,0x0,
0x74,0x0,0x0,0x0,0x0,0x0,0x0,0x0,
0xf,0x0,0x0,0x0,0x73,0x0,0x65,0x0,
0x74,0x0,0x5f,0x0,0x64,0x0,0x65,0x0,
0x73,0x0,0x63,0x0,0x72,0x0,0x69,0x0,
0x70,0x0,0x74,0x0,0x69,0x0,0x6f,0x0,
0x6e,0x0,0x0,0x0,0x0,0x0,0x0,0x0,
0x8,0x0,0x0,0x0,0x64,0x0,0x65,0x0,
0x73,0x0,0x63,0x0,0x45,0x0,0x64,0x0,
0x69,0x0,0x74,0x0,0x0,0x0,0x0,0x0,
0x7,0x0,0x0,0x0,0x73,0x0,0x65,0x0,
0x74,0x0,0x5f,0x0,0x75,0x0,0x72,0x0,
0x6c,0x0,0x0,0x0,0x0,0x0,0x0,0x0,
0x7,0x0,0x0,0x0,0x75,0x0,0x72,0x0,
0x6c,0x0,0x45,0x0,0x64,0x0,0x69,0x0,
0x74,0x0,0x0,0x0,0x0,0x0,0x0,0x0,
0x8,0x0,0x0,0x0,0x73,0x0,0x65,0x0,
0x74,0x0,0x5f,0x0,0x73,0x0,0x77,0x0,
0x69,0x0,0x64,0x0,0x0,0x0,0x0,0x0,
0x8,0x0,0x0,0x0,0x73,0x0,0x77,0x0,
0x69,0x0,0x64,0x0,0x45,0x0,0x64,0x0,
0x69,0x0,0x74,0x0,0x0,0x0,0x0,0x0,
0x9,0x0,0x0,0x0,0x73,0x0,0x65,0x0,
0x74,0x0,0x5f,0x0,0x70,0x0,0x6b,0x0,
0x67,0x0,0x69,0x0,0x64,0x0,0x0,0x0,
0x9,0x0,0x0,0x0,0x70,0x0,0x6b,0x0,
0x67,0x0,0x69,0x0,0x64,0x0,0x45,0x0,
0x64,0x0,0x69,0x0,0x74,0x0,0x0,0x0,
0xf,0x0,0x0,0x0,0x73,0x0,0x65,0x0,
0x74,0x0,0x5f,0x0,0x64,0x0,0x6d,0x0,
0x72,0x0,0x5f,0x0,0x6f,0x0,0x70,0x0,
0x74,0x0,0x69,0x0,0x6f,0x0,0x6e,0x0,
0x73,0x0,0x0,0x0,0x0,0x0,0x0,0x0,
0xb,0x0,0x0,0x0,0x64,0x0,0x6d,0x0,
0x72,0x0,0x6f,0x0,0x70,0x0,0x74,0x0,
0x73,0x0,0x45,0x0,0x64,0x0,0x69,0x0,
0x74,0x0,0x0,0x0,0x0,0x0,0x0,0x0,
0xa,0x0,0x0,0x0,0x73,0x0,0x65,0x0,
0x74,0x0,0x5f,0x0,0x64,0x0,0x6d,0x0,
0x72,0x0,0x5f,0x0,0x70,0x0,0x63,0x0,
0x0,0x0,0x0,0x0,0x0,0x0,0x0,0x0,
0xd,0x0,0x0,0x0,0x73,0x0,0x65,0x0,
0x74,0x0,0x5f,0x0,0x74,0x0,0x78,0x0,
0x74,0x0,0x69,0x0,0x6d,0x0,0x65,0x0,
0x6f,0x0,0x75,0x0,0x74,0x0,0x0,0x0,
0xb,0x0,0x0,0x0,0x74,0x0,0x78,0x0,
0x74,0x0,0x69,0x0,0x6d,0x0,0x65,0x0,
0x72,0x0,0x45,0x0,0x64,0x0,0x69,0x0,
0x74,0x0,0x0,0x0,0x0,0x0,0x0,0x0,
0xb,0x0,0x0,0x0,0x73,0x0,0x65,0x0,
0x74,0x0,0x5f,0x0,0x78,0x0,0x72,0x0,
0x66,0x0,0x32,0x0,0x72,0x0,0x65,0x0,
0x66,0x0,0x0,0x0,0x0,0x0,0x0,0x0,
0x7,0x0,0x0,0x0,0x78,0x0,0x72,0x0,
0x66,0x0,0x32,0x0,0x72,0x0,0x65,0x0,
0x66,0x0,0x0,0x0,0x0,0x0,0x0,0x0,
0x8,0x0,0x0,0x0,0x73,0x0,0x65,0x0,
0x74,0x0,0x5f,0x0,0x69,0x0,0x70,0x0,
0x76,0x0,0x36,0x0,0x0,0x0,0x0,0x0,
0x4,0x0,0x0,0x0,0x69,0x0,0x70,0x0,
0x76,0x0,0x36,0x0,0x0,0x0,0x0,0x0,
0xb,0x0,0x0,0x0,0x73,0x0,0x65,0x0,
0x74,0x0,0x5f,0x0,0x76,0x0,0x6f,0x0,
0x63,0x0,0x6f,0x0,0x64,0x0,0x65,0x0,
0x72,0x0,0x0,0x0,0x0,0x0,0x0,0x0,
0xc,0x0,0x0,0x0,0x63,0x0,0x6f,0x0,
0x6d,0x0,0x62,0x0,0x6f,0x0,0x56,0x0,
0x6f,0x0,0x63,0x0,0x6f,0x0,0x64,0x0,
0x65,0x0,0x72,0x0,0x0,0x0,0x0,0x0,
0x9,0x0,0x0,0x0,0x73,0x0,0x65,0x0,
0x74,0x0,0x5f,0x0,0x6d,0x0,0x6f,0x0,
0x64,0x0,0x65,0x0,0x6d,0x0,0x0,0x0,
0xa,0x0,0x0,0x0,0x63,0x0,0x6f,0x0,
0x6d,0x0,0x62,0x0,0x6f,0x0,0x4d,0x0,
0x6f,0x0,0x64,0x0,0x65,0x0,0x6d,0x0,
0x0,0x0,0x0,0x0,0x0,0x0,0x0,0x0,
0xc,0x0,0x0,0x0,0x73,0x0,0x65,0x0,
0x74,0x0,0x5f,0x0,0x70,0x0,0x6c,0x0,
0x61,0x0,0x79,0x0,0x62,0x0,0x61,0x0,
0x63,0x0,0x6b,0x0,0x0,0x0,0x0,0x0,
0xd,0x0,0x0,0x0,0x63,0x0,0x6f,0x0,
0x6d,0x0,0x62,0x0,0x6f,0x0,0x50,0x0,
0x6c,0x0,0x61,0x0,0x79,0x0,0x62,0x0,
0x61,0x0,0x63,0x0,0x6b,0x0,0x0,0x0,
0xb,0x0,0x0,0x0,0x73,0x0,0x65,0x0,
0x74,0x0,0x5f,0x0,0x63,0x0,0x61,0x0,
0x70,0x0,0x74,0x0,0x75,0x0,0x72,0x0,
0x65,0x0,0x0,0x0,0x0,0x0,0x0,0x0,
0xc,0x0,0x0,0x0,0x63,0x0,0x6f,0x0,
0x6d,0x0,0x62,0x0,0x6f,0x0,0x43,0x0,
0x61,0x0,0x70,0x0,0x74,0x0,0x75,0x0,
0x72,0x0,0x65,0x0,0x0,0x0,0x0,0x0,
0xf,0x0,0x0,0x0,0x73,0x0,0x65,0x0,
0x74,0x0,0x5f,0x0,0x6d,0x0,0x6f,0x0,
0x64,0x0,0x65,0x0,0x6d,0x0,0x52,0x0,
0x78,0x0,0x46,0x0,0x72,0x0,0x65,0x0,
0x71,0x0,0x0,0x0,0x0,0x0,0x0,0x0,
0xf,0x0,0x0,0x0,0x6d,0x0,0x6f,0x0,
0x64,0x0,0x65,0x0,0x6d,0x0,0x52,0x0,
0x58,0x0,0x46,0x0,0x72,0x0,0x65,0x0,
0x71,0x0,0x45,0x0,0x64,0x0,0x69,0x0,
0x74,0x0,0x0,0x0,0x0,0x0,0x0,0x0,
0xf,0x0,0x0,0x0,0x73,0x0,0x65,0x0,
0x74,0x0,0x5f,0x0,0x6d,0x0,0x6f,0x0,
0x64,0x0,0x65,0x0,0x6d,0x0,0x54,0x0,
0x78,0x0,0x46,0x0,0x72,0x0,0x65,0x0,
0x71,0x0,0x0,0x0,0x0,0x0,0x0,0x0,
0xf,0x0,0x0,0x0,0x6d,0x0,0x6f,0x0,
0x64,0x0,0x65,0x0,0x6d,0x0,0x54,0x0,
0x58,0x0,0x46,0x0,0x72,0x0,0x65,0x0,
0x71,0x0,0x45,0x0,0x64,0x0,0x69,0x0,
0x74,0x0,0x0,0x0,0x0,0x0,0x0,0x0,
0x11,0x0,0x0,0x0,0x73,0x0,0x65,0x0,
0x74,0x0,0x5f,0x0,0x6d,0x0,0x6f,0x0,
0x64,0x0,0x65,0x0,0x6d,0x0,0x52,0x0,
0x78,0x0,0x4f,0x0,0x66,0x0,0x66,0x0,
0x73,0x0,0x65,0x0,0x74,0x0,0x0,0x0,
0x11,0x0,0x0,0x0,0x6d,0x0,0x6f,0x0,
0x64,0x0,0x65,0x0,0x6d,0x0,0x52,0x0,
0x58,0x0,0x4f,0x0,0x66,0x0,0x66,0x0,
0x73,0x0,0x65,0x0,0x74,0x0,0x45,0x0,
0x64,0x0,0x69,0x0,0x74,0x0,0x0,0x0,
0x11,0x0,0x0,0x0,0x73,0x0,0x65,0x0,
0x74,0x0,0x5f,0x0,0x6d,0x0,0x6f,0x0,
0x64,0x0,0x65,0x0,0x6d,0x0,0x54,0x0,
0x78,0x0,0x4f,0x0,0x66,0x0,0x66,0x0,
0x73,0x0,0x65,0x0,0x74,0x0,0x0,0x0,
0x11,0x0,0x0,0x0,0x6d,0x0,0x6f,0x0,
0x64,0x0,0x65,0x0,0x6d,0x0,0x54,0x0,
0x58,0x0,0x4f,0x0,0x66,0x0,0x66,0x0,
0x73,0x0,0x65,0x0,0x74,0x0,0x45,0x0,
0x64,0x0,0x69,0x0,0x74,0x0,0x0,0x0,
0x13,0x0,0x0,0x0,0x73,0x0,0x65,0x0,
0x74,0x0,0x5f,0x0,0x6d,0x0,0x6f,0x0,
0x64,0x0,0x65,0x0,0x6d,0x0,0x52,0x0,
0x78,0x0,0x44,0x0,0x43,0x0,0x4f,0x0,
0x66,0x0,0x66,0x0,0x73,0x0,0x65,0x0,
0x74,0x0,0x0,0x0,0x0,0x0,0x0,0x0,
0x13,0x0,0x0,0x0,0x6d,0x0,0x6f,0x0,
0x64,0x0,0x65,0x0,0x6d,0x0,0x52,0x0,
0x58,0x0,0x44,0x0,0x43,0x0,0x4f,0x0,
0x66,0x0,0x66,0x0,0x73,0x0,0x65,0x0,
0x74,0x0,0x45,0x0,0x64,0x0,0x69,0x0,
0x74,0x0,0x0,0x0,0x0,0x0,0x0,0x0,
0x13,0x0,0x0,0x0,0x73,0x0,0x65,0x0,
0x74,0x0,0x5f,0x0,0x6d,0x0,0x6f,0x0,
0x64,0x0,0x65,0x0,0x6d,0x0,0x54,0x0,
0x78,0x0,0x44,0x0,0x43,0x0,0x4f,0x0,
0x66,0x0,0x66,0x0,0x73,0x0,0x65,0x0,
0x74,0x0,0x0,0x0,0x0,0x0,0x0,0x0,
0x13,0x0,0x0,0x0,0x6d,0x0,0x6f,0x0,
0x64,0x0,0x65,0x0,0x6d,0x0,0x54,0x0,
0x58,0x0,0x44,0x0,0x43,0x0,0x4f,0x0,
0x66,0x0,0x66,0x0,0x73,0x0,0x65,0x0,
0x74,0x0,0x45,0x0,0x64,0x0,0x69,0x0,
0x74,0x0,0x0,0x0,0x0,0x0,0x0,0x0,
0x10,0x0,0x0,0x0,0x73,0x0,0x65,0x0,
0x74,0x0,0x5f,0x0,0x6d,0x0,0x6f,0x0,
0x64,0x0,0x65,0x0,0x6d,0x0,0x52,0x0,
0x78,0x0,0x4c,0x0,0x65,0x0,0x76,0x0,
0x65,0x0,0x6c,0x0,0x0,0x0,0x0,0x0,
0x10,0x0,0x0,0x0,0x6d,0x0,0x6f,0x0,
0x64,0x0,0x65,0x0,0x6d,0x0,0x52,0x0,
0x58,0x0,0x4c,0x0,0x65,0x0,0x76,0x0,
0x65,0x0,0x6c,0x0,0x45,0x0,0x64,0x0,
0x69,0x0,0x74,0x0,0x0,0x0,0x0,0x0,
0x10,0x0,0x0,0x0,0x73,0x0,0x65,0x0,
0x74,0x0,0x5f,0x0,0x6d,0x0,0x6f,0x0,
0x64,0x0,0x65,0x0,0x6d,0x0,0x54,0x0,
0x78,0x0,0x4c,0x0,0x65,0x0,0x76,0x0,
0x65,0x0,0x6c,0x0,0x0,0x0,0x0,0x0,
0x10,0x0,0x0,0x0,0x73,0x0,0x65,0x0,
0x74,0x0,0x5f,0x0,0x6d,0x0,0x6f,0x0,
0x64,0x0,0x65,0x0,0x6d,0x0,0x52,0x0,
0x46,0x0,0x4c,0x0,0x65,0x0,0x76,0x0,
0x65,0x0,0x6c,0x0,0x0,0x0,0x0,0x0,
0x10,0x0,0x0,0x0,0x6d,0x0,0x6f,0x0,
0x64,0x0,0x65,0x0,0x6d,0x0,0x52,0x0,
0x46,0x0,0x4c,0x0,0x65,0x0,0x76,0x0,
0x65,0x0,0x6c,0x0,0x45,0x0,0x64,0x0,
0x69,0x0,0x74,0x0,0x0,0x0,0x0,0x0,
0x10,0x0,0x0,0x0,0x73,0x0,0x65,0x0,
0x74,0x0,0x5f,0x0,0x6d,0x0,0x6f,0x0,
0x64,0x0,0x65,0x0,0x6d,0x0,0x54,0x0,
0x78,0x0,0x44,0x0,0x65,0x0,0x6c,0x0,
0x61,0x0,0x79,0x0,0x0,0x0,0x0,0x0,
0x10,0x0,0x0,0x0,0x6d,0x0,0x6f,0x0,
0x64,0x0,0x65,0x0,0x6d,0x0,0x54,0x0,
0x58,0x0,0x44,0x0,0x65,0x0,0x6c,0x0,
0x61,0x0,0x79,0x0,0x45,0x0,0x64,0x0,
0x69,0x0,0x74,0x0,0x0,0x0,0x0,0x0,
0x14,0x0,0x0,0x0,0x73,0x0,0x65,0x0,
0x74,0x0,0x5f,0x0,0x6d,0x0,0x6f,0x0,
0x64,0x0,0x65,0x0,0x6d,0x0,0x43,0x0,
0x57,0x0,0x49,0x0,0x64,0x0,0x54,0x0,
0x78,0x0,0x4c,0x0,0x65,0x0,0x76,0x0,
0x65,0x0,0x6c,0x0,0x0,0x0,0x0,0x0,
0x14,0x0,0x0,0x0,0x6d,0x0,0x6f,0x0,
0x64,0x0,0x65,0x0,0x6d,0x0,0x43,0x0,
0x57,0x0,0x49,0x0,0x64,0x0,0x54,0x0,
0x58,0x0,0x4c,0x0,0x65,0x0,0x76,0x0,
0x65,0x0,0x6c,0x0,0x45,0x0,0x64,0x0,
0x69,0x0,0x74,0x0,0x0,0x0,0x0,0x0,
0x15,0x0,0x0,0x0,0x73,0x0,0x65,0x0,
0x74,0x0,0x5f,0x0,0x6d,0x0,0x6f,0x0,
0x64,0x0,0x65,0x0,0x6d,0x0,0x44,0x0,
0x73,0x0,0x74,0x0,0x61,0x0,0x72,0x0,
0x54,0x0,0x78,0x0,0x4c,0x0,0x65,0x0,
0x76,0x0,0x65,0x0,0x6c,0x0,0x0,0x0,
0x15,0x0,0x0,0x0,0x6d,0x0,0x6f,0x0,
0x64,0x0,0x65,0x0,0x6d,0x0,0x44,0x0,
0x53,0x0,0x74,0x0,0x61,0x0,0x72,0x0,
0x54,0x0,0x58,0x0,0x4c,0x0,0x65,0x0,
0x76,0x0,0x65,0x0,0x6c,0x0,0x45,0x0,
0x64,0x0,0x69,0x0,0x74,0x0,0x0,0x0,
0x13,0x0,0x0,0x0,0x73,0x0,0x65,0x0,
0x74,0x0,0x5f,0x0,0x6d,0x0,0x6f,0x0,
0x64,0x0,0x65,0x0,0x6d,0x0,0x44,0x0,
0x4d,0x0,0x52,0x0,0x54,0x0,0x78,0x0,
0x4c,0x0,0x65,0x0,0x76,0x0,0x65,0x0,
0x6c,0x0,0x0,0x0,0x0,0x0,0x0,0x0,
0x13,0x0,0x0,0x0,0x6d,0x0,0x6f,0x0,
0x64,0x0,0x65,0x0,0x6d,0x0,0x44,0x0,
0x4d,0x0,0x52,0x0,0x54,0x0,0x58,0x0,
0x4c,0x0,0x65,0x0,0x76,0x0,0x65,0x0,
0x6c,0x0,0x45,0x0,0x64,0x0,0x69,0x0,
0x74,0x0,0x0,0x0,0x0,0x0,0x0,0x0,
0x13,0x0,0x0,0x0,0x73,0x0,0x65,0x0,
0x74,0x0,0x5f,0x0,0x6d,0x0,0x6f,0x0,
0x64,0x0,0x65,0x0,0x6d,0x0,0x59,0x0,
0x53,0x0,0x46,0x0,0x54,0x0,0x78,0x0,
0x4c,0x0,0x65,0x0,0x76,0x0,0x65,0x0,
0x6c,0x0,0x0,0x0,0x0,0x0,0x0,0x0,
0x13,0x0,0x0,0x0,0x6d,0x0,0x6f,0x0,
0x64,0x0,0x65,0x0,0x6d,0x0,0x59,0x0,
0x53,0x0,0x46,0x0,0x54,0x0,0x58,0x0,
0x4c,0x0,0x65,0x0,0x76,0x0,0x65,0x0,
0x6c,0x0,0x45,0x0,0x64,0x0,0x69,0x0,
0x74,0x0,0x0,0x0,0x0,0x0,0x0,0x0,
0x13,0x0,0x0,0x0,0x73,0x0,0x65,0x0,
0x74,0x0,0x5f,0x0,0x6d,0x0,0x6f,0x0,
0x64,0x0,0x65,0x0,0x6d,0x0,0x50,0x0,
0x32,0x0,0x35,0x0,0x54,0x0,0x78,0x0,
0x4c,0x0,0x65,0x0,0x76,0x0,0x65,0x0,
0x6c,0x0,0x0,0x0,0x0,0x0,0x0,0x0,
0x14,0x0,0x0,0x0,0x73,0x0,0x65,0x0,
0x74,0x0,0x5f,0x0,0x6d,0x0,0x6f,0x0,
0x64,0x0,0x65,0x0,0x6d,0x0,0x4e,0x0,
0x58,0x0,0x44,0x0,0x4e,0x0,0x54,0x0,
0x78,0x0,0x4c,0x0,0x65,0x0,0x76,0x0,
0x65,0x0,0x6c,0x0,0x0,0x0,0x0,0x0,
0x14,0x0,0x0,0x0,0x6d,0x0,0x6f,0x0,
0x64,0x0,0x65,0x0,0x6d,0x0,0x4e,0x0,
0x58,0x0,0x44,0x0,0x4e,0x0,0x54,0x0,
0x58,0x0,0x4c,0x0,0x65,0x0,0x76,0x0,
0x65,0x0,0x6c,0x0,0x45,0x0,0x64,0x0,
0x69,0x0,0x74,0x0,0x0,0x0,0x0,0x0,
0xd,0x0,0x0,0x0,0x73,0x0,0x65,0x0,
0x74,0x0,0x5f,0x0,0x6d,0x0,0x6f,0x0,
0x64,0x0,0x65,0x0,0x6d,0x0,0x42,0x0,
0x61,0x0,0x75,0x0,0x64,0x0,0x0,0x0,
0xd,0x0,0x0,0x0,0x6d,0x0,0x6f,0x0,
0x64,0x0,0x65,0x0,0x6d,0x0,0x42,0x0,
0x61,0x0,0x75,0x0,0x64,0x0,0x45,0x0,
0x64,0x0,0x69,0x0,0x74,0x0,0x0,0x0,
0xf,0x0,0x0,0x0,0x70,0x0,0x72,0x0,
0x6f,0x0,0x63,0x0,0x65,0x0,0x73,0x0,
0x73,0x0,0x5f,0x0,0x63,0x0,0x6f,0x0,
0x6e,0x0,0x6e,0x0,0x65,0x0,0x63,0x0,
0x74,0x0,0x0,0x0,0x0,0x0,0x0,0x0,
0x7,0x0,0x0,0x0,0x48,0x0,0x6f,0x0,
0x73,0x0,0x74,0x0,0x2e,0x0,0x2e,0x0,
0x2e,0x0,0x0,0x0,0x0,0x0,0x0,0x0,
0x8,0x0,0x0,0x0,0x6d,0x0,0x6d,0x0,
0x64,0x0,0x76,0x0,0x6d,0x0,0x42,0x0,
0x6f,0x0,0x78,0x0,0x0,0x0,0x0,0x0,
0x7,0x0,0x0,0x0,0x73,0x0,0x65,0x0,
0x74,0x0,0x5f,0x0,0x64,0x0,0x73,0x0,
0x74,0x0,0x0,0x0,0x0,0x0,0x0,0x0,
0xf,0x0,0x0,0x0,0x67,0x0,0x65,0x0,
0x74,0x0,0x5f,0x0,0x6d,0x0,0x6f,0x0,
0x64,0x0,0x65,0x0,0x6c,0x0,0x63,0x0,
0x68,0x0,0x61,0x0,0x6e,0x0,0x67,0x0,
0x65,0x0,0x0,0x0,0x0,0x0,0x0,0x0,
0x13,0x0,0x0,0x0,0x70,0x0,0x72,0x0,
0x6f,0x0,0x63,0x0,0x65,0x0,0x73,0x0,
0x73,0x0,0x5f,0x0,0x68,0x0,0x6f,0x0,
0x73,0x0,0x74,0x0,0x5f,0x0,0x63,0x0,
0x68,0x0,0x61,0x0,0x6e,0x0,0x67,0x0,
0x65,0x0,0x0,0x0,0x0,0x0,0x0,0x0,
0x6,0x0,0x0,0x0,0x4d,0x0,0x6f,0x0,
0x64,0x0,0x2e,0x0,0x2e,0x0,0x2e,0x0,
0x0,0x0,0x0,0x0,0x0,0x0,0x0,0x0,
0x1,0x0,0x0,0x0,0x20,0x0,0x0,0x0,
0x1,0x0,0x0,0x0,0x41,0x0,0x0,0x0,
0x1,0x0,0x0,0x0,0x42,0x0,0x0,0x0,
0x1,0x0,0x0,0x0,0x43,0x0,0x0,0x0,
0x1,0x0,0x0,0x0,0x44,0x0,0x0,0x0,
0x1,0x0,0x0,0x0,0x45,0x0,0x0,0x0,
0x1,0x0,0x0,0x0,0x46,0x0,0x0,0x0,
0x1,0x0,0x0,0x0,0x47,0x0,0x0,0x0,
0x1,0x0,0x0,0x0,0x48,0x0,0x0,0x0,
0x1,0x0,0x0,0x0,0x49,0x0,0x0,0x0,
0x1,0x0,0x0,0x0,0x4a,0x0,0x0,0x0,
0x1,0x0,0x0,0x0,0x4b,0x0,0x0,0x0,
0x1,0x0,0x0,0x0,0x4c,0x0,0x0,0x0,
0x1,0x0,0x0,0x0,0x4d,0x0,0x0,0x0,
0x1,0x0,0x0,0x0,0x4e,0x0,0x0,0x0,
0x1,0x0,0x0,0x0,0x4f,0x0,0x0,0x0,
0x1,0x0,0x0,0x0,0x50,0x0,0x0,0x0,
0x1,0x0,0x0,0x0,0x51,0x0,0x0,0x0,
0x1,0x0,0x0,0x0,0x52,0x0,0x0,0x0,
0x1,0x0,0x0,0x0,0x53,0x0,0x0,0x0,
0x1,0x0,0x0,0x0,0x54,0x0,0x0,0x0,
0x1,0x0,0x0,0x0,0x55,0x0,0x0,0x0,
0x1,0x0,0x0,0x0,0x56,0x0,0x0,0x0,
0x1,0x0,0x0,0x0,0x57,0x0,0x0,0x0,
0x1,0x0,0x0,0x0,0x58,0x0,0x0,0x0,
0x1,0x0,0x0,0x0,0x59,0x0,0x0,0x0,
0x1,0x0,0x0,0x0,0x5a,0x0,0x0,0x0,
0x11,0x0,0x0,0x0,0x64,0x0,0x74,0x0,
0x6d,0x0,0x66,0x0,0x5f,0x0,0x73,0x0,
0x65,0x0,0x6e,0x0,0x64,0x0,0x5f,0x0,
0x63,0x0,0x6c,0x0,0x69,0x0,0x63,0x0,
0x6b,0x0,0x65,0x0,0x64,0x0,0x0,0x0,
0x44,0x0,0x0,0x0,0x64,0x0,0x72,0x0,
0x6f,0x0,0x69,0x0,0x64,0x0,0x73,0x0,
0x74,0x0,0x61,0x0,0x72,0x0,0x2e,0x0,
0x74,0x0,0x67,0x0,0x69,0x0,0x64,0x0,
0x5f,0x0,0x74,0x0,0x65,0x0,0x78,0x0,
0x74,0x0,0x5f,0x0,0x63,0x0,0x68,0x0,
0x61,0x0,0x6e,0x0,0x67,0x0,0x65,0x0,
0x64,0x0,0x20,0x0,0x63,0x0,0x61,0x0,
0x6c,0x0,0x6c,0x0,0x65,0x0,0x64,0x0,
0x20,0x0,0x66,0x0,0x72,0x0,0x6f,0x0,
0x6d,0x0,0x20,0x0,0x6f,0x0,0x6e,0x0,
0x45,0x0,0x64,0x0,0x69,0x0,0x74,0x0,
0x69,0x0,0x6e,0x0,0x67,0x0,0x46,0x0,
0x69,0x0,0x6e,0x0,0x69,0x0,0x73,0x0,
0x68,0x0,0x65,0x0,0x64,0x0,0x20,0x0,
0x77,0x0,0x69,0x0,0x74,0x0,0x68,0x0,
0x20,0x0,0x54,0x0,0x47,0x0,0x49,0x0,
0x44,0x0,0x3a,0x0,0x0,0x0,0x0,0x0,
0x1,0x0,0x0,0x0,0x30,0x0,0x0,0x0,
0x1,0x0,0x0,0x0,0x31,0x0,0x0,0x0,
0x1,0x0,0x0,0x0,0x32,0x0,0x0,0x0,
0x1,0x0,0x0,0x0,0x33,0x0,0x0,0x0,
0x1,0x0,0x0,0x0,0x34,0x0,0x0,0x0,
0x1,0x0,0x0,0x0,0x35,0x0,0x0,0x0,
0x1,0x0,0x0,0x0,0x36,0x0,0x0,0x0,
0x1,0x0,0x0,0x0,0x37,0x0,0x0,0x0,
0xf,0x0,0x0,0x0,0x73,0x0,0x65,0x0,
0x74,0x0,0x5f,0x0,0x6d,0x0,0x6f,0x0,
0x64,0x0,0x65,0x0,0x6d,0x0,0x4d,0x0,
0x31,0x0,0x37,0x0,0x43,0x0,0x41,0x0,
0x4e,0x0,0x0,0x0,0x0,0x0,0x0,0x0,
0x8,0x0,0x0,0x0,0x73,0x0,0x65,0x0,
0x74,0x0,0x5f,0x0,0x73,0x0,0x77,0x0,
0x74,0x0,0x78,0x0,0x0,0x0,0x0,0x0,
0x8,0x0,0x0,0x0,0x73,0x0,0x65,0x0,
0x74,0x0,0x5f,0x0,0x73,0x0,0x77,0x0,
0x72,0x0,0x78,0x0,0x0,0x0,0x0,0x0,
0x7,0x0,0x0,0x0,0x73,0x0,0x65,0x0,
0x74,0x0,0x5f,0x0,0x61,0x0,0x67,0x0,
0x63,0x0,0x0,0x0,0x0,0x0,0x0,0x0,
0x10,0x0,0x0,0x0,0x73,0x0,0x65,0x0,
0x74,0x0,0x5f,0x0,0x69,0x0,0x6e,0x0,
0x70,0x0,0x75,0x0,0x74,0x0,0x5f,0x0,
0x76,0x0,0x6f,0x0,0x6c,0x0,0x75,0x0,
0x6d,0x0,0x65,0x0,0x0,0x0,0x0,0x0,
0x4,0x0,0x0,0x0,0x4d,0x0,0x69,0x0,
0x63,0x0,0x20,0x0,0x0,0x0,0x0,0x0,
0x7,0x0,0x0,0x0,0x74,0x0,0x6f,0x0,
0x46,0x0,0x69,0x0,0x78,0x0,0x65,0x0,
0x64,0x0,0x0,0x0,0x0,0x0,0x0,0x0,
0x8,0x0,0x0,0x0,0x57,0x0,0x6f,0x0,
0x72,0x0,0x64,0x0,0x57,0x0,0x72,0x0,
0x61,0x0,0x70,0x0,0x0,0x0,0x0,0x0,
0x10,0x0,0x0,0x0,0x54,0x0,0x65,0x0,
0x78,0x0,0x74,0x0,0x20,0x0,0x63,0x0,
0x68,0x0,0x61,0x0,0x6e,0x0,0x67,0x0,
0x65,0x0,0x64,0x0,0x20,0x0,0x74,0x0,
0x6f,0x0,0x3a,0x0,0x0,0x0,0x0,0x0,
0x19,0x0,0x0,0x0,0x44,0x0,0x61,0x0,
0x74,0x0,0x61,0x0,0x32,0x0,0x20,0x0,
0x63,0x0,0x68,0x0,0x61,0x0,0x6e,0x0,
0x67,0x0,0x65,0x0,0x64,0x0,0x2c,0x0,
0x20,0x0,0x6e,0x0,0x65,0x0,0x77,0x0,
0x20,0x0,0x76,0x0,0x61,0x0,0x6c,0x0,
0x75,0x0,0x65,0x0,0x3a,0x0,0x0,0x0,
0x5,0x0,0x0,0x0,0x73,0x0,0x74,0x0,
0x61,0x0,0x72,0x0,0x74,0x0,0x0,0x0,
0x30,0x0,0x0,0x0,0x52,0x0,0x65,0x0,
0x73,0x0,0x74,0x0,0x61,0x0,0x72,0x0,
0x74,0x0,0x69,0x0,0x6e,0x0,0x67,0x0,
0x20,0x0,0x73,0x0,0x74,0x0,0x61,0x0,
0x62,0x0,0x69,0x0,0x6c,0x0,0x69,0x0,
0x74,0x0,0x79,0x0,0x54,0x0,0x69,0x0,
0x6d,0x0,0x65,0x0,0x72,0x0,0x20,0x0,
0x64,0x0,0x75,0x0,0x65,0x0,0x20,0x0,
0x74,0x0,0x6f,0x0,0x20,0x0,0x63,0x0,
0x68,0x0,0x61,0x0,0x6e,0x0,0x67,0x0,
0x65,0x0,0x20,0x0,0x69,0x0,0x6e,0x0,
0x20,0x0,0x44,0x0,0x61,0x0,0x74,0x0,
0x61,0x0,0x32,0x0,0x0,0x0,0x0,0x0,
0x25,0x0,0x0,0x0,0x44,0x0,0x61,0x0,
0x74,0x0,0x61,0x0,0x32,0x0,0x20,0x0,
0x73,0x0,0x74,0x0,0x61,0x0,0x62,0x0,
0x6c,0x0,0x65,0x0,0x20,0x0,0x61,0x0,
0x6e,0x0,0x64,0x0,0x20,0x0,0x6e,0x0,
0x6f,0x0,0x6e,0x0,0x2d,0x0,0x65,0x0,
0x6d,0x0,0x70,0x0,0x74,0x0,0x79,0x0,
0x20,0x0,0x66,0x0,0x6f,0x0,0x72,0x0,
0x20,0x0,0x32,0x0,0x30,0x0,0x30,0x0,
0x6d,0x0,0x73,0x0,0x3a,0x0,0x0,0x0,
0x4,0x0,0x0,0x0,0x73,0x0,0x74,0x0,
0x6f,0x0,0x70,0x0,0x0,0x0,0x0,0x0,
0x8,0x0,0x0,0x0,0x70,0x0,0x61,0x0,
0x72,0x0,0x73,0x0,0x65,0x0,0x49,0x0,
0x6e,0x0,0x74,0x0,0x0,0x0,0x0,0x0,
0x5,0x0,0x0,0x0,0x69,0x0,0x73,0x0,
0x4e,0x0,0x61,0x0,0x4e,0x0,0x0,0x0,
0x15,0x0,0x0,0x0,0x66,0x0,0x65,0x0,
0x74,0x0,0x63,0x0,0x68,0x0,0x46,0x0,
0x69,0x0,0x72,0x0,0x73,0x0,0x74,0x0,
0x4e,0x0,0x61,0x0,0x6d,0x0,0x65,0x0,
0x46,0x0,0x72,0x0,0x6f,0x0,0x6d,0x0,
0x41,0x0,0x50,0x0,0x49,0x0,0x0,0x0,
0x7,0x0,0x0,0x0,0x64,0x0,0x61,0x0,
0x74,0x0,0x61,0x0,0x49,0x0,0x6e,0x0,
0x74,0x0,0x0,0x0,0x0,0x0,0x0,0x0,
0x21,0x0,0x0,0x0,0x49,0x0,0x6e,0x0,
0x76,0x0,0x61,0x0,0x6c,0x0,0x69,0x0,
0x64,0x0,0x20,0x0,0x64,0x0,0x61,0x0,
0x74,0x0,0x61,0x0,0x20,0x0,0x69,0x0,
0x6e,0x0,0x70,0x0,0x75,0x0,0x74,0x0,
0x2c,0x0,0x20,0x0,0x6e,0x0,0x6f,0x0,
0x74,0x0,0x20,0x0,0x61,0x0,0x20,0x0,
0x6e,0x0,0x75,0x0,0x6d,0x0,0x62,0x0,
0x65,0x0,0x72,0x0,0x3a,0x0,0x0,0x0,
0x28,0x0,0x0,0x0,0x44,0x0,0x61,0x0,
0x74,0x0,0x61,0x0,0x32,0x0,0x20,0x0,
0x62,0x0,0x65,0x0,0x63,0x0,0x61,0x0,
0x6d,0x0,0x65,0x0,0x20,0x0,0x65,0x0,
0x6d,0x0,0x70,0x0,0x74,0x0,0x79,0x0,
0x20,0x0,0x62,0x0,0x65,0x0,0x66,0x0,
0x6f,0x0,0x72,0x0,0x65,0x0,0x20,0x0,
0x31,0x0,0x30,0x0,0x30,0x0,0x6d,0x0,
0x73,0x0,0x20,0x0,0x65,0x0,0x6c,0x0,
0x61,0x0,0x70,0x0,0x73,0x0,0x65,0x0,
0x64,0x0,0x2e,0x0,0x0,0x0,0x0,0x0,
0x1e,0x0,0x0,0x0,0x46,0x0,0x65,0x0,
0x74,0x0,0x63,0x0,0x68,0x0,0x65,0x0,
0x64,0x0,0x20,0x0,0x66,0x0,0x69,0x0,
0x72,0x0,0x73,0x0,0x74,0x0,0x20,0x0,
0x6e,0x0,0x61,0x0,0x6d,0x0,0x65,0x0,
0x20,0x0,0x75,0x0,0x70,0x0,0x64,0x0,
0x61,0x0,0x74,0x0,0x65,0x0,0x64,0x0,
0x20,0x0,0x74,0x0,0x6f,0x0,0x3a,0x0,
0x0,0x0,0x0,0x0,0x0,0x0,0x0,0x0,
0x1b,0x0,0x0,0x0,0x46,0x0,0x65,0x0,
0x74,0x0,0x63,0x0,0x68,0x0,0x65,0x0,
0x64,0x0,0x20,0x0,0x63,0x0,0x6f,0x0,
0x75,0x0,0x6e,0x0,0x74,0x0,0x72,0x0,
0x79,0x0,0x20,0x0,0x75,0x0,0x70,0x0,
0x64,0x0,0x61,0x0,0x74,0x0,0x65,0x0,
0x64,0x0,0x20,0x0,0x74,0x0,0x6f,0x0,
0x3a,0x0,0x0,0x0,0x0,0x0,0x0,0x0,
0x2,0x0,0x0,0x0,0x2e,0x0,0x20,0x0,
0x0,0x0,0x0,0x0,0x0,0x0,0x0,0x0,
0x3,0x0,0x0,0x0,0x20,0x0,0x2d,0x0,
0x20,0x0,0x0,0x0,0x0,0x0,0x0,0x0,
0xb,0x0,0x0,0x0,0x74,0x0,0x74,0x0,
0x73,0x0,0x5f,0x0,0x63,0x0,0x68,0x0,
0x61,0x0,0x6e,0x0,0x67,0x0,0x65,0x0,
0x64,0x0,0x0,0x0,0x0,0x0,0x0,0x0,
0x6,0x0,0x0,0x0,0x62,0x0,0x75,0x0,
0x74,0x0,0x74,0x0,0x6f,0x0,0x6e,0x0,
0x0,0x0,0x0,0x0,0x0,0x0,0x0,0x0,
0x10,0x0,0x0,0x0,0x74,0x0,0x74,0x0,
0x73,0x0,0x5f,0x0,0x74,0x0,0x65,0x0,
0x78,0x0,0x74,0x0,0x5f,0x0,0x63,0x0,
0x68,0x0,0x61,0x0,0x6e,0x0,0x67,0x0,
0x65,0x0,0x64,0x0,0x0,0x0,0x0,0x0,
0xf,0x0,0x0,0x0,0x45,0x0,0x6d,0x0,
0x69,0x0,0x74,0x0,0x74,0x0,0x69,0x0,
0x6e,0x0,0x67,0x0,0x20,0x0,0x64,0x0,
0x6d,0x0,0x72,0x0,0x49,0x0,0x44,0x0,
0x3a,0x0,0x0,0x0,0x0,0x0,0x0,0x0,
0x9,0x0,0x0,0x0,0x61,0x0,0x6e,0x0,
0x64,0x0,0x20,0x0,0x54,0x0,0x47,0x0,
0x49,0x0,0x44,0x0,0x3a,0x0,0x0,0x0,
0x27,0x0,0x0,0x0,0x44,0x0,0x4d,0x0,
0x52,0x0,0x20,0x0,0x49,0x0,0x44,0x0,
0x20,0x0,0x6f,0x0,0x72,0x0,0x20,0x0,
0x54,0x0,0x47,0x0,0x49,0x0,0x44,0x0,
0x20,0x0,0x69,0x0,0x73,0x0,0x20,0x0,
0x6d,0x0,0x69,0x0,0x73,0x0,0x73,0x0,
0x69,0x0,0x6e,0x0,0x67,0x0,0x2c,0x0,
0x20,0x0,0x6e,0x0,0x6f,0x0,0x74,0x0,
0x20,0x0,0x65,0x0,0x6d,0x0,0x69,0x0,
0x74,0x0,0x74,0x0,0x69,0x0,0x6e,0x0,
0x67,0x0,0x0,0x0,0x0,0x0,0x0,0x0,
0x8,0x0,0x0,0x0,0x74,0x0,0x6f,0x0,
0x67,0x0,0x67,0x0,0x6c,0x0,0x65,0x0,
0x54,0x0,0x58,0x0,0x0,0x0,0x0,0x0,
0x8,0x0,0x0,0x0,0x63,0x0,0x6c,0x0,
0x69,0x0,0x63,0x0,0x6b,0x0,0x5f,0x0,
0x74,0x0,0x78,0x0,0x0,0x0,0x0,0x0,
0x8,0x0,0x0,0x0,0x70,0x0,0x72,0x0,
0x65,0x0,0x73,0x0,0x73,0x0,0x5f,0x0,
0x74,0x0,0x78,0x0,0x0,0x0,0x0,0x0,
0xa,0x0,0x0,0x0,0x72,0x0,0x65,0x0,
0x6c,0x0,0x65,0x0,0x61,0x0,0x73,0x0,
0x65,0x0,0x5f,0x0,0x74,0x0,0x78,0x0,
0x0,0x0,0x0,0x0,0x0,0x0,0x0,0x0,
0x4,0x0,0x0,0x0,0x54,0x0,0x58,0x0,
0x3a,0x0,0x20,0x0,0x0,0x0,0x0,0x0,
0x7,0x0,0x0,0x0,0x23,0x0,0x38,0x0,
0x30,0x0,0x30,0x0,0x30,0x0,0x30,0x0,
0x30,0x0,0x0,0x0,0x0,0x0,0x0,0x0,
0x9,0x0,0x0,0x0,0x73,0x0,0x74,0x0,
0x65,0x0,0x65,0x0,0x6c,0x0,0x62,0x0,
0x6c,0x0,0x75,0x0,0x65,0x0,0x0,0x0,
0x3,0x0,0x0,0x0,0x10,0x0,0x0,0x0,
0x81,0x0,0x0,0x0,0x4c,0x0,0x0,0x0,
0x1,0x0,0x0,0x0,0x1,0x0,0x0,0x0,
0x0,0x0,0x0,0x0,0x14,0x0,0x10,0x0,
0xff,0xff,0x0,0x0,0x1,0x0,0x0,0x0,
0x2,0x0,0x0,0x0,0x0,0x0,0x0,0x0,
0x15,0x0,0x10,0x0,0xff,0xff,0x0,0x0,
0x1,0x0,0x0,0x0,0x3,0x0,0x0,0x0,
0x0,0x0,0x0,0x0,0x16,0x0,0x10,0x0,
0xff,0xff,0x0,0x0,0x50,0x2,0x0,0x0,
0x70,0xd,0x0,0x0,0x10,0xe,0x0,0x0,
0x68,0xe,0x0,0x0,0xf0,0xe,0x0,0x0,
0x60,0xf,0x0,0x0,0x0,0x10,0x0,0x0,
0x70,0x10,0x0,0x0,0xa0,0x11,0x0,0x0,
0x10,0x12,0x0,0x0,0x70,0x13,0x0,0x0,
0xe0,0x13,0x0,0x0,0x98,0x14,0x0,0x0,
0x20,0x15,0x0,0x0,0xd8,0x15,0x0,0x0,
0x60,0x16,0x0,0x0,0x0,0x17,0x0,0x0,
0xe8,0x17,0x0,0x0,0x70,0x18,0x0,0x0,
0xe0,0x18,0x0,0x0,0x80,0x19,0x0,0x0,
0xa8,0x1a,0x0,0x0,0x10,0x1c,0x0,0x0,
0x80,0x1c,0x0,0x0,0x50,0x1d,0x0,0x0,
0x98,0x1e,0x0,0x0,0x8,0x1f,0x0,0x0,
0xd8,0x1f,0x0,0x0,0x20,0x21,0x0,0x0,
0x90,0x21,0x0,0x0,0x60,0x22,0x0,0x0,
0x60,0x23,0x0,0x0,0xd0,0x23,0x0,0x0,
0x0,0x25,0x0,0x0,0x70,0x25,0x0,0x0,
0x40,0x26,0x0,0x0,0x88,0x27,0x0,0x0,
0xf8,0x27,0x0,0x0,0xc8,0x28,0x0,0x0,
0xc8,0x29,0x0,0x0,0xf8,0x2a,0x0,0x0,
0x68,0x2b,0x0,0x0,0x50,0x2c,0x0,0x0,
0xc0,0x2c,0x0,0x0,0xd8,0x2d,0x0,0x0,
0x48,0x2e,0x0,0x0,0x78,0x2f,0x0,0x0,
0xe8,0x2f,0x0,0x0,0x30,0x31,0x0,0x0,
0xa0,0x31,0x0,0x0,0xe8,0x32,0x0,0x0,
0x58,0x33,0x0,0x0,0x28,0x34,0x0,0x0,
0x28,0x35,0x0,0x0,0x98,0x35,0x0,0x0,
0x98,0x36,0x0,0x0,0x8,0x37,0x0,0x0,
0x8,0x38,0x0,0x0,0x78,0x38,0x0,0x0,
0x90,0x39,0x0,0x0,0x0,0x3a,0x0,0x0,
0x8,0x3b,0x0,0x0,0x8,0x3c,0x0,0x0,
0x78,0x3c,0x0,0x0,0x78,0x3d,0x0,0x0,
0xe8,0x3d,0x0,0x0,0x18,0x3f,0x0,0x0,
0x88,0x3f,0x0,0x0,0x88,0x40,0x0,0x0,
0xf8,0x40,0x0,0x0,0xf8,0x41,0x0,0x0,
0x68,0x42,0x0,0x0,0x68,0x43,0x0,0x0,
0xd8,0x43,0x0,0x0,0xd8,0x44,0x0,0x0,
0x48,0x45,0x0,0x0,0x48,0x46,0x0,0x0,
0xb8,0x46,0x0,0x0,0xb8,0x47,0x0,0x0,
0x28,0x48,0x0,0x0,0x28,0x49,0x0,0x0,
0x98,0x49,0x0,0x0,0xc8,0x4a,0x0,0x0,
0x38,0x4b,0x0,0x0,0xd8,0x4b,0x0,0x0,
0x50,0x4c,0x0,0x0,0x50,0x4d,0x0,0x0,
0xc0,0x4d,0x0,0x0,0xc0,0x4e,0x0,0x0,
0x30,0x4f,0x0,0x0,0x30,0x50,0x0,0x0,
0xa0,0x50,0x0,0x0,0xa0,0x51,0x0,0x0,
0x10,0x52,0x0,0x0,0x10,0x53,0x0,0x0,
0x80,0x53,0x0,0x0,0x80,0x54,0x0,0x0,
0xf0,0x54,0x0,0x0,0x8,0x56,0x0,0x0,
0x78,0x56,0x0,0x0,0x90,0x57,0x0,0x0,
0x0,0x58,0x0,0x0,0x0,0x59,0x0,0x0,
0x88,0x59,0x0,0x0,0x88,0x5a,0x0,0x0,
0x10,0x5b,0x0,0x0,0x80,0x5b,0x0,0x0,
0x98,0x5c,0x0,0x0,0x8,0x5d,0x0,0x0,
0x8,0x5e,0x0,0x0,0x78,0x5e,0x0,0x0,
0x90,0x5f,0x0,0x0,0x0,0x60,0x0,0x0,
0x0,0x61,0x0,0x0,0x70,0x61,0x0,0x0,
0xb8,0x62,0x0,0x0,0x28,0x63,0x0,0x0,
0xc8,0x63,0x0,0x0,0xa0,0x65,0x0,0x0,
0x28,0x66,0x0,0x0,0xc8,0x66,0x0,0x0,
0x98,0x67,0x0,0x0,0x8,0x68,0x0,0x0,
0xf0,0x68,0x0,0x0,0x60,0x69,0x0,0x0,
0xd0,0x69,0x0,0x0,0xb8,0x6a,0x0,0x0,
0x28,0x6b,0x0,0x0,0x98,0x6b,0x0,0x0,
0x4,0x0,0x0,0x0,0x5,0x0,0x0,0x0,
0x0,0x0,0xff,0xff,0xff,0xff,0xff,0xff,
0x7,0x0,0xc,0x0,0x54,0x0,0x0,0x0,
0x70,0x0,0x0,0x0,0x0,0x1,0x0,0x0,
0x28,0x0,0x0,0x0,0x20,0x4,0x0,0x0,
0x20,0x4,0x0,0x0,0x1,0x0,0x49,0x0,
0x24,0x4,0x0,0x0,0x0,0x0,0x0,0x0,
0xfc,0xa,0x0,0x0,0x19,0x0,0x10,0x0,
0x1a,0x0,0x50,0x0,0xfc,0xa,0x0,0x0,
0x0,0x0,0x0,0x0,0xfc,0xa,0x0,0x0,
0x0,0x0,0x0,0x0,0x2,0x0,0x0,0x0,
0x3,0x0,0x0,0x0,0x4,0x0,0x0,0x0,
0x5,0x0,0x0,0x0,0x6,0x0,0x0,0x0,
0x7,0x0,0x0,0x0,0xb,0x0,0x0,0x0,
0x8,0x0,0x0,0x0,0x2,0x0,0x0,0x20,
0x24,0x0,0x10,0x0,0xa,0x0,0x0,0x0,
0x3,0x0,0x0,0x20,0x2c,0x0,0x50,0x0,
0xc,0x0,0x0,0x0,0x5,0x0,0x0,0x20,
0x35,0x0,0x10,0x0,0xe,0x0,0x0,0x0,
0x5,0x0,0x0,0x20,0x36,0x0,0x10,0x0,
0xf,0x0,0x0,0x0,0x5,0x0,0x0,0x20,
0x37,0x0,0x10,0x0,0x10,0x0,0x0,0x0,
0x5,0x0,0x0,0x20,0x38,0x0,0x10,0x0,
0x11,0x0,0x0,0x0,0x5,0x0,0x0,0x20,
0x39,0x0,0x10,0x0,0x12,0x0,0x0,0x0,
0x5,0x0,0x0,0x20,0x3a,0x0,0x10,0x0,
0x13,0x0,0x0,0x0,0x5,0x0,0x0,0x20,
0x3b,0x0,0x10,0x0,0x14,0x0,0x0,0x0,
0x5,0x0,0x0,0x20,0x3c,0x0,0x10,0x0,
0xf8,0x0,0x0,0x0,0x5,0x0,0x0,0x20,
0x7f,0x4,0x10,0x0,0xfa,0x0,0x0,0x0,
0x5,0x0,0x0,0x20,0x80,0x4,0x10,0x0,
0x39,0x0,0x0,0x0,0x3a,0x0,0x0,0x0,
0x0,0x0,0x0,0x0,0x9d,0x0,0x50,0x0,
0x9d,0x0,0xe0,0x1,0x3b,0x0,0x0,0x0,
0x3c,0x0,0x0,0x0,0x0,0x0,0x0,0x0,
0x9e,0x0,0x50,0x0,0x9e,0x0,0xc0,0x1,
0x3d,0x0,0x0,0x0,0x3e,0x0,0x0,0x0,
0x0,0x0,0x0,0x0,0x9f,0x0,0x50,0x0,
0x9f,0x0,0xc0,0x1,0x3f,0x0,0x0,0x0,
0x40,0x0,0x0,0x0,0x0,0x0,0x0,0x0,
0xa0,0x0,0x50,0x0,0xa0,0x0,0xc0,0x1,
0x41,0x0,0x0,0x0,0x42,0x0,0x0,0x0,
0x0,0x0,0x0,0x0,0xa1,0x0,0x50,0x0,
0xa1,0x0,0xc0,0x1,0x43,0x0,0x0,0x0,
0x44,0x0,0x0,0x0,0x0,0x0,0x0,0x0,
0xa2,0x0,0x50,0x0,0xa2,0x0,0xc0,0x1,
0x45,0x0,0x0,0x0,0x46,0x0,0x0,0x0,
0x0,0x0,0x0,0x0,0xa3,0x0,0x50,0x0,
0xa3,0x0,0xc0,0x1,0x47,0x0,0x0,0x0,
0x48,0x0,0x0,0x0,0x0,0x0,0x0,0x0,
0xa6,0x0,0x50,0x0,0xa6,0x0,0xf0,0x1,
0x49,0x0,0x0,0x0,0x4a,0x0,0x0,0x0,
0x0,0x0,0x0,0x0,0xa7,0x0,0x50,0x0,
0xa7,0x0,0x0,0x2,0x4b,0x0,0x0,0x0,
0x4c,0x0,0x0,0x0,0x0,0x0,0x0,0x0,
0xa8,0x0,0x50,0x0,0xa8,0x0,0xd0,0x1,
0x4d,0x0,0x0,0x0,0x4e,0x0,0x0,0x0,
0x0,0x0,0x0,0x0,0xa9,0x0,0x50,0x0,
0xa9,0x0,0xf0,0x1,0x4f,0x0,0x0,0x0,
0x50,0x0,0x0,0x0,0x0,0x0,0x0,0x0,
0xaa,0x0,0x50,0x0,0xaa,0x0,0xf0,0x1,
0x51,0x0,0x0,0x0,0x52,0x0,0x0,0x0,
0x0,0x0,0x0,0x0,0xab,0x0,0x50,0x0,
0xab,0x0,0xf0,0x1,0x53,0x0,0x0,0x0,
0x54,0x0,0x0,0x0,0x0,0x0,0x0,0x0,
0xac,0x0,0x50,0x0,0xac,0x0,0x10,0x2,
0x55,0x0,0x0,0x0,0x56,0x0,0x0,0x0,
0x0,0x0,0x0,0x0,0xad,0x0,0x50,0x0,
0xad,0x0,0x40,0x2,0x57,0x0,0x0,0x0,
0x58,0x0,0x0,0x0,0x0,0x0,0x0,0x0,
0xae,0x0,0x50,0x0,0xae,0x0,0x10,0x2,
0x59,0x0,0x0,0x0,0x5a,0x0,0x0,0x0,
0x0,0x0,0x0,0x0,0xaf,0x0,0x50,0x0,
0xaf,0x0,0xf0,0x1,0x5b,0x0,0x0,0x0,
0x5c,0x0,0x0,0x0,0x0,0x0,0x0,0x0,
0xb0,0x0,0x50,0x0,0xb0,0x0,0xd0,0x1,
0x5d,0x0,0x0,0x0,0x5e,0x0,0x0,0x0,
0x0,0x0,0x0,0x0,0xb1,0x0,0x50,0x0,
0xb1,0x0,0x10,0x2,0x5f,0x0,0x0,0x0,
0x60,0x0,0x0,0x0,0x0,0x0,0x0,0x0,
0xb2,0x0,0x50,0x0,0xb2,0x0,0x10,0x2,
0x61,0x0,0x0,0x0,0x62,0x0,0x0,0x0,
0x0,0x0,0x0,0x0,0xb3,0x0,0x50,0x0,
0xb3,0x0,0x0,0x2,0x63,0x0,0x0,0x0,
0x64,0x0,0x0,0x0,0x0,0x0,0x0,0x0,
0xb4,0x0,0x50,0x0,0xb4,0x0,0x30,0x2,
0x65,0x0,0x0,0x0,0x66,0x0,0x0,0x0,
0x0,0x0,0x0,0x0,0xb5,0x0,0x50,0x0,
0xb5,0x0,0x30,0x2,0x67,0x0,0x0,0x0,
0x68,0x0,0x0,0x0,0x0,0x0,0x0,0x0,
0xb6,0x0,0x50,0x0,0xb6,0x0,0xb0,0x1,
0x69,0x0,0x0,0x0,0x6a,0x0,0x0,0x0,
0x0,0x0,0x0,0x0,0xb7,0x0,0x50,0x0,
0xb7,0x0,0xb0,0x1,0x6b,0x0,0x0,0x0,
0x6c,0x0,0x0,0x0,0x0,0x0,0x0,0x0,
0xb8,0x0,0x50,0x0,0xb8,0x0,0xb0,0x1,
0x6d,0x0,0x0,0x0,0x6e,0x0,0x0,0x0,
0x0,0x0,0x0,0x0,0xb9,0x0,0x50,0x0,
0xb9,0x0,0xb0,0x1,0x6f,0x0,0x0,0x0,
0x70,0x0,0x0,0x0,0x0,0x0,0x0,0x0,
0xba,0x0,0x50,0x0,0xba,0x0,0xb0,0x1,
0x71,0x0,0x0,0x0,0x72,0x0,0x0,0x0,
0x0,0x0,0x0,0x0,0xbb,0x0,0x50,0x0,
0xbb,0x0,0xb0,0x1,0x73,0x0,0x0,0x0,
0x74,0x0,0x0,0x0,0x0,0x0,0x0,0x0,
0xbc,0x0,0x50,0x0,0xbc,0x0,0xd0,0x1,
0x75,0x0,0x0,0x0,0x76,0x0,0x0,0x0,
0x0,0x0,0x0,0x0,0xbd,0x0,0x50,0x0,
0xbd,0x0,0xe0,0x1,0x77,0x0,0x0,0x0,
0x78,0x0,0x0,0x0,0x0,0x0,0x0,0x0,
0xbe,0x0,0x50,0x0,0xbe,0x0,0xc0,0x1,
0x79,0x0,0x0,0x0,0x7a,0x0,0x0,0x0,
0x0,0x0,0x0,0x0,0xbf,0x0,0x50,0x0,
0xbf,0x0,0xd0,0x1,0x7b,0x0,0x0,0x0,
0x7c,0x0,0x0,0x0,0x0,0x0,0x0,0x0,
0xc0,0x0,0x50,0x0,0xc0,0x0,0xd0,0x1,
0x7d,0x0,0x0,0x0,0x7e,0x0,0x0,0x0,
0x0,0x0,0x0,0x0,0xc1,0x0,0x50,0x0,
0xc1,0x0,0xc0,0x1,0x7f,0x0,0x0,0x0,
0x7f,0x0,0x0,0x0,0x0,0x0,0x0,0x0,
0xc2,0x0,0x50,0x0,0xc2,0x0,0x30,0x2,
0x80,0x0,0x0,0x0,0x80,0x0,0x0,0x0,
0x0,0x0,0x0,0x0,0xc3,0x0,0x50,0x0,
0xc3,0x0,0x90,0x2,0x81,0x0,0x0,0x0,
0x81,0x0,0x0,0x0,0x0,0x0,0x0,0x0,
0xc4,0x0,0x50,0x0,0xc4,0x0,0xf0,0x1,
0x82,0x0,0x0,0x0,0x82,0x0,0x0,0x0,
0x0,0x0,0x0,0x0,0xc5,0x0,0x50,0x0,
0xc5,0x0,0x20,0x2,0x83,0x0,0x0,0x0,
0x83,0x0,0x0,0x0,0x0,0x0,0x0,0x0,
0xc6,0x0,0x50,0x0,0xc6,0x0,0x30,0x2,
0xfc,0xa,0x0,0x0,0x2,0x1,0x0,0x0,
0x0,0x0,0x7,0x0,0xc,0x0,0x0,0x0,
0x0,0x0,0x0,0x0,0x96,0x4,0x10,0x0,
0x96,0x4,0x10,0x1,0xfa,0x0,0x0,0x0,
0x0,0x0,0x7,0x0,0xa,0x0,0x0,0x0,
0x0,0x0,0x0,0x0,0x80,0x4,0x10,0x1,
0x80,0x4,0x70,0x1,0xf8,0x0,0x0,0x0,
0x0,0x0,0x7,0x0,0x9,0x0,0x0,0x0,
0x0,0x0,0x0,0x0,0x7f,0x4,0x10,0x1,
0x7f,0x4,0x80,0x1,0x34,0x0,0x0,0x0,
0x0,0x0,0x7,0x0,0x8,0x0,0x0,0x0,
0x0,0x0,0x0,0x0,0x8d,0x0,0x50,0x0,
0x8d,0x0,0x50,0x1,0x14,0x0,0x0,0x0,
0x0,0x0,0x3,0x0,0x0,0x0,0x0,0x0,
0xd,0x0,0x0,0x0,0x3c,0x0,0x10,0x1,
0x3c,0x0,0x30,0x2,0x13,0x0,0x0,0x0,
0x0,0x0,0x3,0x0,0x0,0x0,0x0,0x0,
0xd,0x0,0x0,0x0,0x3b,0x0,0x10,0x1,
0x3b,0x0,0x20,0x2,0x12,0x0,0x0,0x0,
0x0,0x0,0x3,0x0,0x0,0x0,0x0,0x0,
0xd,0x0,0x0,0x0,0x3a,0x0,0x10,0x1,
0x3a,0x0,0x40,0x2,0x11,0x0,0x0,0x0,
0x0,0x0,0x3,0x0,0x0,0x0,0x0,0x0,
0xd,0x0,0x0,0x0,0x39,0x0,0x10,0x1,
0x39,0x0,0x80,0x2,0x10,0x0,0x0,0x0,
0x0,0x0,0x3,0x0,0x0,0x0,0x0,0x0,
0xd,0x0,0x0,0x0,0x38,0x0,0x10,0x1,
0x38,0x0,0x20,0x2,0xf,0x0,0x0,0x0,
0x0,0x0,0x3,0x0,0x0,0x0,0x0,0x0,
0xd,0x0,0x0,0x0,0x37,0x0,0x10,0x1,
0x37,0x0,0x10,0x2,0xe,0x0,0x0,0x0,
0x0,0x0,0x3,0x0,0x0,0x0,0x0,0x0,
0xd,0x0,0x0,0x0,0x36,0x0,0x10,0x1,
0x36,0x0,0x30,0x2,0xc,0x0,0x0,0x0,
0x0,0x0,0x3,0x0,0x0,0x0,0x0,0x0,
0xd,0x0,0x0,0x0,0x35,0x0,0x10,0x1,
0x35,0x0,0x70,0x2,0xa,0x0,0x0,0x0,
0x0,0x0,0x7,0x0,0x1,0x0,0x0,0x0,
0x0,0x0,0x0,0x0,0x2c,0x0,0x30,0x1,
0x2c,0x0,0x80,0x1,0x8,0x0,0x0,0x0,
0x0,0x0,0x7,0x0,0x0,0x0,0x0,0x0,
0x0,0x0,0x0,0x0,0x24,0x0,0xe0,0x0,
0x24,0x0,0x40,0x1,0x7,0x0,0x0,0x0,
0x0,0x0,0x2,0x0,0x1,0x0,0x0,0x0,
0x0,0x0,0x0,0x0,0x1c,0x0,0x50,0x0,
0x1c,0x0,0xd0,0x0,0x6,0x0,0x0,0x0,
0x0,0x0,0x2,0x0,0x0,0x0,0x0,0x0,
0x0,0x0,0x0,0x0,0x1b,0x0,0x50,0x0,
0x1b,0x0,0xc0,0x0,0x0,0x0,0x0,0x0,
0x0,0x0,0x8,0x0,0x1,0x0,0x0,0x0,
0x0,0x0,0x0,0x0,0x4e,0x0,0x10,0x0,
0x4e,0x0,0x10,0x0,0x0,0x0,0x0,0x0,
0x0,0x0,0x8,0x0,0x2,0x0,0x0,0x0,
0x0,0x0,0x0,0x0,0x55,0x0,0x50,0x0,
0x55,0x0,0x50,0x0,0x0,0x0,0x0,0x0,
0x0,0x0,0x8,0x0,0x3,0x0,0x0,0x0,
0x0,0x0,0x0,0x0,0x6c,0x0,0x50,0x0,
0x6c,0x0,0x50,0x0,0x0,0x0,0x0,0x0,
0x0,0x0,0x8,0x0,0x5,0x0,0x0,0x0,
0x0,0x0,0x0,0x0,0x80,0x0,0x50,0x0,
0x80,0x0,0x50,0x0,0x0,0x0,0x0,0x0,
0x0,0x0,0x8,0x0,0x7,0x0,0x0,0x0,
0x0,0x0,0x0,0x0,0xc9,0x0,0x10,0x0,
0xc9,0x0,0x10,0x0,0x0,0x0,0x0,0x0,
0x0,0x0,0x8,0x0,0x9,0x0,0x0,0x0,
0x0,0x0,0x0,0x0,0xd8,0x0,0x10,0x0,
0xd8,0x0,0x10,0x0,0x0,0x0,0x0,0x0,
0x0,0x0,0x8,0x0,0x14,0x0,0x0,0x0,
0x0,0x0,0x0,0x0,0x20,0x1,0x50,0x0,
0x20,0x1,0x50,0x0,0x0,0x0,0x0,0x0,
0x0,0x0,0x8,0x0,0x15,0x0,0x0,0x0,
0x0,0x0,0x0,0x0,0x42,0x1,0x50,0x0,
0x42,0x1,0x50,0x0,0x0,0x0,0x0,0x0,
0x0,0x0,0x8,0x0,0x18,0x0,0x0,0x0,
0x0,0x0,0x0,0x0,0x63,0x1,0x50,0x0,
0x63,0x1,0x50,0x0,0x0,0x0,0x0,0x0,
0x0,0x0,0x8,0x0,0x1b,0x0,0x0,0x0,
0x0,0x0,0x0,0x0,0x78,0x1,0x50,0x0,
0x78,0x1,0x50,0x0,0x0,0x0,0x0,0x0,
0x0,0x0,0x8,0x0,0x1e,0x0,0x0,0x0,
0x0,0x0,0x0,0x0,0x9e,0x1,0x50,0x0,
0x9e,0x1,0x50,0x0,0x0,0x0,0x0,0x0,
0x0,0x0,0x8,0x0,0x20,0x0,0x0,0x0,
0x0,0x0,0x0,0x0,0xd8,0x1,0x50,0x0,
0xd8,0x1,0x50,0x0,0x0,0x0,0x0,0x0,
0x0,0x0,0x8,0x0,0x23,0x0,0x0,0x0,
0x0,0x0,0x0,0x0,0xf1,0x1,0x50,0x0,
0xf1,0x1,0x50,0x0,0x0,0x0,0x0,0x0,
0x0,0x0,0x8,0x0,0x26,0x0,0x0,0x0,
0x0,0x0,0x0,0x0,0x24,0x2,0x50,0x0,
0x24,0x2,0x50,0x0,0x0,0x0,0x0,0x0,
0x0,0x0,0x8,0x0,0x27,0x0,0x0,0x0,
0x0,0x0,0x0,0x0,0x31,0x2,0x50,0x0,
0x31,0x2,0x50,0x0,0x0,0x0,0x0,0x0,
0x0,0x0,0x8,0x0,0x29,0x0,0x0,0x0,
0x0,0x0,0x0,0x0,0x3d,0x2,0x50,0x0,
0x3d,0x2,0x50,0x0,0x0,0x0,0x0,0x0,
0x0,0x0,0x8,0x0,0x2b,0x0,0x0,0x0,
0x0,0x0,0x0,0x0,0x47,0x2,0x50,0x0,
0x47,0x2,0x50,0x0,0x0,0x0,0x0,0x0,
0x0,0x0,0x8,0x0,0x2d,0x0,0x0,0x0,
0x0,0x0,0x0,0x0,0x54,0x2,0x50,0x0,
0x54,0x2,0x50,0x0,0x0,0x0,0x0,0x0,
0x0,0x0,0x8,0x0,0x2f,0x0,0x0,0x0,
0x0,0x0,0x0,0x0,0x60,0x2,0x50,0x0,
0x60,0x2,0x50,0x0,0x0,0x0,0x0,0x0,
0x0,0x0,0x8,0x0,0x31,0x0,0x0,0x0,
0x0,0x0,0x0,0x0,0x74,0x2,0x50,0x0,
0x74,0x2,0x50,0x0,0x0,0x0,0x0,0x0,
0x0,0x0,0x8,0x0,0x34,0x0,0x0,0x0,
0x0,0x0,0x0,0x0,0x89,0x2,0x50,0x0,
0x89,0x2,0x50,0x0,0x0,0x0,0x0,0x0,
0x0,0x0,0x8,0x0,0x36,0x0,0x0,0x0,
0x0,0x0,0x0,0x0,0x95,0x2,0x50,0x0,
0x95,0x2,0x50,0x0,0x0,0x0,0x0,0x0,
0x0,0x0,0x8,0x0,0x38,0x0,0x0,0x0,
0x0,0x0,0x0,0x0,0xa2,0x2,0x50,0x0,
0xa2,0x2,0x50,0x0,0x0,0x0,0x0,0x0,
0x0,0x0,0x8,0x0,0x3a,0x0,0x0,0x0,
0x0,0x0,0x0,0x0,0xaf,0x2,0x50,0x0,
0xaf,0x2,0x50,0x0,0x0,0x0,0x0,0x0,
0x0,0x0,0x8,0x0,0x3c,0x0,0x0,0x0,
0x0,0x0,0x0,0x0,0xba,0x2,0x50,0x0,
0xba,0x2,0x50,0x0,0x0,0x0,0x0,0x0,
0x0,0x0,0x8,0x0,0x3d,0x0,0x0,0x0,
0x0,0x0,0x0,0x0,0xcc,0x2,0x50,0x0,
0xcc,0x2,0x50,0x0,0x0,0x0,0x0,0x0,
0x0,0x0,0x8,0x0,0x3f,0x0,0x0,0x0,
0x0,0x0,0x0,0x0,0xdb,0x2,0x10,0x0,
0xdb,0x2,0x10,0x0,0x0,0x0,0x0,0x0,
0x0,0x0,0x8,0x0,0x41,0x0,0x0,0x0,
0x0,0x0,0x0,0x0,0xe8,0x2,0x10,0x0,
0xe8,0x2,0x10,0x0,0x0,0x0,0x0,0x0,
0x0,0x0,0x8,0x0,0x43,0x0,0x0,0x0,
0x0,0x0,0x0,0x0,0xfb,0x2,0x50,0x0,
0xfb,0x2,0x50,0x0,0x0,0x0,0x0,0x0,
0x0,0x0,0x8,0x0,0x45,0x0,0x0,0x0,
0x0,0x0,0x0,0x0,0x6,0x3,0x50,0x0,
0x6,0x3,0x50,0x0,0x0,0x0,0x0,0x0,
0x0,0x0,0x8,0x0,0x47,0x0,0x0,0x0,
0x0,0x0,0x0,0x0,0x11,0x3,0x50,0x0,
0x11,0x3,0x50,0x0,0x0,0x0,0x0,0x0,
0x0,0x0,0x8,0x0,0x49,0x0,0x0,0x0,
0x0,0x0,0x0,0x0,0x1c,0x3,0x50,0x0,
0x1c,0x3,0x50,0x0,0x0,0x0,0x0,0x0,
0x0,0x0,0x8,0x0,0x4b,0x0,0x0,0x0,
0x0,0x0,0x0,0x0,0x27,0x3,0x50,0x0,
0x27,0x3,0x50,0x0,0x0,0x0,0x0,0x0,
0x0,0x0,0x8,0x0,0x4d,0x0,0x0,0x0,
0x0,0x0,0x0,0x0,0x31,0x3,0x50,0x0,
0x31,0x3,0x50,0x0,0x0,0x0,0x0,0x0,
0x0,0x0,0x8,0x0,0x4f,0x0,0x0,0x0,
0x0,0x0,0x0,0x0,0x3b,0x3,0x10,0x0,
0x3b,0x3,0x10,0x0,0x0,0x0,0x0,0x0,
0x0,0x0,0x8,0x0,0x51,0x0,0x0,0x0,
0x0,0x0,0x0,0x0,0x47,0x3,0x10,0x0,
0x47,0x3,0x10,0x0,0x0,0x0,0x0,0x0,
0x0,0x0,0x8,0x0,0x54,0x0,0x0,0x0,
0x0,0x0,0x0,0x0,0x7d,0x3,0x10,0x0,
0x7d,0x3,0x10,0x0,0x0,0x0,0x0,0x0,
0x0,0x0,0x8,0x0,0x55,0x0,0x0,0x0,
0x0,0x0,0x0,0x0,0xa1,0x3,0x50,0x0,
0xa1,0x3,0x50,0x0,0x0,0x0,0x0,0x0,
0x0,0x0,0x8,0x0,0x57,0x0,0x0,0x0,
0x0,0x0,0x0,0x0,0xac,0x3,0x50,0x0,
0xac,0x3,0x50,0x0,0x0,0x0,0x0,0x0,
0x0,0x0,0x8,0x0,0x59,0x0,0x0,0x0,
0x0,0x0,0x0,0x0,0xb7,0x3,0x50,0x0,
0xb7,0x3,0x50,0x0,0x0,0x0,0x0,0x0,
0x0,0x0,0x8,0x0,0x5b,0x0,0x0,0x0,
0x0,0x0,0x0,0x0,0xc2,0x3,0x50,0x0,
0xc2,0x3,0x50,0x0,0x0,0x0,0x0,0x0,
0x0,0x0,0x8,0x0,0x5d,0x0,0x0,0x0,
0x0,0x0,0x0,0x0,0xcc,0x3,0x50,0x0,
0xcc,0x3,0x50,0x0,0x0,0x0,0x0,0x0,
0x0,0x0,0x8,0x0,0x5f,0x0,0x0,0x0,
0x0,0x0,0x0,0x0,0xed,0x3,0x10,0x0,
0xed,0x3,0x10,0x0,0x0,0x0,0x0,0x0,
0x0,0x0,0x8,0x0,0x61,0x0,0x0,0x0,
0x0,0x0,0x0,0x0,0xf9,0x3,0x10,0x0,
0xf9,0x3,0x10,0x0,0x0,0x0,0x0,0x0,
0x0,0x0,0x8,0x0,0x63,0x0,0x0,0x0,
0x0,0x0,0x0,0x0,0xb,0x4,0x10,0x0,
0xb,0x4,0x10,0x0,0x0,0x0,0x0,0x0,
0x0,0x0,0x8,0x0,0x65,0x0,0x0,0x0,
0x0,0x0,0x0,0x0,0x27,0x4,0x50,0x0,
0x27,0x4,0x50,0x0,0x0,0x0,0x0,0x0,
0x0,0x0,0x8,0x0,0x67,0x0,0x0,0x0,
0x0,0x0,0x0,0x0,0x31,0x4,0x50,0x0,
0x31,0x4,0x50,0x0,0x0,0x0,0x0,0x0,
0x0,0x0,0x8,0x0,0x69,0x0,0x0,0x0,
0x0,0x0,0x0,0x0,0x3c,0x4,0x50,0x0,
0x3c,0x4,0x50,0x0,0x0,0x0,0x0,0x0,
0x0,0x0,0x8,0x0,0x6a,0x0,0x0,0x0,
0x0,0x0,0x0,0x0,0x42,0x4,0x50,0x0,
0x42,0x4,0x50,0x0,0x0,0x0,0x0,0x0,
0x0,0x0,0x8,0x0,0x6c,0x0,0x0,0x0,
0x0,0x0,0x0,0x0,0x4d,0x4,0x50,0x0,
0x4d,0x4,0x50,0x0,0x0,0x0,0x0,0x0,
0x0,0x0,0x8,0x0,0x6e,0x0,0x0,0x0,
0x0,0x0,0x0,0x0,0x57,0x4,0x50,0x0,
0x57,0x4,0x50,0x0,0x0,0x0,0x0,0x0,
0x0,0x0,0x8,0x0,0x70,0x0,0x0,0x0,
0x0,0x0,0x0,0x0,0x62,0x4,0x50,0x0,
0x62,0x4,0x50,0x0,0x0,0x0,0x0,0x0,
0x0,0x0,0x8,0x0,0x72,0x0,0x0,0x0,
0x0,0x0,0x0,0x0,0x6c,0x4,0x50,0x0,
0x6c,0x4,0x50,0x0,0x0,0x0,0x0,0x0,
0x0,0x0,0x8,0x0,0x74,0x0,0x0,0x0,
0x0,0x0,0x0,0x0,0x84,0x4,0x10,0x0,
0x84,0x4,0x10,0x0,0x0,0x0,0x0,0x0,
0x0,0x0,0x8,0x0,0x75,0x0,0x0,0x0,
0x0,0x0,0x0,0x0,0x9d,0x4,0x50,0x0,
0x9d,0x4,0x50,0x0,0x36,0x0,0x0,0x0,
0x0,0x0,0x9,0x0,0x6,0x0,0x0,0x0,
0x0,0x0,0x0,0x0,0x99,0x0,0x50,0x0,
0x99,0x0,0xa0,0x0,0x2a,0x0,0x0,0x0,
0x0,0x0,0x9,0x0,0x4,0x0,0x0,0x0,
0x0,0x0,0x0,0x0,0x71,0x0,0x50,0x0,
0x71,0x0,0xf0,0x0,0xfc,0x0,0x0,0x0,
0x2,0x0,0x0,0x0,0x82,0x4,0x80,0x0,
0xfd,0x0,0x0,0x0,0x5,0x0,0x0,0x0,
0xff,0x0,0x0,0x0,0x5,0x0,0x0,0x0,
0x0,0x0,0x0,0x0,0x0,0x0,0x0,0x0,
0x1b,0x0,0x0,0x0,0x0,0x0,0x0,0x0,
0x0,0x0,0xff,0xff,0xff,0xff,0xff,0xff,
0x0,0x0,0x0,0x0,0x54,0x0,0x0,0x0,
0x54,0x0,0x0,0x0,0x54,0x0,0x0,0x0,
0x0,0x0,0x0,0x0,0x54,0x0,0x0,0x0,
0x54,0x0,0x0,0x0,0x0,0x0,0x3,0x0,
0x54,0x0,0x0,0x0,0x0,0x0,0x0,0x0,
0x9c,0x0,0x0,0x0,0x4e,0x0,0x10,0x0,
0x0,0x0,0x0,0x0,0x9c,0x0,0x0,0x0,
0x0,0x0,0x0,0x0,0x9c,0x0,0x0,0x0,
0x0,0x0,0x0,0x0,0x20,0x0,0x0,0x0,
0x0,0x0,0x7,0x0,0xf,0x0,0x0,0x0,
0x0,0x0,0x0,0x0,0x51,0x0,0x50,0x0,
0x51,0x0,0xd0,0x1,0x1e,0x0,0x0,0x0,
0x0,0x0,0x7,0x0,0xe,0x0,0x0,0x0,
0x0,0x0,0x0,0x0,0x50,0x0,0x50,0x0,
0x50,0x0,0xc0,0x1,0x1c,0x0,0x0,0x0,
0x0,0x0,0x7,0x0,0xd,0x0,0x0,0x0,
0x0,0x0,0x0,0x0,0x4f,0x0,0x50,0x0,
0x4f,0x0,0xd0,0x0,0x0,0x0,0x0,0x0,
0x22,0x0,0x0,0x0,0x23,0x0,0x0,0x0,
0x0,0x0,0xff,0xff,0xff,0xff,0xff,0xff,
0x0,0x0,0x0,0x0,0x54,0x0,0x0,0x0,
0x54,0x0,0x0,0x0,0x54,0x0,0x0,0x0,
0x0,0x0,0x0,0x0,0x54,0x0,0x0,0x0,
0x54,0x0,0x0,0x0,0x0,0x0,0x0,0x0,
0x54,0x0,0x0,0x0,0x0,0x0,0x0,0x0,
0x54,0x0,0x0,0x0,0x55,0x0,0x50,0x0,
0x56,0x0,0x90,0x0,0x54,0x0,0x0,0x0,
0x0,0x0,0x0,0x0,0x54,0x0,0x0,0x0,
0x0,0x0,0x0,0x0,0x0,0x0,0x0,0x0,
0x1b,0x0,0x0,0x0,0x0,0x0,0x0,0x0,
0x0,0x0,0xff,0xff,0xff,0xff,0xff,0xff,
0x0,0x0,0x0,0x0,0x54,0x0,0x0,0x0,
0x54,0x0,0x0,0x0,0x54,0x0,0x0,0x0,
0x0,0x0,0x0,0x0,0x54,0x0,0x0,0x0,
0x54,0x0,0x0,0x0,0x0,0x0,0x2,0x0,
0x54,0x0,0x0,0x0,0x0,0x0,0x0,0x0,
0x84,0x0,0x0,0x0,0x6c,0x0,0x50,0x0,
0x0,0x0,0x0,0x0,0x84,0x0,0x0,0x0,
0x0,0x0,0x0,0x0,0x84,0x0,0x0,0x0,
0x0,0x0,0x0,0x0,0x28,0x0,0x0,0x0,
0x0,0x0,0x7,0x0,0x11,0x0,0x0,0x0,
0x0,0x0,0x0,0x0,0x6e,0x0,0x90,0x0,
0x6e,0x0,0xf0,0x1,0x1c,0x0,0x0,0x0,
0x0,0x0,0x7,0x0,0x10,0x0,0x0,0x0,
0x0,0x0,0x0,0x0,0x6d,0x0,0x90,0x0,
0x6d,0x0,0x10,0x1,0x0,0x0,0x0,0x0,
0x0,0x0,0x0,0x0,0x0,0x0,0x0,0x0,
0x0,0x0,0xff,0xff,0xff,0xff,0xff,0xff,
0x0,0x0,0x0,0x0,0x54,0x0,0x0,0x0,
0x54,0x0,0x0,0x0,0x54,0x0,0x0,0x0,
0x0,0x0,0x0,0x0,0x54,0x0,0x0,0x0,
0x54,0x0,0x0,0x0,0x0,0x0,0x1,0x0,
0x54,0x0,0x0,0x0,0x0,0x0,0x0,0x0,
0x6c,0x0,0x0,0x0,0x71,0x0,0x50,0x0,
0x0,0x0,0x0,0x0,0x6c,0x0,0x0,0x0,
0x0,0x0,0x0,0x0,0x6c,0x0,0x0,0x0,
0x0,0x0,0x0,0x0,0x2b,0x0,0x0,0x0,
0x0,0x0,0x7,0x0,0x12,0x0,0x0,0x0,
0x0,0x0,0x0,0x0,0x71,0x0,0xf0,0x0,
0x71,0x0,0xc0,0x1,0x0,0x0,0x0,0x0,
0x2e,0x0,0x0,0x0,0x2f,0x0,0x0,0x0,
0x0,0x0,0xff,0xff,0xff,0xff,0xff,0xff,
0x0,0x0,0x0,0x0,0x54,0x0,0x0,0x0,
0x54,0x0,0x0,0x0,0x54,0x0,0x0,0x0,
0x0,0x0,0x0,0x0,0x54,0x0,0x0,0x0,
0x54,0x0,0x0,0x0,0x0,0x0,0x3,0x0,
0x54,0x0,0x0,0x0,0x0,0x0,0x0,0x0,
0x9c,0x0,0x0,0x0,0x80,0x0,0x50,0x0,
0x81,0x0,0x90,0x0,0x9c,0x0,0x0,0x0,
0x0,0x0,0x0,0x0,0x9c,0x0,0x0,0x0,
0x0,0x0,0x0,0x0,0x32,0x0,0x0,0x0,
0x0,0x0,0x7,0x0,0x13,0x0,0x0,0x0,
0x0,0x0,0x0,0x0,0x84,0x0,0x90,0x0,
0x84,0x0,0x60,0x1,0x31,0x0,0x0,0x0,
0x0,0x0,0x1,0x0,0x0,0x0,0x0,0x0,
0x0,0x0,0x0,0x0,0x83,0x0,0x90,0x0,
0x83,0x0,0x10,0x1,0x30,0x0,0x0,0x0,
0x0,0x0,0x2,0x0,0x2,0x0,0x0,0x0,
0x0,0x0,0x0,0x0,0x82,0x0,0x90,0x0,
0x82,0x0,0x30,0x1,0x0,0x0,0x0,0x0,
0x0,0x0,0x0,0x0,0x0,0x0,0x0,0x0,
0x0,0x0,0xff,0xff,0xff,0xff,0xff,0xff,
0x0,0x0,0x0,0x0,0x54,0x0,0x0,0x0,
0x54,0x0,0x0,0x0,0x54,0x0,0x0,0x0,
0x0,0x0,0x0,0x0,0x54,0x0,0x0,0x0,
0x54,0x0,0x0,0x0,0x0,0x0,0x1,0x0,
0x54,0x0,0x0,0x0,0x0,0x0,0x0,0x0,
0x6c,0x0,0x0,0x0,0x99,0x0,0x50,0x0,
0x0,0x0,0x0,0x0,0x6c,0x0,0x0,0x0,
0x0,0x0,0x0,0x0,0x6c,0x0,0x0,0x0,
0x0,0x0,0x0,0x0,0x37,0x0,0x0,0x0,
0x0,0x0,0x7,0x0,0x14,0x0,0x0,0x0,
0x0,0x0,0x0,0x0,0x99,0x0,0xa0,0x0,
0x99,0x0,0x50,0x1,0x0,0x0,0x0,0x0,
0x84,0x0,0x0,0x0,0x7f,0x0,0x0,0x0,
0x0,0x0,0xff,0xff,0xff,0xff,0xff,0xff,
0x0,0x0,0x0,0x0,0x54,0x0,0x0,0x0,
0x54,0x0,0x0,0x0,0x54,0x0,0x0,0x0,
0x0,0x0,0x0,0x0,0x54,0x0,0x0,0x0,
0x54,0x0,0x0,0x0,0x0,0x0,0x9,0x0,
0x54,0x0,0x0,0x0,0x0,0x0,0x0,0x0,
0x2c,0x1,0x0,0x0,0xc9,0x0,0x10,0x0,
0xca,0x0,0x50,0x0,0x2c,0x1,0x0,0x0,
0x0,0x0,0x0,0x0,0x2c,0x1,0x0,0x0,
0x0,0x0,0x0,0x0,0x93,0x0,0x0,0x0,
0x0,0x0,0x1,0x0,0x1,0x0,0x0,0x0,
0x0,0x0,0x0,0x0,0xd3,0x0,0x50,0x0,
0xd3,0x0,0xe0,0x0,0x91,0x0,0x0,0x0,
0x0,0x0,0x7,0x0,0x18,0x0,0x0,0x0,
0x0,0x0,0x0,0x0,0xd2,0x0,0x50,0x0,
0xd2,0x0,0x80,0x1,0x7,0x0,0x0,0x0,
0x0,0x0,0x7,0x0,0x17,0x0,0x0,0x0,
0x0,0x0,0x0,0x0,0xd1,0x0,0x50,0x0,
0xd1,0x0,0xd0,0x0,0x6,0x0,0x0,0x0,
0x0,0x0,0x7,0x0,0x16,0x0,0x0,0x0,
0x0,0x0,0x0,0x0,0xd0,0x0,0x50,0x0,
0xd0,0x0,0xc0,0x0,0x8d,0x0,0x0,0x0,
0x0,0x0,0x7,0x0,0x15,0x0,0x0,0x0,
0x0,0x0,0x0,0x0,0xcf,0x0,0x50,0x0,
0xcf,0x0,0x80,0x0,0x8c,0x0,0x0,0x0,
0x0,0x0,0x2,0x0,0x3,0x0,0x0,0x0,
0x0,0x0,0x0,0x0,0xce,0x0,0x50,0x0,
0xce,0x0,0x80,0x0,0x87,0x0,0x0,0x0,
0x0,0x0,0x3,0x0,0x0,0x0,0x0,0x0,
0x88,0x0,0x0,0x0,0xcc,0x0,0x50,0x0,
0xcc,0x0,0xc0,0x0,0x85,0x0,0x0,0x0,
0x0,0x0,0x5,0x0,0x0,0x0,0x0,0x0,
0x0,0x0,0x0,0x0,0xcb,0x0,0x50,0x0,
0xcb,0x0,0xb0,0x0,0x89,0x0,0x0,0x0,
0x0,0x0,0xa,0x0,0x8,0x0,0x0,0x0,
0x0,0x0,0x0,0x0,0xcd,0x0,0x50,0x0,
0xcd,0x0,0xa0,0x0,0x0,0x0,0x0,0x0,
0x0,0x0,0x0,0x0,0x0,0x0,0x0,0x0,
0x0,0x0,0xff,0xff,0xff,0xff,0xff,0xff,
0x0,0x0,0x0,0x0,0x54,0x0,0x0,0x0,
0x54,0x0,0x0,0x0,0x54,0x0,0x0,0x0,
0x0,0x0,0x0,0x0,0x54,0x0,0x0,0x0,
0x54,0x0,0x0,0x0,0x0,0x0,0x1,0x0,
0x54,0x0,0x0,0x0,0x0,0x0,0x0,0x0,
0x6c,0x0,0x0,0x0,0xcd,0x0,0x50,0x0,
0x0,0x0,0x0,0x0,0x6c,0x0,0x0,0x0,
0x0,0x0,0x0,0x0,0x6c,0x0,0x0,0x0,
0x0,0x0,0x0,0x0,0x8a,0x0,0x0,0x0,
0x0,0x0,0x7,0x0,0x19,0x0,0x0,0x0,
0x0,0x0,0x0,0x0,0xcd,0x0,0xa0,0x0,
0xcd,0x0,0x50,0x1,0x0,0x0,0x0,0x0,
0x94,0x0,0x0,0x0,0x80,0x0,0x0,0x0,
0x0,0x0,0xff,0xff,0xff,0xff,0xff,0xff,
0x0,0x0,0x0,0x0,0x54,0x0,0x0,0x0,
0x54,0x0,0x0,0x0,0x54,0x0,0x0,0x0,
0x0,0x0,0x0,0x0,0x54,0x0,0x0,0x0,
0x54,0x0,0x0,0x0,0x0,0x0,0xb,0x0,
0x54,0x0,0x0,0x0,0x0,0x0,0x0,0x0,
0x5c,0x1,0x0,0x0,0xd8,0x0,0x10,0x0,
0xd9,0x0,0x50,0x0,0x5c,0x1,0x0,0x0,
0x0,0x0,0x0,0x0,0x5c,0x1,0x0,0x0,
0x0,0x0,0x0,0x0,0xac,0x0,0x0,0x0,
0x0,0x0,0x7,0x0,0x1f,0x0,0x0,0x0,
0x0,0x0,0x0,0x0,0x16,0x1,0x50,0x0,
0x16,0x1,0x20,0x1,0xab,0x0,0x0,0x0,
0x0,0x0,0x8,0x0,0xc,0x0,0x0,0x0,
0x0,0x0,0x0,0x0,0xeb,0x0,0x50,0x0,
0xeb,0x0,0xc0,0x0,0x9d,0x0,0x0,0x0,
0x0,0x0,0x8,0x0,0xb,0x0,0x0,0x0,
0x0,0x0,0x0,0x0,0xe3,0x0,0x10,0x0,
0xe3,0x0,0xe0,0x0,0x98,0x0,0x0,0x0,
0x0,0x0,0x3,0x0,0x0,0x0,0x0,0x0,
0x99,0x0,0x0,0x0,0xe1,0x0,0x50,0x0,
0xe1,0x0,0xf0,0x0,0x96,0x0,0x0,0x0,
0x0,0x0,0x7,0x0,0x1e,0x0,0x0,0x0,
0x0,0x0,0x0,0x0,0xe0,0x0,0x50,0x0,
0xe0,0x0,0xc0,0x0,0x93,0x0,0x0,0x0,
0x0,0x0,0x1,0x0,0x1,0x0,0x0,0x0,
0x0,0x0,0x0,0x0,0xdf,0x0,0x50,0x0,
0xdf,0x0,0xe0,0x0,0x7,0x0,0x0,0x0,
0x0,0x0,0x7,0x0,0x1d,0x0,0x0,0x0,
0x0,0x0,0x0,0x0,0xdd,0x0,0x50,0x0,
0xdd,0x0,0xd0,0x0,0x6,0x0,0x0,0x0,
0x0,0x0,0x7,0x0,0x1c,0x0,0x0,0x0,
0x0,0x0,0x0,0x0,0xdc,0x0,0x50,0x0,
0xdc,0x0,0xc0,0x0,0x8d,0x0,0x0,0x0,
0x0,0x0,0x7,0x0,0x1b,0x0,0x0,0x0,
0x0,0x0,0x0,0x0,0xdb,0x0,0x50,0x0,
0xdb,0x0,0x80,0x0,0x8c,0x0,0x0,0x0,
0x0,0x0,0x7,0x0,0x1a,0x0,0x0,0x0,
0x0,0x0,0x0,0x0,0xda,0x0,0x50,0x0,
0xda,0x0,0x80,0x0,0x89,0x0,0x0,0x0,
0x0,0x0,0xa,0x0,0xa,0x0,0x0,0x0,
0x0,0x0,0x0,0x0,0xde,0x0,0x50,0x0,
0xde,0x0,0xa0,0x0,0x0,0x0,0x0,0x0,
0x0,0x0,0x0,0x0,0x0,0x0,0x0,0x0,
0x0,0x0,0xff,0xff,0xff,0xff,0xff,0xff,
0x0,0x0,0x0,0x0,0x54,0x0,0x0,0x0,
0x54,0x0,0x0,0x0,0x54,0x0,0x0,0x0,
0x0,0x0,0x0,0x0,0x54,0x0,0x0,0x0,
0x54,0x0,0x0,0x0,0x0,0x0,0x1,0x0,
0x54,0x0,0x0,0x0,0x0,0x0,0x0,0x0,
0x6c,0x0,0x0,0x0,0xde,0x0,0x50,0x0,
0x0,0x0,0x0,0x0,0x6c,0x0,0x0,0x0,
0x0,0x0,0x0,0x0,0x6c,0x0,0x0,0x0,
0x0,0x0,0x0,0x0,0x8a,0x0,0x0,0x0,
0x0,0x0,0x7,0x0,0x20,0x0,0x0,0x0,
0x0,0x0,0x0,0x0,0xde,0x0,0xa0,0x0,
0xde,0x0,0x50,0x1,0x0,0x0,0x0,0x0,
0x84,0x0,0x0,0x0,0x0,0x0,0x0,0x0,
0x0,0x0,0xff,0xff,0xff,0xff,0xff,0xff,
0x0,0x0,0x0,0x0,0x54,0x0,0x0,0x0,
0x54,0x0,0x0,0x0,0x54,0x0,0x0,0x0,
0x0,0x0,0x0,0x0,0x54,0x0,0x0,0x0,
0x54,0x0,0x0,0x0,0x0,0x0,0x4,0x0,
0x54,0x0,0x0,0x0,0x0,0x0,0x0,0x0,
0xb4,0x0,0x0,0x0,0xe3,0x0,0xe0,0x0,
0x0,0x0,0x0,0x0,0xb4,0x0,0x0,0x0,
0x0,0x0,0x0,0x0,0xb4,0x0,0x0,0x0,
0x0,0x0,0x0,0x0,0x9b,0x0,0x0,0x0,
0x0,0x0,0x7,0x0,0x23,0x0,0x0,0x0,
0x0,0x0,0x0,0x0,0xe7,0x0,0x90,0x0,
0xe7,0x0,0xe0,0x1,0x91,0x0,0x0,0x0,
0x0,0x0,0x7,0x0,0x22,0x0,0x0,0x0,
0x0,0x0,0x0,0x0,0xe6,0x0,0x90,0x0,
0xe6,0x0,0xc0,0x1,0x87,0x0,0x0,0x0,
0x0,0x0,0x3,0x0,0x0,0x0,0x0,0x0,
0x88,0x0,0x0,0x0,0xe5,0x0,0x90,0x0,
0xe5,0x0,0x0,0x1,0x85,0x0,0x0,0x0,
0x0,0x0,0x7,0x0,0x21,0x0,0x0,0x0,
0x0,0x0,0x0,0x0,0xe4,0x0,0x90,0x0,
0xe4,0x0,0xf0,0x0,0x0,0x0,0x0,0x0,
0x9e,0x0,0x0,0x0,0x0,0x0,0x0,0x0,
0x0,0x0,0xff,0xff,0xff,0xff,0xff,0xff,
0x0,0x0,0x0,0x0,0x54,0x0,0x0,0x0,
0x54,0x0,0x0,0x0,0x54,0x0,0x0,0x0,
0x0,0x0,0x0,0x0,0x54,0x0,0x0,0x0,
0x54,0x0,0x0,0x0,0x0,0x0,0x2,0x0,
0x54,0x0,0x0,0x0,0x0,0x0,0x0,0x0,
0x84,0x0,0x0,0x0,0xeb,0x0,0xc0,0x0,
0x0,0x0,0x0,0x0,0x84,0x0,0x0,0x0,
0x0,0x0,0x0,0x0,0x84,0x0,0x0,0x0,
0x0,0x0,0x0,0x0,0x6,0x0,0x0,0x0,
0x0,0x0,0x7,0x0,0x24,0x0,0x0,0x0,
0x0,0x0,0x0,0x0,0xec,0x0,0x90,0x0,
0xec,0x0,0x0,0x1,0x0,0x0,0x0,0x0,
0x0,0x0,0x8,0x0,0xd,0x0,0x0,0x0,
0x0,0x0,0x0,0x0,0xef,0x0,0x90,0x0,
0xef,0x0,0x90,0x0,0x0,0x0,0x0,0x0,
0x9f,0x0,0x0,0x0,0x0,0x0,0x0,0x0,
0x0,0x0,0xff,0xff,0xff,0xff,0xff,0xff,
0x0,0x0,0x0,0x0,0x54,0x0,0x0,0x0,
0x54,0x0,0x0,0x0,0x54,0x0,0x0,0x0,
0x0,0x0,0x0,0x0,0x54,0x0,0x0,0x0,
0x54,0x0,0x0,0x0,0x0,0x0,0x4,0x0,
0x54,0x0,0x0,0x0,0x0,0x0,0x0,0x0,
0xb4,0x0,0x0,0x0,0xef,0x0,0x90,0x0,
0x0,0x0,0x0,0x0,0xb4,0x0,0x0,0x0,
0x0,0x0,0x0,0x0,0xb4,0x0,0x0,0x0,
0x0,0x0,0x0,0x0,0xa0,0x0,0x0,0x0,
0x0,0x0,0x2,0x0,0x4,0x0,0x0,0x0,
0x0,0x0,0x0,0x0,0xf1,0x0,0xd0,0x0,
0xf1,0x0,0x60,0x1,0x6,0x0,0x0,0x0,
0x0,0x0,0x7,0x0,0x25,0x0,0x0,0x0,
0x0,0x0,0x0,0x0,0xf0,0x0,0xd0,0x0,
0xf0,0x0,0x40,0x1,0x0,0x0,0x0,0x0,
0x0,0x0,0x8,0x0,0xe,0x0,0x0,0x0,
0x0,0x0,0x0,0x0,0xf3,0x0,0xd0,0x0,
0xf3,0x0,0xd0,0x0,0x0,0x0,0x0,0x0,
0x0,0x0,0x8,0x0,0x13,0x0,0x0,0x0,
0x0,0x0,0x0,0x0,0xe,0x1,0xd0,0x0,
0xe,0x1,0xd0,0x0,0x0,0x0,0x0,0x0,
0xa1,0x0,0x0,0x0,0x0,0x0,0x0,0x0,
0x0,0x0,0xff,0xff,0xff,0xff,0xff,0xff,
0x0,0x0,0x0,0x0,0x54,0x0,0x0,0x0,
0x54,0x0,0x0,0x0,0x54,0x0,0x0,0x0,
0x0,0x0,0x0,0x0,0x54,0x0,0x0,0x0,
0x54,0x0,0x0,0x0,0x0,0x0,0x2,0x0,
0x54,0x0,0x0,0x0,0x0,0x0,0x0,0x0,
0x84,0x0,0x0,0x0,0xf3,0x0,0xd0,0x0,
0x0,0x0,0x0,0x0,0x84,0x0,0x0,0x0,
0x0,0x0,0x0,0x0,0x84,0x0,0x0,0x0,
0x0,0x0,0x0,0x0,0xa8,0x0,0x0,0x0,
0x0,0x0,0x8,0x0,0xf,0x0,0x0,0x0,
0x0,0x0,0x0,0x0,0xf5,0x0,0x10,0x1,
0xf5,0x0,0xb0,0x1,0x96,0x0,0x0,0x0,
0x0,0x0,0x7,0x0,0x26,0x0,0x0,0x0,
0x0,0x0,0x0,0x0,0xf4,0x0,0x10,0x1,
0xf4,0x0,0x80,0x1,0x0,0x0,0x0,0x0,
0x4,0x0,0x0,0x0,0x0,0x0,0x0,0x0,
0x0,0x0,0xff,0xff,0xff,0xff,0xff,0xff,
0x0,0x0,0x0,0x0,0x54,0x0,0x0,0x0,
0x54,0x0,0x0,0x0,0x54,0x0,0x0,0x0,
0x0,0x0,0x0,0x0,0x54,0x0,0x0,0x0,
0x54,0x0,0x0,0x0,0x0,0x0,0x3,0x0,
0x54,0x0,0x0,0x0,0x0,0x0,0x0,0x0,
0x9c,0x0,0x0,0x0,0xf5,0x0,0xb0,0x1,
0x0,0x0,0x0,0x0,0x9c,0x0,0x0,0x0,
0x0,0x0,0x0,0x0,0x9c,0x0,0x0,0x0,
0x0,0x0,0x0,0x0,0x7,0x0,0x0,0x0,
0x0,0x0,0x2,0x0,0x5,0x0,0x0,0x0,
0x0,0x0,0x0,0x0,0xf7,0x0,0x50,0x1,
0xf7,0x0,0xd0,0x1,0x6,0x0,0x0,0x0,
0x0,0x0,0x7,0x0,0x27,0x0,0x0,0x0,
0x0,0x0,0x0,0x0,0xf6,0x0,0x50,0x1,
0xf6,0x0,0xc0,0x1,0x0,0x0,0x0,0x0,
0x0,0x0,0x8,0x0,0x10,0x0,0x0,0x0,
0x0,0x0,0x0,0x0,0xf8,0x0,0x50,0x1,
0xf8,0x0,0x50,0x1,0x0,0x0,0x0,0x0,
0x84,0x0,0x0,0x0,0x0,0x0,0x0,0x0,
0x0,0x0,0xff,0xff,0xff,0xff,0xff,0xff,
0x0,0x0,0x0,0x0,0x54,0x0,0x0,0x0,
0x54,0x0,0x0,0x0,0x54,0x0,0x0,0x0,
0x0,0x0,0x0,0x0,0x54,0x0,0x0,0x0,
0x54,0x0,0x0,0x0,0x0,0x0,0x6,0x0,
0x54,0x0,0x0,0x0,0x0,0x0,0x0,0x0,
0xe4,0x0,0x0,0x0,0xf8,0x0,0x50,0x1,
0x0,0x0,0x0,0x0,0xe4,0x0,0x0,0x0,
0x0,0x0,0x0,0x0,0xe4,0x0,0x0,0x0,
0x0,0x0,0x0,0x0,0x87,0x0,0x0,0x0,
0x0,0x0,0x3,0x0,0x0,0x0,0x0,0x0,
0x88,0x0,0x0,0x0,0xfd,0x0,0x90,0x1,
0xfd,0x0,0x0,0x2,0x91,0x0,0x0,0x0,
0x0,0x0,0x7,0x0,0x2b,0x0,0x0,0x0,
0x0,0x0,0x0,0x0,0xfc,0x0,0x90,0x1,
0xfc,0x0,0xc0,0x2,0x7,0x0,0x0,0x0,
0x0,0x0,0x7,0x0,0x2a,0x0,0x0,0x0,
0x0,0x0,0x0,0x0,0xfb,0x0,0x90,0x1,
0xfb,0x0,0x10,0x2,0x6,0x0,0x0,0x0,
0x0,0x0,0x7,0x0,0x29,0x0,0x0,0x0,
0x0,0x0,0x0,0x0,0xfa,0x0,0x90,0x1,
0xfa,0x0,0x0,0x2,0x85,0x0,0x0,0x0,
0x0,0x0,0x7,0x0,0x28,0x0,0x0,0x0,
0x0,0x0,0x0,0x0,0xf9,0x0,0x90,0x1,
0xf9,0x0,0xf0,0x1,0x0,0x0,0x0,0x0,
0x0,0x0,0x8,0x0,0x11,0x0,0x0,0x0,
0x0,0x0,0x0,0x0,0xfe,0x0,0x90,0x1,
0xfe,0x0,0x90,0x1,0x0,0x0,0x0,0x0,
0xa2,0x0,0x0,0x0,0x0,0x0,0x0,0x0,
0x0,0x0,0xff,0xff,0xff,0xff,0xff,0xff,
0x0,0x0,0x0,0x0,0x54,0x0,0x0,0x0,
0x54,0x0,0x0,0x0,0x54,0x0,0x0,0x0,
0x0,0x0,0x0,0x0,0x54,0x0,0x0,0x0,
0x54,0x0,0x0,0x0,0x0,0x0,0x2,0x0,
0x54,0x0,0x0,0x0,0x0,0x0,0x0,0x0,
0x84,0x0,0x0,0x0,0xfe,0x0,0x90,0x1,
0x0,0x0,0x0,0x0,0x84,0x0,0x0,0x0,
0x0,0x0,0x0,0x0,0x84,0x0,0x0,0x0,
0x0,0x0,0x0,0x0,0xa6,0x0,0x0,0x0,
0x0,0x0,0x7,0x0,0x2c,0x0,0x0,0x0,
0x0,0x0,0x0,0x0,0x0,0x1,0xd0,0x1,
0x0,0x1,0x80,0x2,0xa3,0x0,0x0,0x0,
0x0,0x0,0xa,0x0,0x12,0x0,0x0,0x0,
0x0,0x0,0x0,0x0,0xff,0x0,0xd0,0x1,
0xff,0x0,0x50,0x2,0x0,0x0,0x0,0x0,
0x0,0x0,0x0,0x0,0x0,0x0,0x0,0x0,
0x0,0x0,0xff,0xff,0xff,0xff,0xff,0xff,
0x0,0x0,0x0,0x0,0x54,0x0,0x0,0x0,
0x54,0x0,0x0,0x0,0x54,0x0,0x0,0x0,
0x0,0x0,0x0,0x0,0x54,0x0,0x0,0x0,
0x54,0x0,0x0,0x0,0x0,0x0,0x1,0x0,
0x54,0x0,0x0,0x0,0x0,0x0,0x0,0x0,
0x6c,0x0,0x0,0x0,0xff,0x0,0xd0,0x1,
0x0,0x0,0x0,0x0,0x6c,0x0,0x0,0x0,
0x0,0x0,0x0,0x0,0x6c,0x0,0x0,0x0,
0x0,0x0,0x0,0x0,0xa4,0x0,0x0,0x0,
0x0,0x0,0x7,0x0,0x2d,0x0,0x0,0x0,
0x0,0x0,0x0,0x0,0xff,0x0,0x50,0x2,
0xff,0x0,0xb0,0x2,0x0,0x0,0x0,0x0,
0xa9,0x0,0x0,0x0,0x0,0x0,0x0,0x0,
0x0,0x0,0xff,0xff,0xff,0xff,0xff,0xff,
0x0,0x0,0x0,0x0,0x54,0x0,0x0,0x0,
0x54,0x0,0x0,0x0,0x54,0x0,0x0,0x0,
0x0,0x0,0x0,0x0,0x54,0x0,0x0,0x0,
0x54,0x0,0x0,0x0,0x0,0x0,0x3,0x0,
0x54,0x0,0x0,0x0,0x0,0x0,0x0,0x0,
0x9c,0x0,0x0,0x0,0xe,0x1,0xd0,0x0,
0x0,0x0,0x0,0x0,0x9c,0x0,0x0,0x0,
0x0,0x0,0x0,0x0,0x9c,0x0,0x0,0x0,
0x0,0x0,0x0,0x0,0xa6,0x0,0x0,0x0,
0x0,0x0,0x7,0x0,0x2f,0x0,0x0,0x0,
0x0,0x0,0x0,0x0,0x11,0x1,0x10,0x1,
0x11,0x1,0xc0,0x1,0x6,0x0,0x0,0x0,
0x0,0x0,0x7,0x0,0x2e,0x0,0x0,0x0,
0x0,0x0,0x0,0x0,0x10,0x1,0x10,0x1,
0x10,0x1,0x80,0x1,0x85,0x0,0x0,0x0,
0x0,0x0,0x5,0x0,0x1,0x0,0x0,0x0,
0x0,0x0,0x0,0x0,0xf,0x1,0x10,0x1,
0xf,0x1,0x70,0x1,0x0,0x0,0x0,0x0,
0x2e,0x0,0x0,0x0,0x4c,0x0,0x0,0x0,
0x0,0x0,0xff,0xff,0xff,0xff,0xff,0xff,
0x1,0x0,0x3,0x0,0x54,0x0,0x0,0x0,
0x58,0x0,0x0,0x0,0x7c,0x0,0x0,0x0,
0x0,0x0,0x0,0x0,0x7c,0x0,0x0,0x0,
0x7c,0x0,0x0,0x0,0x0,0x0,0x7,0x0,
0x7c,0x0,0x0,0x0,0x0,0x0,0x0,0x0,
0x24,0x1,0x0,0x0,0x20,0x1,0x50,0x0,
0x21,0x1,0x90,0x0,0x24,0x1,0x0,0x0,
0x0,0x0,0x0,0x0,0x24,0x1,0x0,0x0,
0x0,0x0,0x0,0x0,0x31,0x0,0x0,0x0,
0xaf,0x0,0x0,0x0,0x2,0x0,0x0,0x20,
0x25,0x1,0x90,0x0,0xb0,0x0,0x0,0x0,
0x2,0x0,0x0,0x20,0x26,0x1,0x90,0x0,
0xb1,0x0,0x0,0x0,0x2,0x0,0x0,0x20,
0x27,0x1,0x90,0x0,0x32,0x0,0x0,0x0,
0x0,0x0,0x7,0x0,0x30,0x0,0x0,0x0,
0x0,0x0,0x0,0x0,0x28,0x1,0x90,0x0,
0x28,0x1,0x60,0x1,0xb1,0x0,0x0,0x0,
0x0,0x0,0x2,0x0,0x7,0x0,0x0,0x0,
0x0,0x0,0x0,0x0,0x27,0x1,0x60,0x1,
0x27,0x1,0x20,0x2,0xb0,0x0,0x0,0x0,
0x0,0x0,0x2,0x0,0x7,0x0,0x0,0x0,
0x0,0x0,0x0,0x0,0x26,0x1,0x60,0x1,
0x26,0x1,0xd0,0x1,0xaf,0x0,0x0,0x0,
0x0,0x0,0x2,0x0,0x7,0x0,0x0,0x0,
0x0,0x0,0x0,0x0,0x25,0x1,0x60,0x1,
0x25,0x1,0xb0,0x1,0x31,0x0,0x0,0x0,
0x0,0x0,0x1,0x0,0x1,0x0,0x0,0x0,
0x0,0x0,0x0,0x0,0x24,0x1,0x90,0x0,
0x24,0x1,0x10,0x1,0xae,0x0,0x0,0x0,
0x0,0x0,0x1,0x0,0x1,0x0,0x0,0x0,
0x0,0x0,0x0,0x0,0x23,0x1,0x90,0x0,
0x23,0x1,0x20,0x1,0x30,0x0,0x0,0x0,
0x0,0x0,0x2,0x0,0x6,0x0,0x0,0x0,
0x0,0x0,0x0,0x0,0x22,0x1,0x90,0x0,
0x22,0x1,0x30,0x1,0x0,0x0,0x0,0x0,
0x94,0x0,0x0,0x0,0x4e,0x0,0x0,0x0,
0x0,0x0,0xff,0xff,0xff,0xff,0xff,0xff,
0x0,0x0,0x1,0x0,0x54,0x0,0x0,0x0,
0x54,0x0,0x0,0x0,0x60,0x0,0x0,0x0,
0x0,0x0,0x0,0x0,0x60,0x0,0x0,0x0,
0x60,0x0,0x0,0x0,0x0,0x0,0xb,0x0,
0x60,0x0,0x0,0x0,0x0,0x0,0x0,0x0,
0x68,0x1,0x0,0x0,0x42,0x1,0x50,0x0,
0x43,0x1,0x90,0x0,0x68,0x1,0x0,0x0,
0x0,0x0,0x0,0x0,0x68,0x1,0x0,0x0,
0x0,0x0,0x0,0x0,0xb3,0x0,0x0,0x0,
0x3,0x0,0x0,0x20,0x44,0x1,0x90,0x0,
0xba,0x0,0x0,0x0,0x0,0x0,0x7,0x0,
0x36,0x0,0x0,0x0,0x0,0x0,0x0,0x0,
0x54,0x1,0x90,0x0,0x54,0x1,0xf0,0x1,
0x9d,0x0,0x0,0x0,0x0,0x0,0x8,0x0,
0x17,0x0,0x0,0x0,0x0,0x0,0x0,0x0,
0x4d,0x1,0x90,0x0,0x4d,0x1,0x60,0x1,
0x96,0x0,0x0,0x0,0x0,0x0,0x7,0x0,
0x35,0x0,0x0,0x0,0x0,0x0,0x0,0x0,
0x4c,0x1,0x90,0x0,0x4c,0x1,0x0,0x1,
0xb5,0x0,0x0,0x0,0x0,0x0,0x7,0x0,
0x34,0x0,0x0,0x0,0x0,0x0,0x0,0x0,
0x4b,0x1,0x90,0x0,0x4b,0x1,0x60,0x1,
0xb4,0x0,0x0,0x0,0x0,0x0,0x2,0x0,
0x8,0x0,0x0,0x0,0x0,0x0,0x0,0x0,
0x4a,0x1,0x90,0x0,0x4a,0x1,0x70,0x1,
0x7,0x0,0x0,0x0,0x0,0x0,0x7,0x0,
0x33,0x0,0x0,0x0,0x0,0x0,0x0,0x0,
0x48,0x1,0x90,0x0,0x48,0x1,0x10,0x1,
0x6,0x0,0x0,0x0,0x0,0x0,0x7,0x0,
0x32,0x0,0x0,0x0,0x0,0x0,0x0,0x0,
0x47,0x1,0x90,0x0,0x47,0x1,0x0,0x1,
0x8d,0x0,0x0,0x0,0x0,0x0,0x2,0x0,
0x7,0x0,0x0,0x0,0x0,0x0,0x0,0x0,
0x46,0x1,0x90,0x0,0x46,0x1,0xc0,0x0,
0x8c,0x0,0x0,0x0,0x0,0x0,0x2,0x0,
0x4,0x0,0x0,0x0,0x0,0x0,0x0,0x0,
0x45,0x1,0x90,0x0,0x45,0x1,0xc0,0x0,
0xb3,0x0,0x0,0x0,0x0,0x0,0x1,0x0,
0x0,0x0,0x0,0x0,0x0,0x0,0x0,0x0,
0x44,0x1,0x70,0x1,0x44,0x1,0xf0,0x1,
0x89,0x0,0x0,0x0,0x0,0x0,0xa,0x0,
0x16,0x0,0x0,0x0,0x0,0x0,0x0,0x0,
0x49,0x1,0x90,0x0,0x49,0x1,0xe0,0x0,
0x0,0x0,0x0,0x0,0x0,0x0,0x0,0x0,
0x0,0x0,0xff,0xff,0xff,0xff,0xff,0xff,
0x0,0x0,0x0,0x0,0x54,0x0,0x0,0x0,
0x54,0x0,0x0,0x0,0x54,0x0,0x0,0x0,
0x0,0x0,0x0,0x0,0x54,0x0,0x0,0x0,
0x54,0x0,0x0,0x0,0x0,0x0,0x1,0x0,
0x54,0x0,0x0,0x0,0x0,0x0,0x0,0x0,
0x6c,0x0,0x0,0x0,0x49,0x1,0x90,0x0,
0x0,0x0,0x0,0x0,0x6c,0x0,0x0,0x0,
0x0,0x0,0x0,0x0,0x6c,0x0,0x0,0x0,
0x0,0x0,0x0,0x0,0x8a,0x0,0x0,0x0,
0x0,0x0,0x7,0x0,0x37,0x0,0x0,0x0,
0x0,0x0,0x0,0x0,0x49,0x1,0xe0,0x0,
0x49,0x1,0x90,0x1,0x0,0x0,0x0,0x0,
0x84,0x0,0x0,0x0,0x0,0x0,0x0,0x0,
0x0,0x0,0xff,0xff,0xff,0xff,0xff,0xff,
0x0,0x0,0x0,0x0,0x54,0x0,0x0,0x0,
0x54,0x0,0x0,0x0,0x54,0x0,0x0,0x0,
0x0,0x0,0x0,0x0,0x54,0x0,0x0,0x0,
0x54,0x0,0x0,0x0,0x0,0x0,0x5,0x0,
0x54,0x0,0x0,0x0,0x0,0x0,0x0,0x0,
0xcc,0x0,0x0,0x0,0x4d,0x1,0x60,0x1,
0x0,0x0,0x0,0x0,0xcc,0x0,0x0,0x0,
0x0,0x0,0x0,0x0,0xcc,0x0,0x0,0x0,
0x0,0x0,0x0,0x0,0x87,0x0,0x0,0x0,
0x0,0x0,0x7,0x0,0x3b,0x0,0x0,0x0,
0x0,0x0,0x0,0x0,0x52,0x1,0xd0,0x0,
0x52,0x1,0x40,0x1,0x91,0x0,0x0,0x0,
0x0,0x0,0x7,0x0,0x3a,0x0,0x0,0x0,
0x0,0x0,0x0,0x0,0x51,0x1,0xd0,0x0,
0x51,0x1,0x0,0x2,0xb8,0x0,0x0,0x0,
0x0,0x0,0x2,0x0,0x3,0x0,0x0,0x0,
0x0,0x0,0x0,0x0,0x50,0x1,0xd0,0x0,
0x50,0x1,0xa0,0x1,0x89,0x0,0x0,0x0,
0x0,0x0,0x7,0x0,0x39,0x0,0x0,0x0,
0x0,0x0,0x0,0x0,0x4f,0x1,0xd0,0x0,
0x4f,0x1,0x30,0x1,0x85,0x0,0x0,0x0,
0x0,0x0,0x7,0x0,0x38,0x0,0x0,0x0,
0x0,0x0,0x0,0x0,0x4e,0x1,0xd0,0x0,
0x4e,0x1,0x30,0x1,0x0,0x0,0x0,0x0,
0x94,0x0,0x0,0x0,0x5a,0x0,0x0,0x0,
0x0,0x0,0xff,0xff,0xff,0xff,0xff,0xff,
0x0,0x0,0x0,0x0,0x54,0x0,0x0,0x0,
0x54,0x0,0x0,0x0,0x54,0x0,0x0,0x0,
0x0,0x0,0x0,0x0,0x54,0x0,0x0,0x0,
0x54,0x0,0x0,0x0,0x0,0x0,0xa,0x0,
0x54,0x0,0x0,0x0,0x0,0x0,0x0,0x0,
0x44,0x1,0x0,0x0,0x63,0x1,0x50,0x0,
0x64,0x1,0x90,0x0,0x44,0x1,0x0,0x0,
0x0,0x0,0x0,0x0,0x44,0x1,0x0,0x0,
0x0,0x0,0x0,0x0,0x93,0x0,0x0,0x0,
0x0,0x0,0x1,0x0,0x0,0x0,0x0,0x0,
0x0,0x0,0x0,0x0,0x76,0x1,0x90,0x0,
0x76,0x1,0x20,0x1,0xba,0x0,0x0,0x0,
0x0,0x0,0x7,0x0,0x40,0x0,0x0,0x0,
0x0,0x0,0x0,0x0,0x73,0x1,0x90,0x0,
0x73,0x1,0xf0,0x1,0x9d,0x0,0x0,0x0,
0x0,0x0,0x8,0x0,0x1a,0x0,0x0,0x0,
0x0,0x0,0x0,0x0,0x6c,0x1,0x90,0x0,
0x6c,0x1,0x60,0x1,0xb4,0x0,0x0,0x0,
0x0,0x0,0x2,0x0,0x9,0x0,0x0,0x0,
0x0,0x0,0x0,0x0,0x6b,0x1,0x90,0x0,
0x6b,0x1,0x70,0x1,0x96,0x0,0x0,0x0,
0x0,0x0,0x7,0x0,0x3f,0x0,0x0,0x0,
0x0,0x0,0x0,0x0,0x6a,0x1,0x90,0x0,
0x6a,0x1,0x0,0x1,0x7,0x0,0x0,0x0,
0x0,0x0,0x7,0x0,0x3e,0x0,0x0,0x0,
0x0,0x0,0x0,0x0,0x68,0x1,0x90,0x0,
0x68,0x1,0x10,0x1,0x6,0x0,0x0,0x0,
0x0,0x0,0x7,0x0,0x3d,0x0,0x0,0x0,
0x0,0x0,0x0,0x0,0x67,0x1,0x90,0x0,
0x67,0x1,0x0,0x1,0x8d,0x0,0x0,0x0,
0x0,0x0,0x2,0x0,0x7,0x0,0x0,0x0,
0x0,0x0,0x0,0x0,0x66,0x1,0x90,0x0,
0x66,0x1,0xc0,0x0,0x8c,0x0,0x0,0x0,
0x0,0x0,0x7,0x0,0x3c,0x0,0x0,0x0,
0x0,0x0,0x0,0x0,0x65,0x1,0x90,0x0,
0x65,0x1,0xc0,0x0,0x89,0x0,0x0,0x0,
0x0,0x0,0xa,0x0,0x19,0x0,0x0,0x0,
0x0,0x0,0x0,0x0,0x69,0x1,0x90,0x0,
0x69,0x1,0xe0,0x0,0x0,0x0,0x0,0x0,
0x0,0x0,0x0,0x0,0x0,0x0,0x0,0x0,
0x0,0x0,0xff,0xff,0xff,0xff,0xff,0xff,
0x0,0x0,0x0,0x0,0x54,0x0,0x0,0x0,
0x54,0x0,0x0,0x0,0x54,0x0,0x0,0x0,
0x0,0x0,0x0,0x0,0x54,0x0,0x0,0x0,
0x54,0x0,0x0,0x0,0x0,0x0,0x1,0x0,
0x54,0x0,0x0,0x0,0x0,0x0,0x0,0x0,
0x6c,0x0,0x0,0x0,0x69,0x1,0x90,0x0,
0x0,0x0,0x0,0x0,0x6c,0x0,0x0,0x0,
0x0,0x0,0x0,0x0,0x6c,0x0,0x0,0x0,
0x0,0x0,0x0,0x0,0x8a,0x0,0x0,0x0,
0x0,0x0,0x7,0x0,0x41,0x0,0x0,0x0,
0x0,0x0,0x0,0x0,0x69,0x1,0xe0,0x0,
0x69,0x1,0x90,0x1,0x0,0x0,0x0,0x0,
0x84,0x0,0x0,0x0,0x0,0x0,0x0,0x0,
0x0,0x0,0xff,0xff,0xff,0xff,0xff,0xff,
0x0,0x0,0x0,0x0,0x54,0x0,0x0,0x0,
0x54,0x0,0x0,0x0,0x54,0x0,0x0,0x0,
0x0,0x0,0x0,0x0,0x54,0x0,0x0,0x0,
0x54,0x0,0x0,0x0,0x0,0x0,0x5,0x0,
0x54,0x0,0x0,0x0,0x0,0x0,0x0,0x0,
0xcc,0x0,0x0,0x0,0x6c,0x1,0x60,0x1,
0x0,0x0,0x0,0x0,0xcc,0x0,0x0,0x0,
0x0,0x0,0x0,0x0,0xcc,0x0,0x0,0x0,
0x0,0x0,0x0,0x0,0x87,0x0,0x0,0x0,
0x0,0x0,0x7,0x0,0x45,0x0,0x0,0x0,
0x0,0x0,0x0,0x0,0x71,0x1,0xd0,0x0,
0x71,0x1,0x40,0x1,0x91,0x0,0x0,0x0,
0x0,0x0,0x7,0x0,0x44,0x0,0x0,0x0,
0x0,0x0,0x0,0x0,0x70,0x1,0xd0,0x0,
0x70,0x1,0x0,0x2,0xb8,0x0,0x0,0x0,
0x0,0x0,0x2,0x0,0x3,0x0,0x0,0x0,
0x0,0x0,0x0,0x0,0x6f,0x1,0xd0,0x0,
0x6f,0x1,0xa0,0x1,0x89,0x0,0x0,0x0,
0x0,0x0,0x7,0x0,0x43,0x0,0x0,0x0,
0x0,0x0,0x0,0x0,0x6e,0x1,0xd0,0x0,
0x6e,0x1,0x30,0x1,0x85,0x0,0x0,0x0,
0x0,0x0,0x7,0x0,0x42,0x0,0x0,0x0,
0x0,0x0,0x0,0x0,0x6d,0x1,0xd0,0x0,
0x6d,0x1,0x30,0x1,0x0,0x0,0x0,0x0,
0x94,0x0,0x0,0x0,0x5c,0x0,0x0,0x0,
0x0,0x0,0xff,0xff,0xff,0xff,0xff,0xff,
0x0,0x0,0x0,0x0,0x54,0x0,0x0,0x0,
0x54,0x0,0x0,0x0,0x54,0x0,0x0,0x0,
0x0,0x0,0x0,0x0,0x54,0x0,0x0,0x0,
0x54,0x0,0x0,0x0,0x0,0x0,0xa,0x0,
0x54,0x0,0x0,0x0,0x0,0x0,0x0,0x0,
0x44,0x1,0x0,0x0,0x78,0x1,0x50,0x0,
0x79,0x1,0x90,0x0,0x44,0x1,0x0,0x0,
0x0,0x0,0x0,0x0,0x44,0x1,0x0,0x0,
0x0,0x0,0x0,0x0,0x93,0x0,0x0,0x0,
0x0,0x0,0x1,0x0,0x0,0x0,0x0,0x0,
0x0,0x0,0x0,0x0,0x9c,0x1,0x90,0x0,
0x9c,0x1,0x20,0x1,0xba,0x0,0x0,0x0,
0x0,0x0,0x7,0x0,0x4a,0x0,0x0,0x0,
0x0,0x0,0x0,0x0,0x99,0x1,0x90,0x0,
0x99,0x1,0xf0,0x1,0x9d,0x0,0x0,0x0,
0x0,0x0,0x8,0x0,0x1d,0x0,0x0,0x0,
0x0,0x0,0x0,0x0,0x92,0x1,0x90,0x0,
0x92,0x1,0x60,0x1,0xb4,0x0,0x0,0x0,
0x0,0x0,0x2,0x0,0x9,0x0,0x0,0x0,
0x0,0x0,0x0,0x0,0x91,0x1,0x90,0x0,
0x91,0x1,0x70,0x1,0x96,0x0,0x0,0x0,
0x0,0x0,0x7,0x0,0x49,0x0,0x0,0x0,
0x0,0x0,0x0,0x0,0x7f,0x1,0x90,0x0,
0x7f,0x1,0x0,0x1,0x7,0x0,0x0,0x0,
0x0,0x0,0x7,0x0,0x48,0x0,0x0,0x0,
0x0,0x0,0x0,0x0,0x7d,0x1,0x90,0x0,
0x7d,0x1,0x10,0x1,0x6,0x0,0x0,0x0,
0x0,0x0,0x7,0x0,0x47,0x0,0x0,0x0,
0x0,0x0,0x0,0x0,0x7c,0x1,0x90,0x0,
0x7c,0x1,0x0,0x1,0x8d,0x0,0x0,0x0,
0x0,0x0,0x2,0x0,0x7,0x0,0x0,0x0,
0x0,0x0,0x0,0x0,0x7b,0x1,0x90,0x0,
0x7b,0x1,0xc0,0x0,0x8c,0x0,0x0,0x0,
0x0,0x0,0x7,0x0,0x46,0x0,0x0,0x0,
0x0,0x0,0x0,0x0,0x7a,0x1,0x90,0x0,
0x7a,0x1,0xc0,0x0,0x89,0x0,0x0,0x0,
0x0,0x0,0xa,0x0,0x1c,0x0,0x0,0x0,
0x0,0x0,0x0,0x0,0x7e,0x1,0x90,0x0,
0x7e,0x1,0xe0,0x0,0x0,0x0,0x0,0x0,
0x0,0x0,0x0,0x0,0x0,0x0,0x0,0x0,
0x0,0x0,0xff,0xff,0xff,0xff,0xff,0xff,
0x0,0x0,0x0,0x0,0x54,0x0,0x0,0x0,
0x54,0x0,0x0,0x0,0x54,0x0,0x0,0x0,
0x0,0x0,0x0,0x0,0x54,0x0,0x0,0x0,
0x54,0x0,0x0,0x0,0x0,0x0,0x1,0x0,
0x54,0x0,0x0,0x0,0x0,0x0,0x0,0x0,
0x6c,0x0,0x0,0x0,0x7e,0x1,0x90,0x0,
0x0,0x0,0x0,0x0,0x6c,0x0,0x0,0x0,
0x0,0x0,0x0,0x0,0x6c,0x0,0x0,0x0,
0x0,0x0,0x0,0x0,0x8a,0x0,0x0,0x0,
0x0,0x0,0x7,0x0,0x4b,0x0,0x0,0x0,
0x0,0x0,0x0,0x0,0x7e,0x1,0xe0,0x0,
0x7e,0x1,0x90,0x1,0x0,0x0,0x0,0x0,
0x84,0x0,0x0,0x0,0x0,0x0,0x0,0x0,
0x0,0x0,0xff,0xff,0xff,0xff,0xff,0xff,
0x0,0x0,0x0,0x0,0x54,0x0,0x0,0x0,
0x54,0x0,0x0,0x0,0x54,0x0,0x0,0x0,
0x0,0x0,0x0,0x0,0x54,0x0,0x0,0x0,
0x54,0x0,0x0,0x0,0x0,0x0,0x5,0x0,
0x54,0x0,0x0,0x0,0x0,0x0,0x0,0x0,
0xcc,0x0,0x0,0x0,0x92,0x1,0x60,0x1,
0x0,0x0,0x0,0x0,0xcc,0x0,0x0,0x0,
0x0,0x0,0x0,0x0,0xcc,0x0,0x0,0x0,
0x0,0x0,0x0,0x0,0x87,0x0,0x0,0x0,
0x0,0x0,0x7,0x0,0x4f,0x0,0x0,0x0,
0x0,0x0,0x0,0x0,0x97,0x1,0xd0,0x0,
0x97,0x1,0x40,0x1,0x91,0x0,0x0,0x0,
0x0,0x0,0x7,0x0,0x4e,0x0,0x0,0x0,
0x0,0x0,0x0,0x0,0x96,0x1,0xd0,0x0,
0x96,0x1,0x0,0x2,0xb8,0x0,0x0,0x0,
0x0,0x0,0x2,0x0,0x3,0x0,0x0,0x0,
0x0,0x0,0x0,0x0,0x95,0x1,0xd0,0x0,
0x95,0x1,0xa0,0x1,0x89,0x0,0x0,0x0,
0x0,0x0,0x7,0x0,0x4d,0x0,0x0,0x0,
0x0,0x0,0x0,0x0,0x94,0x1,0xd0,0x0,
0x94,0x1,0x30,0x1,0x85,0x0,0x0,0x0,
0x0,0x0,0x7,0x0,0x4c,0x0,0x0,0x0,
0x0,0x0,0x0,0x0,0x93,0x1,0xd0,0x0,
0x93,0x1,0x30,0x1,0x0,0x0,0x0,0x0,
0xa9,0x0,0x0,0x0,0x64,0x0,0x0,0x0,
0x0,0x0,0xff,0xff,0xff,0xff,0xff,0xff,
0x0,0x0,0x0,0x0,0x54,0x0,0x0,0x0,
0x54,0x0,0x0,0x0,0x54,0x0,0x0,0x0,
0x0,0x0,0x0,0x0,0x54,0x0,0x0,0x0,
0x54,0x0,0x0,0x0,0x0,0x0,0x7,0x0,
0x54,0x0,0x0,0x0,0x0,0x0,0x0,0x0,
0xfc,0x0,0x0,0x0,0x9e,0x1,0x50,0x0,
0x9f,0x1,0x90,0x0,0xfc,0x0,0x0,0x0,
0x0,0x0,0x0,0x0,0xfc,0x0,0x0,0x0,
0x0,0x0,0x0,0x0,0xa6,0x0,0x0,0x0,
0x0,0x0,0x7,0x0,0x53,0x0,0x0,0x0,
0x0,0x0,0x0,0x0,0xa6,0x1,0x90,0x0,
0xa6,0x1,0x40,0x1,0x85,0x0,0x0,0x0,
0x0,0x0,0x5,0x0,0x2,0x0,0x0,0x0,
0x0,0x0,0x0,0x0,0xa4,0x1,0x90,0x0,
0xa4,0x1,0xf0,0x0,0x7,0x0,0x0,0x0,
0x0,0x0,0x7,0x0,0x52,0x0,0x0,0x0,
0x0,0x0,0x0,0x0,0xa3,0x1,0x90,0x0,
0xa3,0x1,0x10,0x1,0x6,0x0,0x0,0x0,
0x0,0x0,0x7,0x0,0x51,0x0,0x0,0x0,
0x0,0x0,0x0,0x0,0xa2,0x1,0x90,0x0,
0xa2,0x1,0x0,0x1,0x8d,0x0,0x0,0x0,
0x0,0x0,0x2,0x0,0x7,0x0,0x0,0x0,
0x0,0x0,0x0,0x0,0xa1,0x1,0x90,0x0,
0xa1,0x1,0xc0,0x0,0x8c,0x0,0x0,0x0,
0x0,0x0,0x7,0x0,0x50,0x0,0x0,0x0,
0x0,0x0,0x0,0x0,0xa0,0x1,0x90,0x0,
0xa0,0x1,0xc0,0x0,0x89,0x0,0x0,0x0,
0x0,0x0,0xa,0x0,0x1f,0x0,0x0,0x0,
0x0,0x0,0x0,0x0,0xa5,0x1,0x90,0x0,
0xa5,0x1,0xe0,0x0,0x0,0x0,0x0,0x0,
0x0,0x0,0x0,0x0,0x0,0x0,0x0,0x0,
0x0,0x0,0xff,0xff,0xff,0xff,0xff,0xff,
0x0,0x0,0x0,0x0,0x54,0x0,0x0,0x0,
0x54,0x0,0x0,0x0,0x54,0x0,0x0,0x0,
0x0,0x0,0x0,0x0,0x54,0x0,0x0,0x0,
0x54,0x0,0x0,0x0,0x0,0x0,0x1,0x0,
0x54,0x0,0x0,0x0,0x0,0x0,0x0,0x0,
0x6c,0x0,0x0,0x0,0xa5,0x1,0x90,0x0,
0x0,0x0,0x0,0x0,0x6c,0x0,0x0,0x0,
0x0,0x0,0x0,0x0,0x6c,0x0,0x0,0x0,
0x0,0x0,0x0,0x0,0x8a,0x0,0x0,0x0,
0x0,0x0,0x7,0x0,0x54,0x0,0x0,0x0,
0x0,0x0,0x0,0x0,0xa5,0x1,0xe0,0x0,
0xa5,0x1,0x90,0x1,0x0,0x0,0x0,0x0,
0x94,0x0,0x0,0x0,0x50,0x0,0x0,0x0,
0x0,0x0,0xff,0xff,0xff,0xff,0xff,0xff,
0x0,0x0,0x0,0x0,0x54,0x0,0x0,0x0,
0x54,0x0,0x0,0x0,0x54,0x0,0x0,0x0,
0x0,0x0,0x0,0x0,0x54,0x0,0x0,0x0,
0x54,0x0,0x0,0x0,0x0,0x0,0x9,0x0,
0x54,0x0,0x0,0x0,0x0,0x0,0x0,0x0,
0x2c,0x1,0x0,0x0,0xd8,0x1,0x50,0x0,
0xd9,0x1,0x90,0x0,0x2c,0x1,0x0,0x0,
0x0,0x0,0x0,0x0,0x2c,0x1,0x0,0x0,
0x0,0x0,0x0,0x0,0xba,0x0,0x0,0x0,
0x0,0x0,0x7,0x0,0x59,0x0,0x0,0x0,
0x0,0x0,0x0,0x0,0xe8,0x1,0x90,0x0,
0xe8,0x1,0xf0,0x1,0x9d,0x0,0x0,0x0,
0x0,0x0,0x8,0x0,0x22,0x0,0x0,0x0,
0x0,0x0,0x0,0x0,0xe1,0x1,0x90,0x0,
0xe1,0x1,0x60,0x1,0xb5,0x0,0x0,0x0,
0x0,0x0,0x7,0x0,0x58,0x0,0x0,0x0,
0x0,0x0,0x0,0x0,0xe0,0x1,0x90,0x0,
0xe0,0x1,0x60,0x1,0xb4,0x0,0x0,0x0,
0x0,0x0,0x2,0x0,0x8,0x0,0x0,0x0,
0x0,0x0,0x0,0x0,0xdf,0x1,0x90,0x0,
0xdf,0x1,0x70,0x1,0x7,0x0,0x0,0x0,
0x0,0x0,0x7,0x0,0x57,0x0,0x0,0x0,
0x0,0x0,0x0,0x0,0xdd,0x1,0x90,0x0,
0xdd,0x1,0x10,0x1,0x6,0x0,0x0,0x0,
0x0,0x0,0x7,0x0,0x56,0x0,0x0,0x0,
0x0,0x0,0x0,0x0,0xdc,0x1,0x90,0x0,
0xdc,0x1,0x0,0x1,0x8d,0x0,0x0,0x0,
0x0,0x0,0x7,0x0,0x55,0x0,0x0,0x0,
0x0,0x0,0x0,0x0,0xdb,0x1,0x90,0x0,
0xdb,0x1,0xc0,0x0,0x8c,0x0,0x0,0x0,
0x0,0x0,0x2,0x0,0x4,0x0,0x0,0x0,
0x0,0x0,0x0,0x0,0xda,0x1,0x90,0x0,
0xda,0x1,0xc0,0x0,0x89,0x0,0x0,0x0,
0x0,0x0,0xa,0x0,0x21,0x0,0x0,0x0,
0x0,0x0,0x0,0x0,0xde,0x1,0x90,0x0,
0xde,0x1,0xe0,0x0,0x0,0x0,0x0,0x0,
0x0,0x0,0x0,0x0,0x0,0x0,0x0,0x0,
0x0,0x0,0xff,0xff,0xff,0xff,0xff,0xff,
0x0,0x0,0x0,0x0,0x54,0x0,0x0,0x0,
0x54,0x0,0x0,0x0,0x54,0x0,0x0,0x0,
0x0,0x0,0x0,0x0,0x54,0x0,0x0,0x0,
0x54,0x0,0x0,0x0,0x0,0x0,0x1,0x0,
0x54,0x0,0x0,0x0,0x0,0x0,0x0,0x0,
0x6c,0x0,0x0,0x0,0xde,0x1,0x90,0x0,
0x0,0x0,0x0,0x0,0x6c,0x0,0x0,0x0,
0x0,0x0,0x0,0x0,0x6c,0x0,0x0,0x0,
0x0,0x0,0x0,0x0,0x8a,0x0,0x0,0x0,
0x0,0x0,0x7,0x0,0x5a,0x0,0x0,0x0,
0x0,0x0,0x0,0x0,0xde,0x1,0xe0,0x0,
0xde,0x1,0x90,0x1,0x0,0x0,0x0,0x0,
0x84,0x0,0x0,0x0,0x0,0x0,0x0,0x0,
0x0,0x0,0xff,0xff,0xff,0xff,0xff,0xff,
0x0,0x0,0x0,0x0,0x54,0x0,0x0,0x0,
0x54,0x0,0x0,0x0,0x54,0x0,0x0,0x0,
0x0,0x0,0x0,0x0,0x54,0x0,0x0,0x0,
0x54,0x0,0x0,0x0,0x0,0x0,0x5,0x0,
0x54,0x0,0x0,0x0,0x0,0x0,0x0,0x0,
0xcc,0x0,0x0,0x0,0xe1,0x1,0x60,0x1,
0x0,0x0,0x0,0x0,0xcc,0x0,0x0,0x0,
0x0,0x0,0x0,0x0,0xcc,0x0,0x0,0x0,
0x0,0x0,0x0,0x0,0x87,0x0,0x0,0x0,
0x0,0x0,0x7,0x0,0x5e,0x0,0x0,0x0,
0x0,0x0,0x0,0x0,0xe6,0x1,0xd0,0x0,
0xe6,0x1,0x40,0x1,0x91,0x0,0x0,0x0,
0x0,0x0,0x7,0x0,0x5d,0x0,0x0,0x0,
0x0,0x0,0x0,0x0,0xe5,0x1,0xd0,0x0,
0xe5,0x1,0x0,0x2,0xb8,0x0,0x0,0x0,
0x0,0x0,0x2,0x0,0x3,0x0,0x0,0x0,
0x0,0x0,0x0,0x0,0xe4,0x1,0xd0,0x0,
0xe4,0x1,0xa0,0x1,0x89,0x0,0x0,0x0,
0x0,0x0,0x7,0x0,0x5c,0x0,0x0,0x0,
0x0,0x0,0x0,0x0,0xe3,0x1,0xd0,0x0,
0xe3,0x1,0x30,0x1,0x85,0x0,0x0,0x0,
0x0,0x0,0x7,0x0,0x5b,0x0,0x0,0x0,
0x0,0x0,0x0,0x0,0xe2,0x1,0xd0,0x0,
0xe2,0x1,0x30,0x1,0x0,0x0,0x0,0x0,
0x94,0x0,0x0,0x0,0x58,0x0,0x0,0x0,
0x0,0x0,0xff,0xff,0xff,0xff,0xff,0xff,
0x0,0x0,0x0,0x0,0x54,0x0,0x0,0x0,
0x54,0x0,0x0,0x0,0x54,0x0,0x0,0x0,
0x0,0x0,0x0,0x0,0x54,0x0,0x0,0x0,
0x54,0x0,0x0,0x0,0x0,0x0,0xa,0x0,
0x54,0x0,0x0,0x0,0x0,0x0,0x0,0x0,
0x44,0x1,0x0,0x0,0xf1,0x1,0x50,0x0,
0xf2,0x1,0x90,0x0,0x44,0x1,0x0,0x0,
0x0,0x0,0x0,0x0,0x44,0x1,0x0,0x0,
0x0,0x0,0x0,0x0,0xba,0x0,0x0,0x0,
0x0,0x0,0x7,0x0,0x65,0x0,0x0,0x0,
0x0,0x0,0x0,0x0,0x1e,0x2,0x90,0x0,
0x1e,0x2,0xf0,0x1,0x9d,0x0,0x0,0x0,
0x0,0x0,0x8,0x0,0x25,0x0,0x0,0x0,
0x0,0x0,0x0,0x0,0x17,0x2,0x90,0x0,
0x17,0x2,0x60,0x1,0x96,0x0,0x0,0x0,
0x0,0x0,0x7,0x0,0x64,0x0,0x0,0x0,
0x0,0x0,0x0,0x0,0xfa,0x1,0x90,0x0,
0xfa,0x1,0x0,0x1,0xb5,0x0,0x0,0x0,
0x0,0x0,0x7,0x0,0x63,0x0,0x0,0x0,
0x0,0x0,0x0,0x0,0xf9,0x1,0x90,0x0,
0xf9,0x1,0x60,0x1,0xb4,0x0,0x0,0x0,
0x0,0x0,0x2,0x0,0x8,0x0,0x0,0x0,
0x0,0x0,0x0,0x0,0xf8,0x1,0x90,0x0,
0xf8,0x1,0x70,0x1,0x7,0x0,0x0,0x0,
0x0,0x0,0x7,0x0,0x62,0x0,0x0,0x0,
0x0,0x0,0x0,0x0,0xf6,0x1,0x90,0x0,
0xf6,0x1,0x10,0x1,0x6,0x0,0x0,0x0,
0x0,0x0,0x7,0x0,0x61,0x0,0x0,0x0,
0x0,0x0,0x0,0x0,0xf5,0x1,0x90,0x0,
0xf5,0x1,0x0,0x1,0x8d,0x0,0x0,0x0,
0x0,0x0,0x7,0x0,0x60,0x0,0x0,0x0,
0x0,0x0,0x0,0x0,0xf4,0x1,0x90,0x0,
0xf4,0x1,0xc0,0x0,0x8c,0x0,0x0,0x0,
0x0,0x0,0x7,0x0,0x5f,0x0,0x0,0x0,
0x0,0x0,0x0,0x0,0xf3,0x1,0x90,0x0,
0xf3,0x1,0xc0,0x0,0x89,0x0,0x0,0x0,
0x0,0x0,0xa,0x0,0x24,0x0,0x0,0x0,
0x0,0x0,0x0,0x0,0xf7,0x1,0x90,0x0,
0xf7,0x1,0xe0,0x0,0x0,0x0,0x0,0x0,
0x0,0x0,0x0,0x0,0x0,0x0,0x0,0x0,
0x0,0x0,0xff,0xff,0xff,0xff,0xff,0xff,
0x0,0x0,0x0,0x0,0x54,0x0,0x0,0x0,
0x54,0x0,0x0,0x0,0x54,0x0,0x0,0x0,
0x0,0x0,0x0,0x0,0x54,0x0,0x0,0x0,
0x54,0x0,0x0,0x0,0x0,0x0,0x1,0x0,
0x54,0x0,0x0,0x0,0x0,0x0,0x0,0x0,
0x6c,0x0,0x0,0x0,0xf7,0x1,0x90,0x0,
0x0,0x0,0x0,0x0,0x6c,0x0,0x0,0x0,
0x0,0x0,0x0,0x0,0x6c,0x0,0x0,0x0,
0x0,0x0,0x0,0x0,0x8a,0x0,0x0,0x0,
0x0,0x0,0x7,0x0,0x66,0x0,0x0,0x0,
0x0,0x0,0x0,0x0,0xf7,0x1,0xe0,0x0,
0xf7,0x1,0x90,0x1,0x0,0x0,0x0,0x0,
0x84,0x0,0x0,0x0,0x0,0x0,0x0,0x0,
0x0,0x0,0xff,0xff,0xff,0xff,0xff,0xff,
0x0,0x0,0x0,0x0,0x54,0x0,0x0,0x0,
0x54,0x0,0x0,0x0,0x54,0x0,0x0,0x0,
0x0,0x0,0x0,0x0,0x54,0x0,0x0,0x0,
0x54,0x0,0x0,0x0,0x0,0x0,0x5,0x0,
0x54,0x0,0x0,0x0,0x0,0x0,0x0,0x0,
0xcc,0x0,0x0,0x0,0x17,0x2,0x60,0x1,
0x0,0x0,0x0,0x0,0xcc,0x0,0x0,0x0,
0x0,0x0,0x0,0x0,0xcc,0x0,0x0,0x0,
0x0,0x0,0x0,0x0,0x87,0x0,0x0,0x0,
0x0,0x0,0x7,0x0,0x6a,0x0,0x0,0x0,
0x0,0x0,0x0,0x0,0x1c,0x2,0xd0,0x0,
0x1c,0x2,0x40,0x1,0x91,0x0,0x0,0x0,
0x0,0x0,0x7,0x0,0x69,0x0,0x0,0x0,
0x0,0x0,0x0,0x0,0x1b,0x2,0xd0,0x0,
0x1b,0x2,0x0,0x2,0xb8,0x0,0x0,0x0,
0x0,0x0,0x2,0x0,0x3,0x0,0x0,0x0,
0x0,0x0,0x0,0x0,0x1a,0x2,0xd0,0x0,
0x1a,0x2,0xa0,0x1,0x89,0x0,0x0,0x0,
0x0,0x0,0x7,0x0,0x68,0x0,0x0,0x0,
0x0,0x0,0x0,0x0,0x19,0x2,0xd0,0x0,
0x19,0x2,0x30,0x1,0x85,0x0,0x0,0x0,
0x0,0x0,0x7,0x0,0x67,0x0,0x0,0x0,
0x0,0x0,0x0,0x0,0x18,0x2,0xd0,0x0,
0x18,0x2,0x30,0x1,0x0,0x0,0x0,0x0,
0xbd,0x0,0x0,0x0,0x62,0x0,0x0,0x0,
0x0,0x0,0xff,0xff,0xff,0xff,0xff,0xff,
0x0,0x0,0x0,0x0,0x54,0x0,0x0,0x0,
0x54,0x0,0x0,0x0,0x54,0x0,0x0,0x0,
0x0,0x0,0x0,0x0,0x54,0x0,0x0,0x0,
0x54,0x0,0x0,0x0,0x0,0x0,0x7,0x0,
0x54,0x0,0x0,0x0,0x0,0x0,0x0,0x0,
0xfc,0x0,0x0,0x0,0x24,0x2,0x50,0x0,
0x25,0x2,0x90,0x0,0xfc,0x0,0x0,0x0,
0x0,0x0,0x0,0x0,0xfc,0x0,0x0,0x0,
0x0,0x0,0x0,0x0,0x93,0x0,0x0,0x0,
0x0,0x0,0x1,0x0,0x0,0x0,0x0,0x0,
0x0,0x0,0x0,0x0,0x2f,0x2,0x90,0x0,
0x2f,0x2,0x20,0x1,0xa6,0x0,0x0,0x0,
0x0,0x0,0x7,0x0,0x6f,0x0,0x0,0x0,
0x0,0x0,0x0,0x0,0x2b,0x2,0x90,0x0,
0x2b,0x2,0x40,0x1,0x85,0x0,0x0,0x0,
0x0,0x0,0x5,0x0,0x3,0x0,0x0,0x0,
0x0,0x0,0x0,0x0,0x2a,0x2,0x90,0x0,
0x2a,0x2,0xf0,0x0,0x7,0x0,0x0,0x0,
0x0,0x0,0x7,0x0,0x6e,0x0,0x0,0x0,
0x0,0x0,0x0,0x0,0x29,0x2,0x90,0x0,
0x29,0x2,0x10,0x1,0x6,0x0,0x0,0x0,
0x0,0x0,0x7,0x0,0x6d,0x0,0x0,0x0,
0x0,0x0,0x0,0x0,0x28,0x2,0x90,0x0,
0x28,0x2,0x0,0x1,0x8d,0x0,0x0,0x0,
0x0,0x0,0x7,0x0,0x6c,0x0,0x0,0x0,
0x0,0x0,0x0,0x0,0x27,0x2,0x90,0x0,
0x27,0x2,0xc0,0x0,0x8c,0x0,0x0,0x0,
0x0,0x0,0x7,0x0,0x6b,0x0,0x0,0x0,
0x0,0x0,0x0,0x0,0x26,0x2,0x90,0x0,
0x26,0x2,0xc0,0x0,0x0,0x0,0x0,0x0,
0x84,0x0,0x0,0x0,0x52,0x0,0x0,0x0,
0x0,0x0,0xff,0xff,0xff,0xff,0xff,0xff,
0x0,0x0,0x0,0x0,0x54,0x0,0x0,0x0,
0x54,0x0,0x0,0x0,0x54,0x0,0x0,0x0,
0x0,0x0,0x0,0x0,0x54,0x0,0x0,0x0,
0x54,0x0,0x0,0x0,0x0,0x0,0x9,0x0,
0x54,0x0,0x0,0x0,0x0,0x0,0x0,0x0,
0x2c,0x1,0x0,0x0,0x31,0x2,0x50,0x0,
0x32,0x2,0x90,0x0,0x2c,0x1,0x0,0x0,
0x0,0x0,0x0,0x0,0x2c,0x1,0x0,0x0,
0x0,0x0,0x0,0x0,0x93,0x0,0x0,0x0,
0x0,0x0,0x1,0x0,0x0,0x0,0x0,0x0,
0x0,0x0,0x0,0x0,0x3b,0x2,0x90,0x0,
0x3b,0x2,0x20,0x1,0x91,0x0,0x0,0x0,
0x0,0x0,0x7,0x0,0x73,0x0,0x0,0x0,
0x0,0x0,0x0,0x0,0x3a,0x2,0x90,0x0,
0x3a,0x2,0xc0,0x1,0x87,0x0,0x0,0x0,
0x0,0x0,0x3,0x0,0x0,0x0,0x0,0x0,
0x88,0x0,0x0,0x0,0x38,0x2,0x90,0x0,
0x38,0x2,0x0,0x1,0x85,0x0,0x0,0x0,
0x0,0x0,0x5,0x0,0x4,0x0,0x0,0x0,
0x0,0x0,0x0,0x0,0x37,0x2,0x90,0x0,
0x37,0x2,0xf0,0x0,0x7,0x0,0x0,0x0,
0x0,0x0,0x7,0x0,0x72,0x0,0x0,0x0,
0x0,0x0,0x0,0x0,0x36,0x2,0x90,0x0,
0x36,0x2,0x10,0x1,0x6,0x0,0x0,0x0,
0x0,0x0,0x7,0x0,0x71,0x0,0x0,0x0,
0x0,0x0,0x0,0x0,0x35,0x2,0x90,0x0,
0x35,0x2,0x0,0x1,0x8d,0x0,0x0,0x0,
0x0,0x0,0x7,0x0,0x70,0x0,0x0,0x0,
0x0,0x0,0x0,0x0,0x34,0x2,0x90,0x0,
0x34,0x2,0xc0,0x0,0x8c,0x0,0x0,0x0,
0x0,0x0,0x2,0x0,0x4,0x0,0x0,0x0,
0x0,0x0,0x0,0x0,0x33,0x2,0x90,0x0,
0x33,0x2,0xc0,0x0,0x89,0x0,0x0,0x0,
0x0,0x0,0xa,0x0,0x28,0x0,0x0,0x0,
0x0,0x0,0x0,0x0,0x39,0x2,0x90,0x0,
0x39,0x2,0xe0,0x0,0x0,0x0,0x0,0x0,
0x0,0x0,0x0,0x0,0x0,0x0,0x0,0x0,
0x0,0x0,0xff,0xff,0xff,0xff,0xff,0xff,
0x0,0x0,0x0,0x0,0x54,0x0,0x0,0x0,
0x54,0x0,0x0,0x0,0x54,0x0,0x0,0x0,
0x0,0x0,0x0,0x0,0x54,0x0,0x0,0x0,
0x54,0x0,0x0,0x0,0x0,0x0,0x1,0x0,
0x54,0x0,0x0,0x0,0x0,0x0,0x0,0x0,
0x6c,0x0,0x0,0x0,0x39,0x2,0x90,0x0,
0x0,0x0,0x0,0x0,0x6c,0x0,0x0,0x0,
0x0,0x0,0x0,0x0,0x6c,0x0,0x0,0x0,
0x0,0x0,0x0,0x0,0x8a,0x0,0x0,0x0,
0x0,0x0,0x7,0x0,0x74,0x0,0x0,0x0,
0x0,0x0,0x0,0x0,0x39,0x2,0xe0,0x0,
0x39,0x2,0x90,0x1,0x0,0x0,0x0,0x0,
0xc0,0x0,0x0,0x0,0x54,0x0,0x0,0x0,
0x0,0x0,0xff,0xff,0xff,0xff,0xff,0xff,
0x0,0x0,0x0,0x0,0x54,0x0,0x0,0x0,
0x54,0x0,0x0,0x0,0x54,0x0,0x0,0x0,
0x0,0x0,0x0,0x0,0x54,0x0,0x0,0x0,
0x54,0x0,0x0,0x0,0x0,0x0,0x6,0x0,
0x54,0x0,0x0,0x0,0x0,0x0,0x0,0x0,
0xe4,0x0,0x0,0x0,0x3d,0x2,0x50,0x0,
0x3e,0x2,0x90,0x0,0xe4,0x0,0x0,0x0,
0x0,0x0,0x0,0x0,0xe4,0x0,0x0,0x0,
0x0,0x0,0x0,0x0,0x93,0x0,0x0,0x0,
0x0,0x0,0x1,0x0,0x0,0x0,0x0,0x0,
0x0,0x0,0x0,0x0,0x45,0x2,0x90,0x0,
0x45,0x2,0x20,0x1,0x7,0x0,0x0,0x0,
0x0,0x0,0x7,0x0,0x78,0x0,0x0,0x0,
0x0,0x0,0x0,0x0,0x42,0x2,0x90,0x0,
0x42,0x2,0x10,0x1,0x6,0x0,0x0,0x0,
0x0,0x0,0x7,0x0,0x77,0x0,0x0,0x0,
0x0,0x0,0x0,0x0,0x41,0x2,0x90,0x0,
0x41,0x2,0x0,0x1,0x8d,0x0,0x0,0x0,
0x0,0x0,0x7,0x0,0x76,0x0,0x0,0x0,
0x0,0x0,0x0,0x0,0x40,0x2,0x90,0x0,
0x40,0x2,0xc0,0x0,0x8c,0x0,0x0,0x0,
0x0,0x0,0x7,0x0,0x75,0x0,0x0,0x0,
0x0,0x0,0x0,0x0,0x3f,0x2,0x90,0x0,
0x3f,0x2,0xc0,0x0,0x89,0x0,0x0,0x0,
0x0,0x0,0xa,0x0,0x2a,0x0,0x0,0x0,
0x0,0x0,0x0,0x0,0x43,0x2,0x90,0x0,
0x43,0x2,0xe0,0x0,0x0,0x0,0x0,0x0,
0x0,0x0,0x0,0x0,0x0,0x0,0x0,0x0,
0x0,0x0,0xff,0xff,0xff,0xff,0xff,0xff,
0x0,0x0,0x0,0x0,0x54,0x0,0x0,0x0,
0x54,0x0,0x0,0x0,0x54,0x0,0x0,0x0,
0x0,0x0,0x0,0x0,0x54,0x0,0x0,0x0,
0x54,0x0,0x0,0x0,0x0,0x0,0x1,0x0,
0x54,0x0,0x0,0x0,0x0,0x0,0x0,0x0,
0x6c,0x0,0x0,0x0,0x43,0x2,0x90,0x0,
0x0,0x0,0x0,0x0,0x6c,0x0,0x0,0x0,
0x0,0x0,0x0,0x0,0x6c,0x0,0x0,0x0,
0x0,0x0,0x0,0x0,0x8a,0x0,0x0,0x0,
0x0,0x0,0x7,0x0,0x79,0x0,0x0,0x0,
0x0,0x0,0x0,0x0,0x43,0x2,0xe0,0x0,
0x43,0x2,0x90,0x1,0x0,0x0,0x0,0x0,
0xa9,0x0,0x0,0x0,0x56,0x0,0x0,0x0,
0x0,0x0,0xff,0xff,0xff,0xff,0xff,0xff,
0x0,0x0,0x0,0x0,0x54,0x0,0x0,0x0,
0x54,0x0,0x0,0x0,0x54,0x0,0x0,0x0,
0x0,0x0,0x0,0x0,0x54,0x0,0x0,0x0,
0x54,0x0,0x0,0x0,0x0,0x0,0x8,0x0,
0x54,0x0,0x0,0x0,0x0,0x0,0x0,0x0,
0x14,0x1,0x0,0x0,0x47,0x2,0x50,0x0,
0x48,0x2,0x90,0x0,0x14,0x1,0x0,0x0,
0x0,0x0,0x0,0x0,0x14,0x1,0x0,0x0,
0x0,0x0,0x0,0x0,0x93,0x0,0x0,0x0,
0x0,0x0,0x1,0x0,0x0,0x0,0x0,0x0,
0x0,0x0,0x0,0x0,0x52,0x2,0x90,0x0,
0x52,0x2,0x20,0x1,0xa6,0x0,0x0,0x0,
0x0,0x0,0x7,0x0,0x7e,0x0,0x0,0x0,
0x0,0x0,0x0,0x0,0x4f,0x2,0x90,0x0,
0x4f,0x2,0x40,0x1,0x85,0x0,0x0,0x0,
0x0,0x0,0x5,0x0,0x5,0x0,0x0,0x0,
0x0,0x0,0x0,0x0,0x4d,0x2,0x90,0x0,
0x4d,0x2,0xf0,0x0,0x7,0x0,0x0,0x0,
0x0,0x0,0x7,0x0,0x7d,0x0,0x0,0x0,
0x0,0x0,0x0,0x0,0x4c,0x2,0x90,0x0,
0x4c,0x2,0x10,0x1,0x6,0x0,0x0,0x0,
0x0,0x0,0x7,0x0,0x7c,0x0,0x0,0x0,
0x0,0x0,0x0,0x0,0x4b,0x2,0x90,0x0,
0x4b,0x2,0x0,0x1,0x8d,0x0,0x0,0x0,
0x0,0x0,0x7,0x0,0x7b,0x0,0x0,0x0,
0x0,0x0,0x0,0x0,0x4a,0x2,0x90,0x0,
0x4a,0x2,0xc0,0x0,0x8c,0x0,0x0,0x0,
0x0,0x0,0x7,0x0,0x7a,0x0,0x0,0x0,
0x0,0x0,0x0,0x0,0x49,0x2,0x90,0x0,
0x49,0x2,0xc0,0x0,0x89,0x0,0x0,0x0,
0x0,0x0,0xa,0x0,0x2c,0x0,0x0,0x0,
0x0,0x0,0x0,0x0,0x4e,0x2,0x90,0x0,
0x4e,0x2,0xe0,0x0,0x0,0x0,0x0,0x0,
0x0,0x0,0x0,0x0,0x0,0x0,0x0,0x0,
0x0,0x0,0xff,0xff,0xff,0xff,0xff,0xff,
0x0,0x0,0x0,0x0,0x54,0x0,0x0,0x0,
0x54,0x0,0x0,0x0,0x54,0x0,0x0,0x0,
0x0,0x0,0x0,0x0,0x54,0x0,0x0,0x0,
0x54,0x0,0x0,0x0,0x0,0x0,0x1,0x0,
0x54,0x0,0x0,0x0,0x0,0x0,0x0,0x0,
0x6c,0x0,0x0,0x0,0x4e,0x2,0x90,0x0,
0x0,0x0,0x0,0x0,0x6c,0x0,0x0,0x0,
0x0,0x0,0x0,0x0,0x6c,0x0,0x0,0x0,
0x0,0x0,0x0,0x0,0x8a,0x0,0x0,0x0,
0x0,0x0,0x7,0x0,0x7f,0x0,0x0,0x0,
0x0,0x0,0x0,0x0,0x4e,0x2,0xe0,0x0,
0x4e,0x2,0x90,0x1,0x0,0x0,0x0,0x0,
0x84,0x0,0x0,0x0,0x3a,0x0,0x0,0x0,
0x0,0x0,0xff,0xff,0xff,0xff,0xff,0xff,
0x0,0x0,0x0,0x0,0x54,0x0,0x0,0x0,
0x54,0x0,0x0,0x0,0x54,0x0,0x0,0x0,
0x0,0x0,0x0,0x0,0x54,0x0,0x0,0x0,
0x54,0x0,0x0,0x0,0x0,0x0,0x9,0x0,
0x54,0x0,0x0,0x0,0x0,0x0,0x0,0x0,
0x2c,0x1,0x0,0x0,0x54,0x2,0x50,0x0,
0x55,0x2,0x90,0x0,0x2c,0x1,0x0,0x0,
0x0,0x0,0x0,0x0,0x2c,0x1,0x0,0x0,
0x0,0x0,0x0,0x0,0x93,0x0,0x0,0x0,
0x0,0x0,0x1,0x0,0x0,0x0,0x0,0x0,
0x0,0x0,0x0,0x0,0x5e,0x2,0x90,0x0,
0x5e,0x2,0x20,0x1,0x91,0x0,0x0,0x0,
0x0,0x0,0x7,0x0,0x83,0x0,0x0,0x0,
0x0,0x0,0x0,0x0,0x5d,0x2,0x90,0x0,
0x5d,0x2,0xc0,0x1,0x87,0x0,0x0,0x0,
0x0,0x0,0x3,0x0,0x0,0x0,0x0,0x0,
0x88,0x0,0x0,0x0,0x5b,0x2,0x90,0x0,
0x5b,0x2,0x0,0x1,0x85,0x0,0x0,0x0,
0x0,0x0,0x5,0x0,0x6,0x0,0x0,0x0,
0x0,0x0,0x0,0x0,0x5a,0x2,0x90,0x0,
0x5a,0x2,0xf0,0x0,0x7,0x0,0x0,0x0,
0x0,0x0,0x7,0x0,0x82,0x0,0x0,0x0,
0x0,0x0,0x0,0x0,0x59,0x2,0x90,0x0,
0x59,0x2,0x10,0x1,0x6,0x0,0x0,0x0,
0x0,0x0,0x7,0x0,0x81,0x0,0x0,0x0,
0x0,0x0,0x0,0x0,0x58,0x2,0x90,0x0,
0x58,0x2,0x0,0x1,0x8d,0x0,0x0,0x0,
0x0,0x0,0x7,0x0,0x80,0x0,0x0,0x0,
0x0,0x0,0x0,0x0,0x57,0x2,0x90,0x0,
0x57,0x2,0xc0,0x0,0x8c,0x0,0x0,0x0,
0x0,0x0,0x2,0x0,0x4,0x0,0x0,0x0,
0x0,0x0,0x0,0x0,0x56,0x2,0x90,0x0,
0x56,0x2,0xc0,0x0,0x89,0x0,0x0,0x0,
0x0,0x0,0xa,0x0,0x2e,0x0,0x0,0x0,
0x0,0x0,0x0,0x0,0x5c,0x2,0x90,0x0,
0x5c,0x2,0xe0,0x0,0x0,0x0,0x0,0x0,
0x0,0x0,0x0,0x0,0x0,0x0,0x0,0x0,
0x0,0x0,0xff,0xff,0xff,0xff,0xff,0xff,
0x0,0x0,0x0,0x0,0x54,0x0,0x0,0x0,
0x54,0x0,0x0,0x0,0x54,0x0,0x0,0x0,
0x0,0x0,0x0,0x0,0x54,0x0,0x0,0x0,
0x54,0x0,0x0,0x0,0x0,0x0,0x1,0x0,
0x54,0x0,0x0,0x0,0x0,0x0,0x0,0x0,
0x6c,0x0,0x0,0x0,0x5c,0x2,0x90,0x0,
0x0,0x0,0x0,0x0,0x6c,0x0,0x0,0x0,
0x0,0x0,0x0,0x0,0x6c,0x0,0x0,0x0,
0x0,0x0,0x0,0x0,0x8a,0x0,0x0,0x0,
0x0,0x0,0x7,0x0,0x84,0x0,0x0,0x0,
0x0,0x0,0x0,0x0,0x5c,0x2,0xe0,0x0,
0x5c,0x2,0x90,0x1,0x0,0x0,0x0,0x0,
0xc0,0x0,0x0,0x0,0x5e,0x0,0x0,0x0,
0x0,0x0,0xff,0xff,0xff,0xff,0xff,0xff,
0x0,0x0,0x0,0x0,0x54,0x0,0x0,0x0,
0x54,0x0,0x0,0x0,0x54,0x0,0x0,0x0,
0x0,0x0,0x0,0x0,0x54,0x0,0x0,0x0,
0x54,0x0,0x0,0x0,0x0,0x0,0xa,0x0,
0x54,0x0,0x0,0x0,0x0,0x0,0x0,0x0,
0x44,0x1,0x0,0x0,0x60,0x2,0x50,0x0,
0x62,0x2,0x90,0x0,0x44,0x1,0x0,0x0,
0x0,0x0,0x0,0x0,0x44,0x1,0x0,0x0,
0x0,0x0,0x0,0x0,0xc6,0x0,0x0,0x0,
0x0,0x0,0x7,0x0,0x89,0x0,0x0,0x0,
0x0,0x0,0x0,0x0,0x6b,0x2,0x90,0x0,
0x6b,0x2,0xc0,0x1,0x85,0x0,0x0,0x0,
0x0,0x0,0x5,0x0,0x7,0x0,0x0,0x0,
0x0,0x0,0x0,0x0,0x6a,0x2,0x90,0x0,
0x6a,0x2,0xf0,0x0,0xc4,0x0,0x0,0x0,
0x0,0x0,0x3,0x0,0x0,0x0,0x0,0x0,
0xc5,0x0,0x0,0x0,0x69,0x2,0x90,0x0,
0x69,0x2,0xb0,0x1,0xc3,0x0,0x0,0x0,
0x0,0x0,0x1,0x0,0x1,0x0,0x0,0x0,
0x0,0x0,0x0,0x0,0x68,0x2,0x90,0x0,
0x68,0x2,0x80,0x1,0x7,0x0,0x0,0x0,
0x0,0x0,0x7,0x0,0x88,0x0,0x0,0x0,
0x0,0x0,0x0,0x0,0x66,0x2,0x90,0x0,
0x66,0x2,0x10,0x1,0x6,0x0,0x0,0x0,
0x0,0x0,0x7,0x0,0x87,0x0,0x0,0x0,
0x0,0x0,0x0,0x0,0x65,0x2,0x90,0x0,
0x65,0x2,0x0,0x1,0x8d,0x0,0x0,0x0,
0x0,0x0,0x7,0x0,0x86,0x0,0x0,0x0,
0x0,0x0,0x0,0x0,0x64,0x2,0x90,0x0,
0x64,0x2,0xc0,0x0,0x8c,0x0,0x0,0x0,
0x0,0x0,0x7,0x0,0x85,0x0,0x0,0x0,
0x0,0x0,0x0,0x0,0x63,0x2,0x90,0x0,
0x63,0x2,0xc0,0x0,0x93,0x0,0x0,0x0,
0x0,0x0,0x1,0x0,0x0,0x0,0x0,0x0,
0x0,0x0,0x0,0x0,0x61,0x2,0x90,0x0,
0x61,0x2,0x20,0x1,0x89,0x0,0x0,0x0,
0x0,0x0,0xa,0x0,0x30,0x0,0x0,0x0,
0x0,0x0,0x0,0x0,0x67,0x2,0x90,0x0,
0x67,0x2,0xe0,0x0,0x0,0x0,0x0,0x0,
0x0,0x0,0x0,0x0,0x0,0x0,0x0,0x0,
0x0,0x0,0xff,0xff,0xff,0xff,0xff,0xff,
0x0,0x0,0x0,0x0,0x54,0x0,0x0,0x0,
0x54,0x0,0x0,0x0,0x54,0x0,0x0,0x0,
0x0,0x0,0x0,0x0,0x54,0x0,0x0,0x0,
0x54,0x0,0x0,0x0,0x0,0x0,0x1,0x0,
0x54,0x0,0x0,0x0,0x0,0x0,0x0,0x0,
0x6c,0x0,0x0,0x0,0x67,0x2,0x90,0x0,
0x0,0x0,0x0,0x0,0x6c,0x0,0x0,0x0,
0x0,0x0,0x0,0x0,0x6c,0x0,0x0,0x0,
0x0,0x0,0x0,0x0,0x8a,0x0,0x0,0x0,
0x0,0x0,0x7,0x0,0x8a,0x0,0x0,0x0,
0x0,0x0,0x0,0x0,0x67,0x2,0xe0,0x0,
0x67,0x2,0x90,0x1,0x0,0x0,0x0,0x0,
0x94,0x0,0x0,0x0,0x60,0x0,0x0,0x0,
0x0,0x0,0xff,0xff,0xff,0xff,0xff,0xff,
0x0,0x0,0x0,0x0,0x54,0x0,0x0,0x0,
0x54,0x0,0x0,0x0,0x54,0x0,0x0,0x0,
0x0,0x0,0x0,0x0,0x54,0x0,0x0,0x0,
0x54,0x0,0x0,0x0,0x0,0x0,0xa,0x0,
0x54,0x0,0x0,0x0,0x0,0x0,0x0,0x0,
0x44,0x1,0x0,0x0,0x74,0x2,0x50,0x0,
0x76,0x2,0x90,0x0,0x44,0x1,0x0,0x0,
0x0,0x0,0x0,0x0,0x44,0x1,0x0,0x0,
0x0,0x0,0x0,0x0,0xba,0x0,0x0,0x0,
0x0,0x0,0x7,0x0,0x90,0x0,0x0,0x0,
0x0,0x0,0x0,0x0,0x85,0x2,0x90,0x0,
0x85,0x2,0xf0,0x1,0x9d,0x0,0x0,0x0,
0x0,0x0,0x8,0x0,0x33,0x0,0x0,0x0,
0x0,0x0,0x0,0x0,0x7e,0x2,0x90,0x0,
0x7e,0x2,0x60,0x1,0x96,0x0,0x0,0x0,
0x0,0x0,0x7,0x0,0x8f,0x0,0x0,0x0,
0x0,0x0,0x0,0x0,0x7d,0x2,0x90,0x0,
0x7d,0x2,0x0,0x1,0xb4,0x0,0x0,0x0,
0x0,0x0,0x2,0x0,0x7,0x0,0x0,0x0,
0x0,0x0,0x0,0x0,0x7c,0x2,0x90,0x0,
0x7c,0x2,0x70,0x1,0x7,0x0,0x0,0x0,
0x0,0x0,0x7,0x0,0x8e,0x0,0x0,0x0,
0x0,0x0,0x0,0x0,0x7a,0x2,0x90,0x0,
0x7a,0x2,0x10,0x1,0x6,0x0,0x0,0x0,
0x0,0x0,0x7,0x0,0x8d,0x0,0x0,0x0,
0x0,0x0,0x0,0x0,0x79,0x2,0x90,0x0,
0x79,0x2,0x0,0x1,0x8d,0x0,0x0,0x0,
0x0,0x0,0x7,0x0,0x8c,0x0,0x0,0x0,
0x0,0x0,0x0,0x0,0x78,0x2,0x90,0x0,
0x78,0x2,0xc0,0x0,0x8c,0x0,0x0,0x0,
0x0,0x0,0x7,0x0,0x8b,0x0,0x0,0x0,
0x0,0x0,0x0,0x0,0x77,0x2,0x90,0x0,
0x77,0x2,0xc0,0x0,0x93,0x0,0x0,0x0,
0x0,0x0,0x1,0x0,0x0,0x0,0x0,0x0,
0x0,0x0,0x0,0x0,0x75,0x2,0x90,0x0,
0x75,0x2,0x20,0x1,0x89,0x0,0x0,0x0,
0x0,0x0,0xa,0x0,0x32,0x0,0x0,0x0,
0x0,0x0,0x0,0x0,0x7b,0x2,0x90,0x0,
0x7b,0x2,0xe0,0x0,0x0,0x0,0x0,0x0,
0x0,0x0,0x0,0x0,0x0,0x0,0x0,0x0,
0x0,0x0,0xff,0xff,0xff,0xff,0xff,0xff,
0x0,0x0,0x0,0x0,0x54,0x0,0x0,0x0,
0x54,0x0,0x0,0x0,0x54,0x0,0x0,0x0,
0x0,0x0,0x0,0x0,0x54,0x0,0x0,0x0,
0x54,0x0,0x0,0x0,0x0,0x0,0x1,0x0,
0x54,0x0,0x0,0x0,0x0,0x0,0x0,0x0,
0x6c,0x0,0x0,0x0,0x7b,0x2,0x90,0x0,
0x0,0x0,0x0,0x0,0x6c,0x0,0x0,0x0,
0x0,0x0,0x0,0x0,0x6c,0x0,0x0,0x0,
0x0,0x0,0x0,0x0,0x8a,0x0,0x0,0x0,
0x0,0x0,0x7,0x0,0x91,0x0,0x0,0x0,
0x0,0x0,0x0,0x0,0x7b,0x2,0xe0,0x0,
0x7b,0x2,0x90,0x1,0x0,0x0,0x0,0x0,
0x84,0x0,0x0,0x0,0x0,0x0,0x0,0x0,
0x0,0x0,0xff,0xff,0xff,0xff,0xff,0xff,
0x0,0x0,0x0,0x0,0x54,0x0,0x0,0x0,
0x54,0x0,0x0,0x0,0x54,0x0,0x0,0x0,
0x0,0x0,0x0,0x0,0x54,0x0,0x0,0x0,
0x54,0x0,0x0,0x0,0x0,0x0,0x5,0x0,
0x54,0x0,0x0,0x0,0x0,0x0,0x0,0x0,
0xcc,0x0,0x0,0x0,0x7e,0x2,0x60,0x1,
0x0,0x0,0x0,0x0,0xcc,0x0,0x0,0x0,
0x0,0x0,0x0,0x0,0xcc,0x0,0x0,0x0,
0x0,0x0,0x0,0x0,0x87,0x0,0x0,0x0,
0x0,0x0,0x7,0x0,0x95,0x0,0x0,0x0,
0x0,0x0,0x0,0x0,0x83,0x2,0xd0,0x0,
0x83,0x2,0x40,0x1,0x91,0x0,0x0,0x0,
0x0,0x0,0x7,0x0,0x94,0x0,0x0,0x0,
0x0,0x0,0x0,0x0,0x82,0x2,0xd0,0x0,
0x82,0x2,0x0,0x2,0xb8,0x0,0x0,0x0,
0x0,0x0,0x2,0x0,0x3,0x0,0x0,0x0,
0x0,0x0,0x0,0x0,0x81,0x2,0xd0,0x0,
0x81,0x2,0xa0,0x1,0x89,0x0,0x0,0x0,
0x0,0x0,0x7,0x0,0x93,0x0,0x0,0x0,
0x0,0x0,0x0,0x0,0x80,0x2,0xd0,0x0,
0x80,0x2,0x30,0x1,0x85,0x0,0x0,0x0,
0x0,0x0,0x7,0x0,0x92,0x0,0x0,0x0,
0x0,0x0,0x0,0x0,0x7f,0x2,0xd0,0x0,
0x7f,0x2,0x30,0x1,0x0,0x0,0x0,0x0,
0xbd,0x0,0x0,0x0,0x7a,0x0,0x0,0x0,
0x0,0x0,0xff,0xff,0xff,0xff,0xff,0xff,
0x0,0x0,0x0,0x0,0x54,0x0,0x0,0x0,
0x54,0x0,0x0,0x0,0x54,0x0,0x0,0x0,
0x0,0x0,0x0,0x0,0x54,0x0,0x0,0x0,
0x54,0x0,0x0,0x0,0x0,0x0,0x7,0x0,
0x54,0x0,0x0,0x0,0x0,0x0,0x0,0x0,
0xfc,0x0,0x0,0x0,0x89,0x2,0x50,0x0,
0x8a,0x2,0x90,0x0,0xfc,0x0,0x0,0x0,
0x0,0x0,0x0,0x0,0xfc,0x0,0x0,0x0,
0x0,0x0,0x0,0x0,0xa6,0x0,0x0,0x0,
0x0,0x0,0x7,0x0,0x9a,0x0,0x0,0x0,
0x0,0x0,0x0,0x0,0x91,0x2,0x90,0x0,
0x91,0x2,0x40,0x1,0x85,0x0,0x0,0x0,
0x0,0x0,0x5,0x0,0x8,0x0,0x0,0x0,
0x0,0x0,0x0,0x0,0x90,0x2,0x90,0x0,
0x90,0x2,0xf0,0x0,0x7,0x0,0x0,0x0,
0x0,0x0,0x7,0x0,0x99,0x0,0x0,0x0,
0x0,0x0,0x0,0x0,0x8e,0x2,0x90,0x0,
0x8e,0x2,0x10,0x1,0x6,0x0,0x0,0x0,
0x0,0x0,0x7,0x0,0x98,0x0,0x0,0x0,
0x0,0x0,0x0,0x0,0x8d,0x2,0x90,0x0,
0x8d,0x2,0x0,0x1,0x8d,0x0,0x0,0x0,
0x0,0x0,0x7,0x0,0x97,0x0,0x0,0x0,
0x0,0x0,0x0,0x0,0x8c,0x2,0x90,0x0,
0x8c,0x2,0xc0,0x0,0x8c,0x0,0x0,0x0,
0x0,0x0,0x7,0x0,0x96,0x0,0x0,0x0,
0x0,0x0,0x0,0x0,0x8b,0x2,0x90,0x0,
0x8b,0x2,0xc0,0x0,0x89,0x0,0x0,0x0,
0x0,0x0,0xa,0x0,0x35,0x0,0x0,0x0,
0x0,0x0,0x0,0x0,0x8f,0x2,0x90,0x0,
0x8f,0x2,0xe0,0x0,0x0,0x0,0x0,0x0,
0x0,0x0,0x0,0x0,0x0,0x0,0x0,0x0,
0x0,0x0,0xff,0xff,0xff,0xff,0xff,0xff,
0x0,0x0,0x0,0x0,0x54,0x0,0x0,0x0,
0x54,0x0,0x0,0x0,0x54,0x0,0x0,0x0,
0x0,0x0,0x0,0x0,0x54,0x0,0x0,0x0,
0x54,0x0,0x0,0x0,0x0,0x0,0x1,0x0,
0x54,0x0,0x0,0x0,0x0,0x0,0x0,0x0,
0x6c,0x0,0x0,0x0,0x8f,0x2,0x90,0x0,
0x0,0x0,0x0,0x0,0x6c,0x0,0x0,0x0,
0x0,0x0,0x0,0x0,0x6c,0x0,0x0,0x0,
0x0,0x0,0x0,0x0,0x8a,0x0,0x0,0x0,
0x0,0x0,0x7,0x0,0x9b,0x0,0x0,0x0,
0x0,0x0,0x0,0x0,0x8f,0x2,0xe0,0x0,
0x8f,0x2,0x90,0x1,0x0,0x0,0x0,0x0,
0xbd,0x0,0x0,0x0,0x7c,0x0,0x0,0x0,
0x0,0x0,0xff,0xff,0xff,0xff,0xff,0xff,
0x0,0x0,0x0,0x0,0x54,0x0,0x0,0x0,
0x54,0x0,0x0,0x0,0x54,0x0,0x0,0x0,
0x0,0x0,0x0,0x0,0x54,0x0,0x0,0x0,
0x54,0x0,0x0,0x0,0x0,0x0,0x7,0x0,
0x54,0x0,0x0,0x0,0x0,0x0,0x0,0x0,
0xfc,0x0,0x0,0x0,0x95,0x2,0x50,0x0,
0x96,0x2,0x90,0x0,0xfc,0x0,0x0,0x0,
0x0,0x0,0x0,0x0,0xfc,0x0,0x0,0x0,
0x0,0x0,0x0,0x0,0xa6,0x0,0x0,0x0,
0x0,0x0,0x7,0x0,0xa0,0x0,0x0,0x0,
0x0,0x0,0x0,0x0,0x9d,0x2,0x90,0x0,
0x9d,0x2,0x40,0x1,0x85,0x0,0x0,0x0,
0x0,0x0,0x5,0x0,0x9,0x0,0x0,0x0,
0x0,0x0,0x0,0x0,0x9c,0x2,0x90,0x0,
0x9c,0x2,0xf0,0x0,0x7,0x0,0x0,0x0,
0x0,0x0,0x7,0x0,0x9f,0x0,0x0,0x0,
0x0,0x0,0x0,0x0,0x9a,0x2,0x90,0x0,
0x9a,0x2,0x10,0x1,0x6,0x0,0x0,0x0,
0x0,0x0,0x7,0x0,0x9e,0x0,0x0,0x0,
0x0,0x0,0x0,0x0,0x99,0x2,0x90,0x0,
0x99,0x2,0x0,0x1,0x8d,0x0,0x0,0x0,
0x0,0x0,0x7,0x0,0x9d,0x0,0x0,0x0,
0x0,0x0,0x0,0x0,0x98,0x2,0x90,0x0,
0x98,0x2,0xc0,0x0,0x8c,0x0,0x0,0x0,
0x0,0x0,0x7,0x0,0x9c,0x0,0x0,0x0,
0x0,0x0,0x0,0x0,0x97,0x2,0x90,0x0,
0x97,0x2,0xc0,0x0,0x89,0x0,0x0,0x0,
0x0,0x0,0xa,0x0,0x37,0x0,0x0,0x0,
0x0,0x0,0x0,0x0,0x9b,0x2,0x90,0x0,
0x9b,0x2,0xe0,0x0,0x0,0x0,0x0,0x0,
0x0,0x0,0x0,0x0,0x0,0x0,0x0,0x0,
0x0,0x0,0xff,0xff,0xff,0xff,0xff,0xff,
0x0,0x0,0x0,0x0,0x54,0x0,0x0,0x0,
0x54,0x0,0x0,0x0,0x54,0x0,0x0,0x0,
0x0,0x0,0x0,0x0,0x54,0x0,0x0,0x0,
0x54,0x0,0x0,0x0,0x0,0x0,0x1,0x0,
0x54,0x0,0x0,0x0,0x0,0x0,0x0,0x0,
0x6c,0x0,0x0,0x0,0x9b,0x2,0x90,0x0,
0x0,0x0,0x0,0x0,0x6c,0x0,0x0,0x0,
0x0,0x0,0x0,0x0,0x6c,0x0,0x0,0x0,
0x0,0x0,0x0,0x0,0x8a,0x0,0x0,0x0,
0x0,0x0,0x7,0x0,0xa1,0x0,0x0,0x0,
0x0,0x0,0x0,0x0,0x9b,0x2,0xe0,0x0,
0x9b,0x2,0x90,0x1,0x0,0x0,0x0,0x0,
0xbd,0x0,0x0,0x0,0x7e,0x0,0x0,0x0,
0x0,0x0,0xff,0xff,0xff,0xff,0xff,0xff,
0x0,0x0,0x0,0x0,0x54,0x0,0x0,0x0,
0x54,0x0,0x0,0x0,0x54,0x0,0x0,0x0,
0x0,0x0,0x0,0x0,0x54,0x0,0x0,0x0,
0x54,0x0,0x0,0x0,0x0,0x0,0x7,0x0,
0x54,0x0,0x0,0x0,0x0,0x0,0x0,0x0,
0xfc,0x0,0x0,0x0,0xa2,0x2,0x50,0x0,
0xa3,0x2,0x90,0x0,0xfc,0x0,0x0,0x0,
0x0,0x0,0x0,0x0,0xfc,0x0,0x0,0x0,
0x0,0x0,0x0,0x0,0xa6,0x0,0x0,0x0,
0x0,0x0,0x7,0x0,0xa6,0x0,0x0,0x0,
0x0,0x0,0x0,0x0,0xaa,0x2,0x90,0x0,
0xaa,0x2,0x40,0x1,0x85,0x0,0x0,0x0,
0x0,0x0,0x5,0x0,0xa,0x0,0x0,0x0,
0x0,0x0,0x0,0x0,0xa9,0x2,0x90,0x0,
0xa9,0x2,0xf0,0x0,0x7,0x0,0x0,0x0,
0x0,0x0,0x7,0x0,0xa5,0x0,0x0,0x0,
0x0,0x0,0x0,0x0,0xa7,0x2,0x90,0x0,
0xa7,0x2,0x10,0x1,0x6,0x0,0x0,0x0,
0x0,0x0,0x7,0x0,0xa4,0x0,0x0,0x0,
0x0,0x0,0x0,0x0,0xa6,0x2,0x90,0x0,
0xa6,0x2,0x0,0x1,0x8d,0x0,0x0,0x0,
0x0,0x0,0x7,0x0,0xa3,0x0,0x0,0x0,
0x0,0x0,0x0,0x0,0xa5,0x2,0x90,0x0,
0xa5,0x2,0xc0,0x0,0x8c,0x0,0x0,0x0,
0x0,0x0,0x7,0x0,0xa2,0x0,0x0,0x0,
0x0,0x0,0x0,0x0,0xa4,0x2,0x90,0x0,
0xa4,0x2,0xc0,0x0,0x89,0x0,0x0,0x0,
0x0,0x0,0xa,0x0,0x39,0x0,0x0,0x0,
0x0,0x0,0x0,0x0,0xa8,0x2,0x90,0x0,
0xa8,0x2,0xe0,0x0,0x0,0x0,0x0,0x0,
0x0,0x0,0x0,0x0,0x0,0x0,0x0,0x0,
0x0,0x0,0xff,0xff,0xff,0xff,0xff,0xff,
0x0,0x0,0x0,0x0,0x54,0x0,0x0,0x0,
0x54,0x0,0x0,0x0,0x54,0x0,0x0,0x0,
0x0,0x0,0x0,0x0,0x54,0x0,0x0,0x0,
0x54,0x0,0x0,0x0,0x0,0x0,0x1,0x0,
0x54,0x0,0x0,0x0,0x0,0x0,0x0,0x0,
0x6c,0x0,0x0,0x0,0xa8,0x2,0x90,0x0,
0x0,0x0,0x0,0x0,0x6c,0x0,0x0,0x0,
0x0,0x0,0x0,0x0,0x6c,0x0,0x0,0x0,
0x0,0x0,0x0,0x0,0x8a,0x0,0x0,0x0,
0x0,0x0,0x7,0x0,0xa7,0x0,0x0,0x0,
0x0,0x0,0x0,0x0,0xa8,0x2,0xe0,0x0,
0xa8,0x2,0x90,0x1,0x0,0x0,0x0,0x0,
0x84,0x0,0x0,0x0,0xcb,0x0,0x0,0x0,
0x0,0x0,0xff,0xff,0xff,0xff,0xff,0xff,
0x0,0x0,0x0,0x0,0x54,0x0,0x0,0x0,
0x54,0x0,0x0,0x0,0x54,0x0,0x0,0x0,
0x0,0x0,0x0,0x0,0x54,0x0,0x0,0x0,
0x54,0x0,0x0,0x0,0x0,0x0,0x8,0x0,
0x54,0x0,0x0,0x0,0x0,0x0,0x0,0x0,
0x14,0x1,0x0,0x0,0xaf,0x2,0x50,0x0,
0xb0,0x2,0x90,0x0,0x14,0x1,0x0,0x0,
0x0,0x0,0x0,0x0,0x14,0x1,0x0,0x0,
0x0,0x0,0x0,0x0,0x91,0x0,0x0,0x0,
0x0,0x0,0x7,0x0,0xab,0x0,0x0,0x0,
0x0,0x0,0x0,0x0,0xb8,0x2,0x90,0x0,
0xb8,0x2,0xc0,0x1,0x87,0x0,0x0,0x0,
0x0,0x0,0x3,0x0,0x0,0x0,0x0,0x0,
0x88,0x0,0x0,0x0,0xb6,0x2,0x90,0x0,
0xb6,0x2,0x0,0x1,0x85,0x0,0x0,0x0,
0x0,0x0,0x5,0x0,0xb,0x0,0x0,0x0,
0x0,0x0,0x0,0x0,0xb5,0x2,0x90,0x0,
0xb5,0x2,0xf0,0x0,0x7,0x0,0x0,0x0,
0x0,0x0,0x7,0x0,0xaa,0x0,0x0,0x0,
0x0,0x0,0x0,0x0,0xb4,0x2,0x90,0x0,
0xb4,0x2,0x10,0x1,0x6,0x0,0x0,0x0,
0x0,0x0,0x7,0x0,0xa9,0x0,0x0,0x0,
0x0,0x0,0x0,0x0,0xb3,0x2,0x90,0x0,
0xb3,0x2,0x0,0x1,0x8d,0x0,0x0,0x0,
0x0,0x0,0x7,0x0,0xa8,0x0,0x0,0x0,
0x0,0x0,0x0,0x0,0xb2,0x2,0x90,0x0,
0xb2,0x2,0xc0,0x0,0x8c,0x0,0x0,0x0,
0x0,0x0,0x2,0x0,0x3,0x0,0x0,0x0,
0x0,0x0,0x0,0x0,0xb1,0x2,0x90,0x0,
0xb1,0x2,0xc0,0x0,0x89,0x0,0x0,0x0,
0x0,0x0,0xa,0x0,0x3b,0x0,0x0,0x0,
0x0,0x0,0x0,0x0,0xb7,0x2,0x90,0x0,
0xb7,0x2,0xe0,0x0,0x0,0x0,0x0,0x0,
0x0,0x0,0x0,0x0,0x0,0x0,0x0,0x0,
0x0,0x0,0xff,0xff,0xff,0xff,0xff,0xff,
0x0,0x0,0x0,0x0,0x54,0x0,0x0,0x0,
0x54,0x0,0x0,0x0,0x54,0x0,0x0,0x0,
0x0,0x0,0x0,0x0,0x54,0x0,0x0,0x0,
0x54,0x0,0x0,0x0,0x0,0x0,0x1,0x0,
0x54,0x0,0x0,0x0,0x0,0x0,0x0,0x0,
0x6c,0x0,0x0,0x0,0xb7,0x2,0x90,0x0,
0x0,0x0,0x0,0x0,0x6c,0x0,0x0,0x0,
0x0,0x0,0x0,0x0,0x6c,0x0,0x0,0x0,
0x0,0x0,0x0,0x0,0x8a,0x0,0x0,0x0,
0x0,0x0,0x7,0x0,0xac,0x0,0x0,0x0,
0x0,0x0,0x0,0x0,0xb7,0x2,0xe0,0x0,
0xb7,0x2,0x90,0x1,0x0,0x0,0x0,0x0,
0xcd,0x0,0x0,0x0,0x66,0x0,0x0,0x0,
0x0,0x0,0xff,0xff,0xff,0xff,0xff,0xff,
0x0,0x0,0x1,0x0,0x54,0x0,0x0,0x0,
0x54,0x0,0x0,0x0,0x60,0x0,0x0,0x0,
0x0,0x0,0x0,0x0,0x60,0x0,0x0,0x0,
0x60,0x0,0x0,0x0,0x0,0x0,0x7,0x0,
0x60,0x0,0x0,0x0,0x0,0x0,0x0,0x0,
0x8,0x1,0x0,0x0,0xba,0x2,0x50,0x0,
0xbd,0x2,0x90,0x0,0x8,0x1,0x0,0x0,
0x0,0x0,0x0,0x0,0x8,0x1,0x0,0x0,
0x0,0x0,0x0,0x0,0xce,0x0,0x0,0x0,
0x4,0x0,0x0,0x20,0xbb,0x2,0x90,0x0,
0xd0,0x0,0x0,0x0,0x0,0x0,0x7,0x0,
0xb1,0x0,0x0,0x0,0x0,0x0,0x0,0x0,
0xc3,0x2,0x90,0x0,0xc3,0x2,0x90,0x1,
0xcf,0x0,0x0,0x0,0x0,0x0,0x2,0x0,
0xa,0x0,0x0,0x0,0x0,0x0,0x0,0x0,
0xc2,0x2,0x90,0x0,0xc2,0x2,0x0,0x1,
0x7,0x0,0x0,0x0,0x0,0x0,0x7,0x0,
0xb0,0x0,0x0,0x0,0x0,0x0,0x0,0x0,
0xc1,0x2,0x90,0x0,0xc1,0x2,0x10,0x1,
0x6,0x0,0x0,0x0,0x0,0x0,0x7,0x0,
0xaf,0x0,0x0,0x0,0x0,0x0,0x0,0x0,
0xc0,0x2,0x90,0x0,0xc0,0x2,0x0,0x1,
0x8d,0x0,0x0,0x0,0x0,0x0,0x7,0x0,
0xae,0x0,0x0,0x0,0x0,0x0,0x0,0x0,
0xbf,0x2,0x90,0x0,0xbf,0x2,0xc0,0x0,
0x8c,0x0,0x0,0x0,0x0,0x0,0x7,0x0,
0xad,0x0,0x0,0x0,0x0,0x0,0x0,0x0,
0xbe,0x2,0x90,0x0,0xbe,0x2,0xc0,0x0,
0x93,0x0,0x0,0x0,0x0,0x0,0x1,0x0,
0x1,0x0,0x0,0x0,0x0,0x0,0x0,0x0,
0xbc,0x2,0x90,0x0,0xbc,0x2,0x20,0x1,
0x84,0x0,0x0,0x0,0x3c,0x0,0x0,0x0,
0x0,0x0,0xff,0xff,0xff,0xff,0xff,0xff,
0x0,0x0,0x0,0x0,0x54,0x0,0x0,0x0,
0x54,0x0,0x0,0x0,0x54,0x0,0x0,0x0,
0x0,0x0,0x0,0x0,0x54,0x0,0x0,0x0,
0x54,0x0,0x0,0x0,0x0,0x0,0x7,0x0,
0x54,0x0,0x0,0x0,0x0,0x0,0x0,0x0,
0xfc,0x0,0x0,0x0,0xcc,0x2,0x50,0x0,
0xcd,0x2,0x90,0x0,0xfc,0x0,0x0,0x0,
0x0,0x0,0x0,0x0,0xfc,0x0,0x0,0x0,
0x0,0x0,0x0,0x0,0x87,0x0,0x0,0x0,
0x0,0x0,0x3,0x0,0x0,0x0,0x0,0x0,
0x88,0x0,0x0,0x0,0xd3,0x2,0x90,0x0,
0xd3,0x2,0x0,0x1,0x85,0x0,0x0,0x0,
0x0,0x0,0x5,0x0,0xc,0x0,0x0,0x0,
0x0,0x0,0x0,0x0,0xd2,0x2,0x90,0x0,
0xd2,0x2,0xf0,0x0,0x7,0x0,0x0,0x0,
0x0,0x0,0x7,0x0,0xb4,0x0,0x0,0x0,
0x0,0x0,0x0,0x0,0xd1,0x2,0x90,0x0,
0xd1,0x2,0x10,0x1,0x6,0x0,0x0,0x0,
0x0,0x0,0x7,0x0,0xb3,0x0,0x0,0x0,
0x0,0x0,0x0,0x0,0xd0,0x2,0x90,0x0,
0xd0,0x2,0x0,0x1,0x8d,0x0,0x0,0x0,
0x0,0x0,0x7,0x0,0xb2,0x0,0x0,0x0,
0x0,0x0,0x0,0x0,0xcf,0x2,0x90,0x0,
0xcf,0x2,0xc0,0x0,0x8c,0x0,0x0,0x0,
0x0,0x0,0x2,0x0,0x3,0x0,0x0,0x0,
0x0,0x0,0x0,0x0,0xce,0x2,0x90,0x0,
0xce,0x2,0xc0,0x0,0x89,0x0,0x0,0x0,
0x0,0x0,0xa,0x0,0x3e,0x0,0x0,0x0,
0x0,0x0,0x0,0x0,0xd4,0x2,0x90,0x0,
0xd4,0x2,0xe0,0x0,0x0,0x0,0x0,0x0,
0x0,0x0,0x0,0x0,0x0,0x0,0x0,0x0,
0x0,0x0,0xff,0xff,0xff,0xff,0xff,0xff,
0x0,0x0,0x0,0x0,0x54,0x0,0x0,0x0,
0x54,0x0,0x0,0x0,0x54,0x0,0x0,0x0,
0x0,0x0,0x0,0x0,0x54,0x0,0x0,0x0,
0x54,0x0,0x0,0x0,0x0,0x0,0x1,0x0,
0x54,0x0,0x0,0x0,0x0,0x0,0x0,0x0,
0x6c,0x0,0x0,0x0,0xd4,0x2,0x90,0x0,
0x0,0x0,0x0,0x0,0x6c,0x0,0x0,0x0,
0x0,0x0,0x0,0x0,0x6c,0x0,0x0,0x0,
0x0,0x0,0x0,0x0,0x8a,0x0,0x0,0x0,
0x0,0x0,0x7,0x0,0xb5,0x0,0x0,0x0,
0x0,0x0,0x0,0x0,0xd4,0x2,0xe0,0x0,
0xd4,0x2,0x90,0x1,0x0,0x0,0x0,0x0,
0x84,0x0,0x0,0x0,0xd3,0x0,0x0,0x0,
0x0,0x0,0xff,0xff,0xff,0xff,0xff,0xff,
0x0,0x0,0x0,0x0,0x54,0x0,0x0,0x0,
0x54,0x0,0x0,0x0,0x54,0x0,0x0,0x0,
0x0,0x0,0x0,0x0,0x54,0x0,0x0,0x0,
0x54,0x0,0x0,0x0,0x0,0x0,0x7,0x0,
0x54,0x0,0x0,0x0,0x0,0x0,0x0,0x0,
0xfc,0x0,0x0,0x0,0xdb,0x2,0x10,0x0,
0xdc,0x2,0x90,0x0,0xfc,0x0,0x0,0x0,
0x0,0x0,0x0,0x0,0xfc,0x0,0x0,0x0,
0x0,0x0,0x0,0x0,0x87,0x0,0x0,0x0,
0x0,0x0,0x3,0x0,0x0,0x0,0x0,0x0,
0x88,0x0,0x0,0x0,0xe3,0x2,0x90,0x0,
0xe3,0x2,0x0,0x1,0x85,0x0,0x0,0x0,
0x0,0x0,0x5,0x0,0xd,0x0,0x0,0x0,
0x0,0x0,0x0,0x0,0xe2,0x2,0x90,0x0,
0xe2,0x2,0xf0,0x0,0x7,0x0,0x0,0x0,
0x0,0x0,0x7,0x0,0xb8,0x0,0x0,0x0,
0x0,0x0,0x0,0x0,0xe0,0x2,0x90,0x0,
0xe0,0x2,0x10,0x1,0x6,0x0,0x0,0x0,
0x0,0x0,0x7,0x0,0xb7,0x0,0x0,0x0,
0x0,0x0,0x0,0x0,0xdf,0x2,0x90,0x0,
0xdf,0x2,0x0,0x1,0x8d,0x0,0x0,0x0,
0x0,0x0,0x7,0x0,0xb6,0x0,0x0,0x0,
0x0,0x0,0x0,0x0,0xde,0x2,0x90,0x0,
0xde,0x2,0xc0,0x0,0x8c,0x0,0x0,0x0,
0x0,0x0,0x2,0x0,0x3,0x0,0x0,0x0,
0x0,0x0,0x0,0x0,0xdd,0x2,0x90,0x0,
0xdd,0x2,0xc0,0x0,0x89,0x0,0x0,0x0,
0x0,0x0,0xa,0x0,0x40,0x0,0x0,0x0,
0x0,0x0,0x0,0x0,0xe4,0x2,0x90,0x0,
0xe4,0x2,0xe0,0x0,0x0,0x0,0x0,0x0,
0x0,0x0,0x0,0x0,0x0,0x0,0x0,0x0,
0x0,0x0,0xff,0xff,0xff,0xff,0xff,0xff,
0x0,0x0,0x0,0x0,0x54,0x0,0x0,0x0,
0x54,0x0,0x0,0x0,0x54,0x0,0x0,0x0,
0x0,0x0,0x0,0x0,0x54,0x0,0x0,0x0,
0x54,0x0,0x0,0x0,0x0,0x0,0x1,0x0,
0x54,0x0,0x0,0x0,0x0,0x0,0x0,0x0,
0x6c,0x0,0x0,0x0,0xe4,0x2,0x90,0x0,
0x0,0x0,0x0,0x0,0x6c,0x0,0x0,0x0,
0x0,0x0,0x0,0x0,0x6c,0x0,0x0,0x0,
0x0,0x0,0x0,0x0,0x8a,0x0,0x0,0x0,
0x0,0x0,0x7,0x0,0xb9,0x0,0x0,0x0,
0x0,0x0,0x0,0x0,0xe4,0x2,0xe0,0x0,
0xe4,0x2,0x90,0x1,0x0,0x0,0x0,0x0,
0x84,0x0,0x0,0x0,0xd5,0x0,0x0,0x0,
0x0,0x0,0xff,0xff,0xff,0xff,0xff,0xff,
0x0,0x0,0x0,0x0,0x54,0x0,0x0,0x0,
0x54,0x0,0x0,0x0,0x54,0x0,0x0,0x0,
0x0,0x0,0x0,0x0,0x54,0x0,0x0,0x0,
0x54,0x0,0x0,0x0,0x0,0x0,0x9,0x0,
0x54,0x0,0x0,0x0,0x0,0x0,0x0,0x0,
0x2c,0x1,0x0,0x0,0xe8,0x2,0x10,0x0,
0xe9,0x2,0x90,0x0,0x2c,0x1,0x0,0x0,
0x0,0x0,0x0,0x0,0x2c,0x1,0x0,0x0,
0x0,0x0,0x0,0x0,0xd8,0x0,0x0,0x0,
0x0,0x0,0x7,0x0,0xc0,0x0,0x0,0x0,
0x0,0x0,0x0,0x0,0xf4,0x2,0x90,0x0,
0xf4,0x2,0x90,0x1,0xd6,0x0,0x0,0x0,
0x0,0x0,0x7,0x0,0xbf,0x0,0x0,0x0,
0x0,0x0,0x0,0x0,0xf2,0x2,0x90,0x0,
0xf2,0x2,0x30,0x1,0x85,0x0,0x0,0x0,
0x0,0x0,0x7,0x0,0xbe,0x0,0x0,0x0,
0x0,0x0,0x0,0x0,0xf1,0x2,0x90,0x0,
0xf1,0x2,0xf0,0x0,0x87,0x0,0x0,0x0,
0x0,0x0,0x3,0x0,0x0,0x0,0x0,0x0,
0x88,0x0,0x0,0x0,0xef,0x2,0x90,0x0,
0xef,0x2,0x0,0x1,0x7,0x0,0x0,0x0,
0x0,0x0,0x7,0x0,0xbd,0x0,0x0,0x0,
0x0,0x0,0x0,0x0,0xed,0x2,0x90,0x0,
0xed,0x2,0x10,0x1,0x6,0x0,0x0,0x0,
0x0,0x0,0x7,0x0,0xbc,0x0,0x0,0x0,
0x0,0x0,0x0,0x0,0xec,0x2,0x90,0x0,
0xec,0x2,0x0,0x1,0x8d,0x0,0x0,0x0,
0x0,0x0,0x7,0x0,0xbb,0x0,0x0,0x0,
0x0,0x0,0x0,0x0,0xeb,0x2,0x90,0x0,
0xeb,0x2,0xc0,0x0,0x8c,0x0,0x0,0x0,
0x0,0x0,0x7,0x0,0xba,0x0,0x0,0x0,
0x0,0x0,0x0,0x0,0xea,0x2,0x90,0x0,
0xea,0x2,0xc0,0x0,0x89,0x0,0x0,0x0,
0x0,0x0,0xa,0x0,0x42,0x0,0x0,0x0,
0x0,0x0,0x0,0x0,0xf3,0x2,0x90,0x0,
0xf3,0x2,0xe0,0x0,0x0,0x0,0x0,0x0,
0x0,0x0,0x0,0x0,0x0,0x0,0x0,0x0,
0x0,0x0,0xff,0xff,0xff,0xff,0xff,0xff,
0x0,0x0,0x0,0x0,0x54,0x0,0x0,0x0,
0x54,0x0,0x0,0x0,0x54,0x0,0x0,0x0,
0x0,0x0,0x0,0x0,0x54,0x0,0x0,0x0,
0x54,0x0,0x0,0x0,0x0,0x0,0x1,0x0,
0x54,0x0,0x0,0x0,0x0,0x0,0x0,0x0,
0x6c,0x0,0x0,0x0,0xf3,0x2,0x90,0x0,
0x0,0x0,0x0,0x0,0x6c,0x0,0x0,0x0,
0x0,0x0,0x0,0x0,0x6c,0x0,0x0,0x0,
0x0,0x0,0x0,0x0,0x8a,0x0,0x0,0x0,
0x0,0x0,0x7,0x0,0xc1,0x0,0x0,0x0,
0x0,0x0,0x0,0x0,0xf3,0x2,0xe0,0x0,
0xf3,0x2,0x90,0x1,0x0,0x0,0x0,0x0,
0x84,0x0,0x0,0x0,0x3e,0x0,0x0,0x0,
0x0,0x0,0xff,0xff,0xff,0xff,0xff,0xff,
0x0,0x0,0x0,0x0,0x54,0x0,0x0,0x0,
0x54,0x0,0x0,0x0,0x54,0x0,0x0,0x0,
0x0,0x0,0x0,0x0,0x54,0x0,0x0,0x0,
0x54,0x0,0x0,0x0,0x0,0x0,0x7,0x0,
0x54,0x0,0x0,0x0,0x0,0x0,0x0,0x0,
0xfc,0x0,0x0,0x0,0xfb,0x2,0x50,0x0,
0xfc,0x2,0x90,0x0,0xfc,0x0,0x0,0x0,
0x0,0x0,0x0,0x0,0xfc,0x0,0x0,0x0,
0x0,0x0,0x0,0x0,0x87,0x0,0x0,0x0,
0x0,0x0,0x3,0x0,0x0,0x0,0x0,0x0,
0x88,0x0,0x0,0x0,0x2,0x3,0x90,0x0,
0x2,0x3,0x0,0x1,0x85,0x0,0x0,0x0,
0x0,0x0,0x5,0x0,0xe,0x0,0x0,0x0,
0x0,0x0,0x0,0x0,0x1,0x3,0x90,0x0,
0x1,0x3,0xf0,0x0,0x7,0x0,0x0,0x0,
0x0,0x0,0x7,0x0,0xc4,0x0,0x0,0x0,
0x0,0x0,0x0,0x0,0x0,0x3,0x90,0x0,
0x0,0x3,0x10,0x1,0x6,0x0,0x0,0x0,
0x0,0x0,0x7,0x0,0xc3,0x0,0x0,0x0,
0x0,0x0,0x0,0x0,0xff,0x2,0x90,0x0,
0xff,0x2,0x0,0x1,0x8d,0x0,0x0,0x0,
0x0,0x0,0x7,0x0,0xc2,0x0,0x0,0x0,
0x0,0x0,0x0,0x0,0xfe,0x2,0x90,0x0,
0xfe,0x2,0xc0,0x0,0x8c,0x0,0x0,0x0,
0x0,0x0,0x2,0x0,0x3,0x0,0x0,0x0,
0x0,0x0,0x0,0x0,0xfd,0x2,0x90,0x0,
0xfd,0x2,0xc0,0x0,0x89,0x0,0x0,0x0,
0x0,0x0,0xa,0x0,0x44,0x0,0x0,0x0,
0x0,0x0,0x0,0x0,0x3,0x3,0x90,0x0,
0x3,0x3,0xe0,0x0,0x0,0x0,0x0,0x0,
0x0,0x0,0x0,0x0,0x0,0x0,0x0,0x0,
0x0,0x0,0xff,0xff,0xff,0xff,0xff,0xff,
0x0,0x0,0x0,0x0,0x54,0x0,0x0,0x0,
0x54,0x0,0x0,0x0,0x54,0x0,0x0,0x0,
0x0,0x0,0x0,0x0,0x54,0x0,0x0,0x0,
0x54,0x0,0x0,0x0,0x0,0x0,0x1,0x0,
0x54,0x0,0x0,0x0,0x0,0x0,0x0,0x0,
0x6c,0x0,0x0,0x0,0x3,0x3,0x90,0x0,
0x0,0x0,0x0,0x0,0x6c,0x0,0x0,0x0,
0x0,0x0,0x0,0x0,0x6c,0x0,0x0,0x0,
0x0,0x0,0x0,0x0,0x8a,0x0,0x0,0x0,
0x0,0x0,0x7,0x0,0xc5,0x0,0x0,0x0,
0x0,0x0,0x0,0x0,0x3,0x3,0xe0,0x0,
0x3,0x3,0x90,0x1,0x0,0x0,0x0,0x0,
0x84,0x0,0x0,0x0,0x40,0x0,0x0,0x0,
0x0,0x0,0xff,0xff,0xff,0xff,0xff,0xff,
0x0,0x0,0x0,0x0,0x54,0x0,0x0,0x0,
0x54,0x0,0x0,0x0,0x54,0x0,0x0,0x0,
0x0,0x0,0x0,0x0,0x54,0x0,0x0,0x0,
0x54,0x0,0x0,0x0,0x0,0x0,0x7,0x0,
0x54,0x0,0x0,0x0,0x0,0x0,0x0,0x0,
0xfc,0x0,0x0,0x0,0x6,0x3,0x50,0x0,
0x7,0x3,0x90,0x0,0xfc,0x0,0x0,0x0,
0x0,0x0,0x0,0x0,0xfc,0x0,0x0,0x0,
0x0,0x0,0x0,0x0,0x87,0x0,0x0,0x0,
0x0,0x0,0x3,0x0,0x0,0x0,0x0,0x0,
0x88,0x0,0x0,0x0,0xd,0x3,0x90,0x0,
0xd,0x3,0x0,0x1,0x85,0x0,0x0,0x0,
0x0,0x0,0x5,0x0,0xf,0x0,0x0,0x0,
0x0,0x0,0x0,0x0,0xc,0x3,0x90,0x0,
0xc,0x3,0xf0,0x0,0x7,0x0,0x0,0x0,
0x0,0x0,0x7,0x0,0xc8,0x0,0x0,0x0,
0x0,0x0,0x0,0x0,0xb,0x3,0x90,0x0,
0xb,0x3,0x10,0x1,0x6,0x0,0x0,0x0,
0x0,0x0,0x7,0x0,0xc7,0x0,0x0,0x0,
0x0,0x0,0x0,0x0,0xa,0x3,0x90,0x0,
0xa,0x3,0x0,0x1,0x8d,0x0,0x0,0x0,
0x0,0x0,0x7,0x0,0xc6,0x0,0x0,0x0,
0x0,0x0,0x0,0x0,0x9,0x3,0x90,0x0,
0x9,0x3,0xc0,0x0,0x8c,0x0,0x0,0x0,
0x0,0x0,0x2,0x0,0x3,0x0,0x0,0x0,
0x0,0x0,0x0,0x0,0x8,0x3,0x90,0x0,
0x8,0x3,0xc0,0x0,0x89,0x0,0x0,0x0,
0x0,0x0,0xa,0x0,0x46,0x0,0x0,0x0,
0x0,0x0,0x0,0x0,0xe,0x3,0x90,0x0,
0xe,0x3,0xe0,0x0,0x0,0x0,0x0,0x0,
0x0,0x0,0x0,0x0,0x0,0x0,0x0,0x0,
0x0,0x0,0xff,0xff,0xff,0xff,0xff,0xff,
0x0,0x0,0x0,0x0,0x54,0x0,0x0,0x0,
0x54,0x0,0x0,0x0,0x54,0x0,0x0,0x0,
0x0,0x0,0x0,0x0,0x54,0x0,0x0,0x0,
0x54,0x0,0x0,0x0,0x0,0x0,0x1,0x0,
0x54,0x0,0x0,0x0,0x0,0x0,0x0,0x0,
0x6c,0x0,0x0,0x0,0xe,0x3,0x90,0x0,
0x0,0x0,0x0,0x0,0x6c,0x0,0x0,0x0,
0x0,0x0,0x0,0x0,0x6c,0x0,0x0,0x0,
0x0,0x0,0x0,0x0,0x8a,0x0,0x0,0x0,
0x0,0x0,0x7,0x0,0xc9,0x0,0x0,0x0,
0x0,0x0,0x0,0x0,0xe,0x3,0xe0,0x0,
0xe,0x3,0x90,0x1,0x0,0x0,0x0,0x0,
0x84,0x0,0x0,0x0,0x42,0x0,0x0,0x0,
0x0,0x0,0xff,0xff,0xff,0xff,0xff,0xff,
0x0,0x0,0x0,0x0,0x54,0x0,0x0,0x0,
0x54,0x0,0x0,0x0,0x54,0x0,0x0,0x0,
0x0,0x0,0x0,0x0,0x54,0x0,0x0,0x0,
0x54,0x0,0x0,0x0,0x0,0x0,0x7,0x0,
0x54,0x0,0x0,0x0,0x0,0x0,0x0,0x0,
0xfc,0x0,0x0,0x0,0x11,0x3,0x50,0x0,
0x12,0x3,0x90,0x0,0xfc,0x0,0x0,0x0,
0x0,0x0,0x0,0x0,0xfc,0x0,0x0,0x0,
0x0,0x0,0x0,0x0,0x87,0x0,0x0,0x0,
0x0,0x0,0x3,0x0,0x0,0x0,0x0,0x0,
0x88,0x0,0x0,0x0,0x18,0x3,0x90,0x0,
0x18,0x3,0x0,0x1,0x85,0x0,0x0,0x0,
0x0,0x0,0x5,0x0,0x10,0x0,0x0,0x0,
0x0,0x0,0x0,0x0,0x17,0x3,0x90,0x0,
0x17,0x3,0xf0,0x0,0x7,0x0,0x0,0x0,
0x0,0x0,0x7,0x0,0xcc,0x0,0x0,0x0,
0x0,0x0,0x0,0x0,0x16,0x3,0x90,0x0,
0x16,0x3,0x10,0x1,0x6,0x0,0x0,0x0,
0x0,0x0,0x7,0x0,0xcb,0x0,0x0,0x0,
0x0,0x0,0x0,0x0,0x15,0x3,0x90,0x0,
0x15,0x3,0x0,0x1,0x8d,0x0,0x0,0x0,
0x0,0x0,0x7,0x0,0xca,0x0,0x0,0x0,
0x0,0x0,0x0,0x0,0x14,0x3,0x90,0x0,
0x14,0x3,0xc0,0x0,0x8c,0x0,0x0,0x0,
0x0,0x0,0x2,0x0,0x3,0x0,0x0,0x0,
0x0,0x0,0x0,0x0,0x13,0x3,0x90,0x0,
0x13,0x3,0xc0,0x0,0x89,0x0,0x0,0x0,
0x0,0x0,0xa,0x0,0x48,0x0,0x0,0x0,
0x0,0x0,0x0,0x0,0x19,0x3,0x90,0x0,
0x19,0x3,0xe0,0x0,0x0,0x0,0x0,0x0,
0x0,0x0,0x0,0x0,0x0,0x0,0x0,0x0,
0x0,0x0,0xff,0xff,0xff,0xff,0xff,0xff,
0x0,0x0,0x0,0x0,0x54,0x0,0x0,0x0,
0x54,0x0,0x0,0x0,0x54,0x0,0x0,0x0,
0x0,0x0,0x0,0x0,0x54,0x0,0x0,0x0,
0x54,0x0,0x0,0x0,0x0,0x0,0x1,0x0,
0x54,0x0,0x0,0x0,0x0,0x0,0x0,0x0,
0x6c,0x0,0x0,0x0,0x19,0x3,0x90,0x0,
0x0,0x0,0x0,0x0,0x6c,0x0,0x0,0x0,
0x0,0x0,0x0,0x0,0x6c,0x0,0x0,0x0,
0x0,0x0,0x0,0x0,0x8a,0x0,0x0,0x0,
0x0,0x0,0x7,0x0,0xcd,0x0,0x0,0x0,
0x0,0x0,0x0,0x0,0x19,0x3,0xe0,0x0,
0x19,0x3,0x90,0x1,0x0,0x0,0x0,0x0,
0x84,0x0,0x0,0x0,0x44,0x0,0x0,0x0,
0x0,0x0,0xff,0xff,0xff,0xff,0xff,0xff,
0x0,0x0,0x0,0x0,0x54,0x0,0x0,0x0,
0x54,0x0,0x0,0x0,0x54,0x0,0x0,0x0,
0x0,0x0,0x0,0x0,0x54,0x0,0x0,0x0,
0x54,0x0,0x0,0x0,0x0,0x0,0x7,0x0,
0x54,0x0,0x0,0x0,0x0,0x0,0x0,0x0,
0xfc,0x0,0x0,0x0,0x1c,0x3,0x50,0x0,
0x1d,0x3,0x90,0x0,0xfc,0x0,0x0,0x0,
0x0,0x0,0x0,0x0,0xfc,0x0,0x0,0x0,
0x0,0x0,0x0,0x0,0x87,0x0,0x0,0x0,
0x0,0x0,0x3,0x0,0x0,0x0,0x0,0x0,
0x88,0x0,0x0,0x0,0x23,0x3,0x90,0x0,
0x23,0x3,0x0,0x1,0x85,0x0,0x0,0x0,
0x0,0x0,0x5,0x0,0x11,0x0,0x0,0x0,
0x0,0x0,0x0,0x0,0x22,0x3,0x90,0x0,
0x22,0x3,0xf0,0x0,0x7,0x0,0x0,0x0,
0x0,0x0,0x7,0x0,0xd0,0x0,0x0,0x0,
0x0,0x0,0x0,0x0,0x21,0x3,0x90,0x0,
0x21,0x3,0x10,0x1,0x6,0x0,0x0,0x0,
0x0,0x0,0x7,0x0,0xcf,0x0,0x0,0x0,
0x0,0x0,0x0,0x0,0x20,0x3,0x90,0x0,
0x20,0x3,0x0,0x1,0x8d,0x0,0x0,0x0,
0x0,0x0,0x7,0x0,0xce,0x0,0x0,0x0,
0x0,0x0,0x0,0x0,0x1f,0x3,0x90,0x0,
0x1f,0x3,0xc0,0x0,0x8c,0x0,0x0,0x0,
0x0,0x0,0x2,0x0,0x3,0x0,0x0,0x0,
0x0,0x0,0x0,0x0,0x1e,0x3,0x90,0x0,
0x1e,0x3,0xc0,0x0,0x89,0x0,0x0,0x0,
0x0,0x0,0xa,0x0,0x4a,0x0,0x0,0x0,
0x0,0x0,0x0,0x0,0x24,0x3,0x90,0x0,
0x24,0x3,0xe0,0x0,0x0,0x0,0x0,0x0,
0x0,0x0,0x0,0x0,0x0,0x0,0x0,0x0,
0x0,0x0,0xff,0xff,0xff,0xff,0xff,0xff,
0x0,0x0,0x0,0x0,0x54,0x0,0x0,0x0,
0x54,0x0,0x0,0x0,0x54,0x0,0x0,0x0,
0x0,0x0,0x0,0x0,0x54,0x0,0x0,0x0,
0x54,0x0,0x0,0x0,0x0,0x0,0x1,0x0,
0x54,0x0,0x0,0x0,0x0,0x0,0x0,0x0,
0x6c,0x0,0x0,0x0,0x24,0x3,0x90,0x0,
0x0,0x0,0x0,0x0,0x6c,0x0,0x0,0x0,
0x0,0x0,0x0,0x0,0x6c,0x0,0x0,0x0,
0x0,0x0,0x0,0x0,0x8a,0x0,0x0,0x0,
0x0,0x0,0x7,0x0,0xd1,0x0,0x0,0x0,
0x0,0x0,0x0,0x0,0x24,0x3,0xe0,0x0,
0x24,0x3,0x90,0x1,0x0,0x0,0x0,0x0,
0x84,0x0,0x0,0x0,0x46,0x0,0x0,0x0,
0x0,0x0,0xff,0xff,0xff,0xff,0xff,0xff,
0x0,0x0,0x0,0x0,0x54,0x0,0x0,0x0,
0x54,0x0,0x0,0x0,0x54,0x0,0x0,0x0,
0x0,0x0,0x0,0x0,0x54,0x0,0x0,0x0,
0x54,0x0,0x0,0x0,0x0,0x0,0x7,0x0,
0x54,0x0,0x0,0x0,0x0,0x0,0x0,0x0,
0xfc,0x0,0x0,0x0,0x27,0x3,0x50,0x0,
0x28,0x3,0x90,0x0,0xfc,0x0,0x0,0x0,
0x0,0x0,0x0,0x0,0xfc,0x0,0x0,0x0,
0x0,0x0,0x0,0x0,0x87,0x0,0x0,0x0,
0x0,0x0,0x3,0x0,0x0,0x0,0x0,0x0,
0x88,0x0,0x0,0x0,0x2e,0x3,0x90,0x0,
0x2e,0x3,0x0,0x1,0x85,0x0,0x0,0x0,
0x0,0x0,0x5,0x0,0x12,0x0,0x0,0x0,
0x0,0x0,0x0,0x0,0x2d,0x3,0x90,0x0,
0x2d,0x3,0xf0,0x0,0x7,0x0,0x0,0x0,
0x0,0x0,0x7,0x0,0xd4,0x0,0x0,0x0,
0x0,0x0,0x0,0x0,0x2c,0x3,0x90,0x0,
0x2c,0x3,0x10,0x1,0x6,0x0,0x0,0x0,
0x0,0x0,0x7,0x0,0xd3,0x0,0x0,0x0,
0x0,0x0,0x0,0x0,0x2b,0x3,0x90,0x0,
0x2b,0x3,0x0,0x1,0x8d,0x0,0x0,0x0,
0x0,0x0,0x7,0x0,0xd2,0x0,0x0,0x0,
0x0,0x0,0x0,0x0,0x2a,0x3,0x90,0x0,
0x2a,0x3,0xc0,0x0,0x8c,0x0,0x0,0x0,
0x0,0x0,0x2,0x0,0x3,0x0,0x0,0x0,
0x0,0x0,0x0,0x0,0x29,0x3,0x90,0x0,
0x29,0x3,0xc0,0x0,0x89,0x0,0x0,0x0,
0x0,0x0,0xa,0x0,0x4c,0x0,0x0,0x0,
0x0,0x0,0x0,0x0,0x2f,0x3,0x90,0x0,
0x2f,0x3,0xe0,0x0,0x0,0x0,0x0,0x0,
0x0,0x0,0x0,0x0,0x0,0x0,0x0,0x0,
0x0,0x0,0xff,0xff,0xff,0xff,0xff,0xff,
0x0,0x0,0x0,0x0,0x54,0x0,0x0,0x0,
0x54,0x0,0x0,0x0,0x54,0x0,0x0,0x0,
0x0,0x0,0x0,0x0,0x54,0x0,0x0,0x0,
0x54,0x0,0x0,0x0,0x0,0x0,0x1,0x0,
0x54,0x0,0x0,0x0,0x0,0x0,0x0,0x0,
0x6c,0x0,0x0,0x0,0x2f,0x3,0x90,0x0,
0x0,0x0,0x0,0x0,0x6c,0x0,0x0,0x0,
0x0,0x0,0x0,0x0,0x6c,0x0,0x0,0x0,
0x0,0x0,0x0,0x0,0x8a,0x0,0x0,0x0,
0x0,0x0,0x7,0x0,0xd5,0x0,0x0,0x0,
0x0,0x0,0x0,0x0,0x2f,0x3,0xe0,0x0,
0x2f,0x3,0x90,0x1,0x0,0x0,0x0,0x0,
0x84,0x0,0x0,0x0,0xde,0x0,0x0,0x0,
0x0,0x0,0xff,0xff,0xff,0xff,0xff,0xff,
0x0,0x0,0x0,0x0,0x54,0x0,0x0,0x0,
0x54,0x0,0x0,0x0,0x54,0x0,0x0,0x0,
0x0,0x0,0x0,0x0,0x54,0x0,0x0,0x0,
0x54,0x0,0x0,0x0,0x0,0x0,0x7,0x0,
0x54,0x0,0x0,0x0,0x0,0x0,0x0,0x0,
0xfc,0x0,0x0,0x0,0x31,0x3,0x50,0x0,
0x32,0x3,0x90,0x0,0xfc,0x0,0x0,0x0,
0x0,0x0,0x0,0x0,0xfc,0x0,0x0,0x0,
0x0,0x0,0x0,0x0,0x87,0x0,0x0,0x0,
0x0,0x0,0x3,0x0,0x0,0x0,0x0,0x0,
0x88,0x0,0x0,0x0,0x38,0x3,0x90,0x0,
0x38,0x3,0x0,0x1,0x85,0x0,0x0,0x0,
0x0,0x0,0x5,0x0,0x13,0x0,0x0,0x0,
0x0,0x0,0x0,0x0,0x37,0x3,0x90,0x0,
0x37,0x3,0xf0,0x0,0x7,0x0,0x0,0x0,
0x0,0x0,0x7,0x0,0xd8,0x0,0x0,0x0,
0x0,0x0,0x0,0x0,0x36,0x3,0x90,0x0,
0x36,0x3,0x10,0x1,0x6,0x0,0x0,0x0,
0x0,0x0,0x7,0x0,0xd7,0x0,0x0,0x0,
0x0,0x0,0x0,0x0,0x35,0x3,0x90,0x0,
0x35,0x3,0x0,0x1,0x8d,0x0,0x0,0x0,
0x0,0x0,0x7,0x0,0xd6,0x0,0x0,0x0,
0x0,0x0,0x0,0x0,0x34,0x3,0x90,0x0,
0x34,0x3,0xc0,0x0,0x8c,0x0,0x0,0x0,
0x0,0x0,0x2,0x0,0x3,0x0,0x0,0x0,
0x0,0x0,0x0,0x0,0x33,0x3,0x90,0x0,
0x33,0x3,0xc0,0x0,0x89,0x0,0x0,0x0,
0x0,0x0,0xa,0x0,0x4e,0x0,0x0,0x0,
0x0,0x0,0x0,0x0,0x39,0x3,0x90,0x0,
0x39,0x3,0xe0,0x0,0x0,0x0,0x0,0x0,
0x0,0x0,0x0,0x0,0x0,0x0,0x0,0x0,
0x0,0x0,0xff,0xff,0xff,0xff,0xff,0xff,
0x0,0x0,0x0,0x0,0x54,0x0,0x0,0x0,
0x54,0x0,0x0,0x0,0x54,0x0,0x0,0x0,
0x0,0x0,0x0,0x0,0x54,0x0,0x0,0x0,
0x54,0x0,0x0,0x0,0x0,0x0,0x1,0x0,
0x54,0x0,0x0,0x0,0x0,0x0,0x0,0x0,
0x6c,0x0,0x0,0x0,0x39,0x3,0x90,0x0,
0x0,0x0,0x0,0x0,0x6c,0x0,0x0,0x0,
0x0,0x0,0x0,0x0,0x6c,0x0,0x0,0x0,
0x0,0x0,0x0,0x0,0x8a,0x0,0x0,0x0,
0x0,0x0,0x7,0x0,0xd9,0x0,0x0,0x0,
0x0,0x0,0x0,0x0,0x39,0x3,0xe0,0x0,
0x39,0x3,0x90,0x1,0x0,0x0,0x0,0x0,
0x84,0x0,0x0,0x0,0x68,0x0,0x0,0x0,
0x0,0x0,0xff,0xff,0xff,0xff,0xff,0xff,
0x0,0x0,0x0,0x0,0x54,0x0,0x0,0x0,
0x54,0x0,0x0,0x0,0x54,0x0,0x0,0x0,
0x0,0x0,0x0,0x0,0x54,0x0,0x0,0x0,
0x54,0x0,0x0,0x0,0x0,0x0,0x7,0x0,
0x54,0x0,0x0,0x0,0x0,0x0,0x0,0x0,
0xfc,0x0,0x0,0x0,0x3b,0x3,0x10,0x0,
0x3c,0x3,0x50,0x0,0xfc,0x0,0x0,0x0,
0x0,0x0,0x0,0x0,0xfc,0x0,0x0,0x0,
0x0,0x0,0x0,0x0,0x87,0x0,0x0,0x0,
0x0,0x0,0x3,0x0,0x0,0x0,0x0,0x0,
0x88,0x0,0x0,0x0,0x42,0x3,0x50,0x0,
0x42,0x3,0xc0,0x0,0x85,0x0,0x0,0x0,
0x0,0x0,0x5,0x0,0x14,0x0,0x0,0x0,
0x0,0x0,0x0,0x0,0x41,0x3,0x50,0x0,
0x41,0x3,0xb0,0x0,0x7,0x0,0x0,0x0,
0x0,0x0,0x7,0x0,0xdd,0x0,0x0,0x0,
0x0,0x0,0x0,0x0,0x40,0x3,0x50,0x0,
0x40,0x3,0xd0,0x0,0x6,0x0,0x0,0x0,
0x0,0x0,0x7,0x0,0xdc,0x0,0x0,0x0,
0x0,0x0,0x0,0x0,0x3f,0x3,0x50,0x0,
0x3f,0x3,0xc0,0x0,0x8d,0x0,0x0,0x0,
0x0,0x0,0x7,0x0,0xdb,0x0,0x0,0x0,
0x0,0x0,0x0,0x0,0x3e,0x3,0x50,0x0,
0x3e,0x3,0x80,0x0,0x8c,0x0,0x0,0x0,
0x0,0x0,0x7,0x0,0xda,0x0,0x0,0x0,
0x0,0x0,0x0,0x0,0x3d,0x3,0x50,0x0,
0x3d,0x3,0x80,0x0,0x89,0x0,0x0,0x0,
0x0,0x0,0xa,0x0,0x50,0x0,0x0,0x0,
0x0,0x0,0x0,0x0,0x43,0x3,0x50,0x0,
0x43,0x3,0xa0,0x0,0x0,0x0,0x0,0x0,
0x0,0x0,0x0,0x0,0x0,0x0,0x0,0x0,
0x0,0x0,0xff,0xff,0xff,0xff,0xff,0xff,
0x0,0x0,0x0,0x0,0x54,0x0,0x0,0x0,
0x54,0x0,0x0,0x0,0x54,0x0,0x0,0x0,
0x0,0x0,0x0,0x0,0x54,0x0,0x0,0x0,
0x54,0x0,0x0,0x0,0x0,0x0,0x1,0x0,
0x54,0x0,0x0,0x0,0x0,0x0,0x0,0x0,
0x6c,0x0,0x0,0x0,0x43,0x3,0x50,0x0,
0x0,0x0,0x0,0x0,0x6c,0x0,0x0,0x0,
0x0,0x0,0x0,0x0,0x6c,0x0,0x0,0x0,
0x0,0x0,0x0,0x0,0x8a,0x0,0x0,0x0,
0x0,0x0,0x7,0x0,0xde,0x0,0x0,0x0,
0x0,0x0,0x0,0x0,0x43,0x3,0xa0,0x0,
0x43,0x3,0x50,0x1,0x0,0x0,0x0,0x0,
0x84,0x0,0x0,0x0,0x6a,0x0,0x0,0x0,
0x0,0x0,0xff,0xff,0xff,0xff,0xff,0xff,
0x0,0x0,0x0,0x0,0x54,0x0,0x0,0x0,
0x54,0x0,0x0,0x0,0x54,0x0,0x0,0x0,
0x0,0x0,0x0,0x0,0x54,0x0,0x0,0x0,
0x54,0x0,0x0,0x0,0x0,0x0,0x9,0x0,
0x54,0x0,0x0,0x0,0x0,0x0,0x0,0x0,
0x2c,0x1,0x0,0x0,0x47,0x3,0x10,0x0,
0x48,0x3,0x50,0x0,0x2c,0x1,0x0,0x0,
0x0,0x0,0x0,0x0,0x2c,0x1,0x0,0x0,
0x0,0x0,0x0,0x0,0xd8,0x0,0x0,0x0,
0x0,0x0,0x7,0x0,0xe3,0x0,0x0,0x0,
0x0,0x0,0x0,0x0,0x66,0x3,0x90,0x0,
0x66,0x3,0x80,0x1,0x87,0x0,0x0,0x0,
0x0,0x0,0x3,0x0,0x0,0x0,0x0,0x0,
0x88,0x0,0x0,0x0,0x4e,0x3,0x50,0x0,
0x4e,0x3,0xc0,0x0,0x85,0x0,0x0,0x0,
0x0,0x0,0x5,0x0,0x15,0x0,0x0,0x0,
0x0,0x0,0x0,0x0,0x4d,0x3,0x50,0x0,
0x4d,0x3,0xb0,0x0,0x7,0x0,0x0,0x0,
0x0,0x0,0x7,0x0,0xe2,0x0,0x0,0x0,
0x0,0x0,0x0,0x0,0x4c,0x3,0x50,0x0,
0x4c,0x3,0xd0,0x0,0x6,0x0,0x0,0x0,
0x0,0x0,0x7,0x0,0xe1,0x0,0x0,0x0,
0x0,0x0,0x0,0x0,0x4b,0x3,0x50,0x0,
0x4b,0x3,0xc0,0x0,0x8d,0x0,0x0,0x0,
0x0,0x0,0x7,0x0,0xe0,0x0,0x0,0x0,
0x0,0x0,0x0,0x0,0x4a,0x3,0x50,0x0,
0x4a,0x3,0x80,0x0,0x8c,0x0,0x0,0x0,
0x0,0x0,0x7,0x0,0xdf,0x0,0x0,0x0,
0x0,0x0,0x0,0x0,0x49,0x3,0x50,0x0,
0x49,0x3,0x80,0x0,0x0,0x0,0x0,0x0,
0x0,0x0,0x8,0x0,0x53,0x0,0x0,0x0,
0x0,0x0,0x0,0x0,0x51,0x3,0x50,0x0,
0x51,0x3,0x50,0x0,0x89,0x0,0x0,0x0,
0x0,0x0,0xa,0x0,0x52,0x0,0x0,0x0,
0x0,0x0,0x0,0x0,0x4f,0x3,0x50,0x0,
0x4f,0x3,0xa0,0x0,0x0,0x0,0x0,0x0,
0x0,0x0,0x0,0x0,0x0,0x0,0x0,0x0,
0x0,0x0,0xff,0xff,0xff,0xff,0xff,0xff,
0x0,0x0,0x0,0x0,0x54,0x0,0x0,0x0,
0x54,0x0,0x0,0x0,0x54,0x0,0x0,0x0,
0x0,0x0,0x0,0x0,0x54,0x0,0x0,0x0,
0x54,0x0,0x0,0x0,0x0,0x0,0x1,0x0,
0x54,0x0,0x0,0x0,0x0,0x0,0x0,0x0,
0x6c,0x0,0x0,0x0,0x4f,0x3,0x50,0x0,
0x0,0x0,0x0,0x0,0x6c,0x0,0x0,0x0,
0x0,0x0,0x0,0x0,0x6c,0x0,0x0,0x0,
0x0,0x0,0x0,0x0,0x8a,0x0,0x0,0x0,
0x0,0x0,0x7,0x0,0xe4,0x0,0x0,0x0,
0x0,0x0,0x0,0x0,0x4f,0x3,0xa0,0x0,
0x4f,0x3,0x50,0x1,0x0,0x0,0x0,0x0,
0x2e,0x0,0x0,0x0,0xdf,0x0,0x0,0x0,
0x0,0x0,0xff,0xff,0xff,0xff,0xff,0xff,
0x0,0x0,0x0,0x0,0x54,0x0,0x0,0x0,
0x54,0x0,0x0,0x0,0x54,0x0,0x0,0x0,
0x0,0x0,0x0,0x0,0x54,0x0,0x0,0x0,
0x54,0x0,0x0,0x0,0x0,0x0,0x3,0x0,
0x54,0x0,0x0,0x0,0x0,0x0,0x0,0x0,
0x9c,0x0,0x0,0x0,0x51,0x3,0x50,0x0,
0x52,0x3,0x90,0x0,0x9c,0x0,0x0,0x0,
0x0,0x0,0x0,0x0,0x9c,0x0,0x0,0x0,
0x0,0x0,0x0,0x0,0x32,0x0,0x0,0x0,
0x0,0x0,0x7,0x0,0xe5,0x0,0x0,0x0,
0x0,0x0,0x0,0x0,0x55,0x3,0x90,0x0,
0x55,0x3,0x60,0x1,0x31,0x0,0x0,0x0,
0x0,0x0,0x1,0x0,0x0,0x0,0x0,0x0,
0x0,0x0,0x0,0x0,0x54,0x3,0x90,0x0,
0x54,0x3,0x10,0x1,0x30,0x0,0x0,0x0,
0x0,0x0,0x2,0x0,0xb,0x0,0x0,0x0,
0x0,0x0,0x0,0x0,0x53,0x3,0x90,0x0,
0x53,0x3,0x30,0x1,0x0,0x0,0x0,0x0,
0x1b,0x0,0x0,0x0,0x0,0x0,0x0,0x0,
0x0,0x0,0xff,0xff,0xff,0xff,0xff,0xff,
0x2,0x0,0x0,0x0,0x54,0x0,0x0,0x0,
0x5c,0x0,0x0,0x0,0x5c,0x0,0x0,0x0,
0x0,0x0,0x0,0x0,0x5c,0x0,0x0,0x0,
0x5c,0x0,0x0,0x0,0x0,0x0,0x1,0x0,
0x5c,0x0,0x0,0x0,0x0,0x0,0x0,0x0,
0x74,0x0,0x0,0x0,0x7d,0x3,0x10,0x0,
0x0,0x0,0x0,0x0,0x74,0x0,0x0,0x0,
0x0,0x0,0x0,0x0,0x74,0x0,0x0,0x0,
0x0,0x0,0x0,0x0,0xe7,0x0,0x0,0x0,
0xe8,0x0,0x0,0x0,0x1c,0x0,0x0,0x0,
0x0,0x0,0x7,0x0,0xe6,0x0,0x0,0x0,
0x0,0x0,0x0,0x0,0x7e,0x3,0x50,0x0,
0x7e,0x3,0xd0,0x0,0x0,0x0,0x0,0x0,
0x84,0x0,0x0,0x0,0x6c,0x0,0x0,0x0,
0x0,0x0,0xff,0xff,0xff,0xff,0xff,0xff,
0x0,0x0,0x0,0x0,0x54,0x0,0x0,0x0,
0x54,0x0,0x0,0x0,0x54,0x0,0x0,0x0,
0x0,0x0,0x0,0x0,0x54,0x0,0x0,0x0,
0x54,0x0,0x0,0x0,0x0,0x0,0x7,0x0,
0x54,0x0,0x0,0x0,0x0,0x0,0x0,0x0,
0xfc,0x0,0x0,0x0,0xa1,0x3,0x50,0x0,
0xa2,0x3,0x90,0x0,0xfc,0x0,0x0,0x0,
0x0,0x0,0x0,0x0,0xfc,0x0,0x0,0x0,
0x0,0x0,0x0,0x0,0x87,0x0,0x0,0x0,
0x0,0x0,0x3,0x0,0x0,0x0,0x0,0x0,
0x88,0x0,0x0,0x0,0xa8,0x3,0x90,0x0,
0xa8,0x3,0x0,0x1,0x85,0x0,0x0,0x0,
0x0,0x0,0x5,0x0,0x16,0x0,0x0,0x0,
0x0,0x0,0x0,0x0,0xa7,0x3,0x90,0x0,
0xa7,0x3,0xf0,0x0,0x7,0x0,0x0,0x0,
0x0,0x0,0x7,0x0,0xec,0x0,0x0,0x0,
0x0,0x0,0x0,0x0,0xa6,0x3,0x90,0x0,
0xa6,0x3,0x10,0x1,0x6,0x0,0x0,0x0,
0x0,0x0,0x7,0x0,0xeb,0x0,0x0,0x0,
0x0,0x0,0x0,0x0,0xa5,0x3,0x90,0x0,
0xa5,0x3,0x0,0x1,0x8d,0x0,0x0,0x0,
0x0,0x0,0x7,0x0,0xea,0x0,0x0,0x0,
0x0,0x0,0x0,0x0,0xa4,0x3,0x90,0x0,
0xa4,0x3,0xc0,0x0,0x8c,0x0,0x0,0x0,
0x0,0x0,0x7,0x0,0xe9,0x0,0x0,0x0,
0x0,0x0,0x0,0x0,0xa3,0x3,0x90,0x0,
0xa3,0x3,0xc0,0x0,0x89,0x0,0x0,0x0,
0x0,0x0,0xa,0x0,0x56,0x0,0x0,0x0,
0x0,0x0,0x0,0x0,0xa9,0x3,0x90,0x0,
0xa9,0x3,0xe0,0x0,0x0,0x0,0x0,0x0,
0x0,0x0,0x0,0x0,0x0,0x0,0x0,0x0,
0x0,0x0,0xff,0xff,0xff,0xff,0xff,0xff,
0x0,0x0,0x0,0x0,0x54,0x0,0x0,0x0,
0x54,0x0,0x0,0x0,0x54,0x0,0x0,0x0,
0x0,0x0,0x0,0x0,0x54,0x0,0x0,0x0,
0x54,0x0,0x0,0x0,0x0,0x0,0x1,0x0,
0x54,0x0,0x0,0x0,0x0,0x0,0x0,0x0,
0x6c,0x0,0x0,0x0,0xa9,0x3,0x90,0x0,
0x0,0x0,0x0,0x0,0x6c,0x0,0x0,0x0,
0x0,0x0,0x0,0x0,0x6c,0x0,0x0,0x0,
0x0,0x0,0x0,0x0,0x8a,0x0,0x0,0x0,
0x0,0x0,0x7,0x0,0xed,0x0,0x0,0x0,
0x0,0x0,0x0,0x0,0xa9,0x3,0xe0,0x0,
0xa9,0x3,0x90,0x1,0x0,0x0,0x0,0x0,
0x84,0x0,0x0,0x0,0x6e,0x0,0x0,0x0,
0x0,0x0,0xff,0xff,0xff,0xff,0xff,0xff,
0x0,0x0,0x0,0x0,0x54,0x0,0x0,0x0,
0x54,0x0,0x0,0x0,0x54,0x0,0x0,0x0,
0x0,0x0,0x0,0x0,0x54,0x0,0x0,0x0,
0x54,0x0,0x0,0x0,0x0,0x0,0x7,0x0,
0x54,0x0,0x0,0x0,0x0,0x0,0x0,0x0,
0xfc,0x0,0x0,0x0,0xac,0x3,0x50,0x0,
0xad,0x3,0x90,0x0,0xfc,0x0,0x0,0x0,
0x0,0x0,0x0,0x0,0xfc,0x0,0x0,0x0,
0x0,0x0,0x0,0x0,0x87,0x0,0x0,0x0,
0x0,0x0,0x3,0x0,0x0,0x0,0x0,0x0,
0x88,0x0,0x0,0x0,0xb3,0x3,0x90,0x0,
0xb3,0x3,0x0,0x1,0x85,0x0,0x0,0x0,
0x0,0x0,0x5,0x0,0x17,0x0,0x0,0x0,
0x0,0x0,0x0,0x0,0xb2,0x3,0x90,0x0,
0xb2,0x3,0xf0,0x0,0x7,0x0,0x0,0x0,
0x0,0x0,0x7,0x0,0xf1,0x0,0x0,0x0,
0x0,0x0,0x0,0x0,0xb1,0x3,0x90,0x0,
0xb1,0x3,0x10,0x1,0x6,0x0,0x0,0x0,
0x0,0x0,0x7,0x0,0xf0,0x0,0x0,0x0,
0x0,0x0,0x0,0x0,0xb0,0x3,0x90,0x0,
0xb0,0x3,0x0,0x1,0x8d,0x0,0x0,0x0,
0x0,0x0,0x7,0x0,0xef,0x0,0x0,0x0,
0x0,0x0,0x0,0x0,0xaf,0x3,0x90,0x0,
0xaf,0x3,0xc0,0x0,0x8c,0x0,0x0,0x0,
0x0,0x0,0x7,0x0,0xee,0x0,0x0,0x0,
0x0,0x0,0x0,0x0,0xae,0x3,0x90,0x0,
0xae,0x3,0xc0,0x0,0x89,0x0,0x0,0x0,
0x0,0x0,0xa,0x0,0x58,0x0,0x0,0x0,
0x0,0x0,0x0,0x0,0xb4,0x3,0x90,0x0,
0xb4,0x3,0xe0,0x0,0x0,0x0,0x0,0x0,
0x0,0x0,0x0,0x0,0x0,0x0,0x0,0x0,
0x0,0x0,0xff,0xff,0xff,0xff,0xff,0xff,
0x0,0x0,0x0,0x0,0x54,0x0,0x0,0x0,
0x54,0x0,0x0,0x0,0x54,0x0,0x0,0x0,
0x0,0x0,0x0,0x0,0x54,0x0,0x0,0x0,
0x54,0x0,0x0,0x0,0x0,0x0,0x1,0x0,
0x54,0x0,0x0,0x0,0x0,0x0,0x0,0x0,
0x6c,0x0,0x0,0x0,0xb4,0x3,0x90,0x0,
0x0,0x0,0x0,0x0,0x6c,0x0,0x0,0x0,
0x0,0x0,0x0,0x0,0x6c,0x0,0x0,0x0,
0x0,0x0,0x0,0x0,0x8a,0x0,0x0,0x0,
0x0,0x0,0x7,0x0,0xf2,0x0,0x0,0x0,
0x0,0x0,0x0,0x0,0xb4,0x3,0xe0,0x0,
0xb4,0x3,0x90,0x1,0x0,0x0,0x0,0x0,
0x84,0x0,0x0,0x0,0x70,0x0,0x0,0x0,
0x0,0x0,0xff,0xff,0xff,0xff,0xff,0xff,
0x0,0x0,0x0,0x0,0x54,0x0,0x0,0x0,
0x54,0x0,0x0,0x0,0x54,0x0,0x0,0x0,
0x0,0x0,0x0,0x0,0x54,0x0,0x0,0x0,
0x54,0x0,0x0,0x0,0x0,0x0,0x7,0x0,
0x54,0x0,0x0,0x0,0x0,0x0,0x0,0x0,
0xfc,0x0,0x0,0x0,0xb7,0x3,0x50,0x0,
0xb8,0x3,0x90,0x0,0xfc,0x0,0x0,0x0,
0x0,0x0,0x0,0x0,0xfc,0x0,0x0,0x0,
0x0,0x0,0x0,0x0,0x87,0x0,0x0,0x0,
0x0,0x0,0x3,0x0,0x0,0x0,0x0,0x0,
0x88,0x0,0x0,0x0,0xbe,0x3,0x90,0x0,
0xbe,0x3,0x0,0x1,0x85,0x0,0x0,0x0,
0x0,0x0,0x5,0x0,0x18,0x0,0x0,0x0,
0x0,0x0,0x0,0x0,0xbd,0x3,0x90,0x0,
0xbd,0x3,0xf0,0x0,0x7,0x0,0x0,0x0,
0x0,0x0,0x7,0x0,0xf6,0x0,0x0,0x0,
0x0,0x0,0x0,0x0,0xbc,0x3,0x90,0x0,
0xbc,0x3,0x10,0x1,0x6,0x0,0x0,0x0,
0x0,0x0,0x7,0x0,0xf5,0x0,0x0,0x0,
0x0,0x0,0x0,0x0,0xbb,0x3,0x90,0x0,
0xbb,0x3,0x0,0x1,0x8d,0x0,0x0,0x0,
0x0,0x0,0x7,0x0,0xf4,0x0,0x0,0x0,
0x0,0x0,0x0,0x0,0xba,0x3,0x90,0x0,
0xba,0x3,0xc0,0x0,0x8c,0x0,0x0,0x0,
0x0,0x0,0x7,0x0,0xf3,0x0,0x0,0x0,
0x0,0x0,0x0,0x0,0xb9,0x3,0x90,0x0,
0xb9,0x3,0xc0,0x0,0x89,0x0,0x0,0x0,
0x0,0x0,0xa,0x0,0x5a,0x0,0x0,0x0,
0x0,0x0,0x0,0x0,0xbf,0x3,0x90,0x0,
0xbf,0x3,0xe0,0x0,0x0,0x0,0x0,0x0,
0x0,0x0,0x0,0x0,0x0,0x0,0x0,0x0,
0x0,0x0,0xff,0xff,0xff,0xff,0xff,0xff,
0x0,0x0,0x0,0x0,0x54,0x0,0x0,0x0,
0x54,0x0,0x0,0x0,0x54,0x0,0x0,0x0,
0x0,0x0,0x0,0x0,0x54,0x0,0x0,0x0,
0x54,0x0,0x0,0x0,0x0,0x0,0x1,0x0,
0x54,0x0,0x0,0x0,0x0,0x0,0x0,0x0,
0x6c,0x0,0x0,0x0,0xbf,0x3,0x90,0x0,
0x0,0x0,0x0,0x0,0x6c,0x0,0x0,0x0,
0x0,0x0,0x0,0x0,0x6c,0x0,0x0,0x0,
0x0,0x0,0x0,0x0,0x8a,0x0,0x0,0x0,
0x0,0x0,0x7,0x0,0xf7,0x0,0x0,0x0,
0x0,0x0,0x0,0x0,0xbf,0x3,0xe0,0x0,
0xbf,0x3,0x90,0x1,0x0,0x0,0x0,0x0,
0x84,0x0,0x0,0x0,0x72,0x0,0x0,0x0,
0x0,0x0,0xff,0xff,0xff,0xff,0xff,0xff,
0x0,0x0,0x0,0x0,0x54,0x0,0x0,0x0,
0x54,0x0,0x0,0x0,0x54,0x0,0x0,0x0,
0x0,0x0,0x0,0x0,0x54,0x0,0x0,0x0,
0x54,0x0,0x0,0x0,0x0,0x0,0x7,0x0,
0x54,0x0,0x0,0x0,0x0,0x0,0x0,0x0,
0xfc,0x0,0x0,0x0,0xc2,0x3,0x50,0x0,
0xc3,0x3,0x90,0x0,0xfc,0x0,0x0,0x0,
0x0,0x0,0x0,0x0,0xfc,0x0,0x0,0x0,
0x0,0x0,0x0,0x0,0x87,0x0,0x0,0x0,
0x0,0x0,0x3,0x0,0x0,0x0,0x0,0x0,
0x88,0x0,0x0,0x0,0xc9,0x3,0x90,0x0,
0xc9,0x3,0x0,0x1,0x85,0x0,0x0,0x0,
0x0,0x0,0x5,0x0,0x19,0x0,0x0,0x0,
0x0,0x0,0x0,0x0,0xc8,0x3,0x90,0x0,
0xc8,0x3,0xf0,0x0,0x7,0x0,0x0,0x0,
0x0,0x0,0x7,0x0,0xfb,0x0,0x0,0x0,
0x0,0x0,0x0,0x0,0xc7,0x3,0x90,0x0,
0xc7,0x3,0x10,0x1,0x6,0x0,0x0,0x0,
0x0,0x0,0x7,0x0,0xfa,0x0,0x0,0x0,
0x0,0x0,0x0,0x0,0xc6,0x3,0x90,0x0,
0xc6,0x3,0x0,0x1,0x8d,0x0,0x0,0x0,
0x0,0x0,0x7,0x0,0xf9,0x0,0x0,0x0,
0x0,0x0,0x0,0x0,0xc5,0x3,0x90,0x0,
0xc5,0x3,0xc0,0x0,0x8c,0x0,0x0,0x0,
0x0,0x0,0x7,0x0,0xf8,0x0,0x0,0x0,
0x0,0x0,0x0,0x0,0xc4,0x3,0x90,0x0,
0xc4,0x3,0xc0,0x0,0x89,0x0,0x0,0x0,
0x0,0x0,0xa,0x0,0x5c,0x0,0x0,0x0,
0x0,0x0,0x0,0x0,0xca,0x3,0x90,0x0,
0xca,0x3,0xe0,0x0,0x0,0x0,0x0,0x0,
0x0,0x0,0x0,0x0,0x0,0x0,0x0,0x0,
0x0,0x0,0xff,0xff,0xff,0xff,0xff,0xff,
0x0,0x0,0x0,0x0,0x54,0x0,0x0,0x0,
0x54,0x0,0x0,0x0,0x54,0x0,0x0,0x0,
0x0,0x0,0x0,0x0,0x54,0x0,0x0,0x0,
0x54,0x0,0x0,0x0,0x0,0x0,0x1,0x0,
0x54,0x0,0x0,0x0,0x0,0x0,0x0,0x0,
0x6c,0x0,0x0,0x0,0xca,0x3,0x90,0x0,
0x0,0x0,0x0,0x0,0x6c,0x0,0x0,0x0,
0x0,0x0,0x0,0x0,0x6c,0x0,0x0,0x0,
0x0,0x0,0x0,0x0,0x8a,0x0,0x0,0x0,
0x0,0x0,0x7,0x0,0xfc,0x0,0x0,0x0,
0x0,0x0,0x0,0x0,0xca,0x3,0xe0,0x0,
0xca,0x3,0x90,0x1,0x0,0x0,0x0,0x0,
0x84,0x0,0x0,0x0,0xe3,0x0,0x0,0x0,
0x0,0x0,0xff,0xff,0xff,0xff,0xff,0xff,
0x0,0x0,0x0,0x0,0x54,0x0,0x0,0x0,
0x54,0x0,0x0,0x0,0x54,0x0,0x0,0x0,
0x0,0x0,0x0,0x0,0x54,0x0,0x0,0x0,
0x54,0x0,0x0,0x0,0x0,0x0,0x7,0x0,
0x54,0x0,0x0,0x0,0x0,0x0,0x0,0x0,
0xfc,0x0,0x0,0x0,0xcc,0x3,0x50,0x0,
0xcd,0x3,0x90,0x0,0xfc,0x0,0x0,0x0,
0x0,0x0,0x0,0x0,0xfc,0x0,0x0,0x0,
0x0,0x0,0x0,0x0,0x87,0x0,0x0,0x0,
0x0,0x0,0x3,0x0,0x0,0x0,0x0,0x0,
0x88,0x0,0x0,0x0,0xd3,0x3,0x90,0x0,
0xd3,0x3,0x0,0x1,0x85,0x0,0x0,0x0,
0x0,0x0,0x5,0x0,0x1a,0x0,0x0,0x0,
0x0,0x0,0x0,0x0,0xd2,0x3,0x90,0x0,
0xd2,0x3,0xf0,0x0,0x7,0x0,0x0,0x0,
0x0,0x0,0x7,0x0,0x0,0x1,0x0,0x0,
0x0,0x0,0x0,0x0,0xd1,0x3,0x90,0x0,
0xd1,0x3,0x10,0x1,0x6,0x0,0x0,0x0,
0x0,0x0,0x7,0x0,0xff,0x0,0x0,0x0,
0x0,0x0,0x0,0x0,0xd0,0x3,0x90,0x0,
0xd0,0x3,0x0,0x1,0x8d,0x0,0x0,0x0,
0x0,0x0,0x7,0x0,0xfe,0x0,0x0,0x0,
0x0,0x0,0x0,0x0,0xcf,0x3,0x90,0x0,
0xcf,0x3,0xc0,0x0,0x8c,0x0,0x0,0x0,
0x0,0x0,0x7,0x0,0xfd,0x0,0x0,0x0,
0x0,0x0,0x0,0x0,0xce,0x3,0x90,0x0,
0xce,0x3,0xc0,0x0,0x89,0x0,0x0,0x0,
0x0,0x0,0xa,0x0,0x5e,0x0,0x0,0x0,
0x0,0x0,0x0,0x0,0xd4,0x3,0x90,0x0,
0xd4,0x3,0xe0,0x0,0x0,0x0,0x0,0x0,
0x0,0x0,0x0,0x0,0x0,0x0,0x0,0x0,
0x0,0x0,0xff,0xff,0xff,0xff,0xff,0xff,
0x0,0x0,0x0,0x0,0x54,0x0,0x0,0x0,
0x54,0x0,0x0,0x0,0x54,0x0,0x0,0x0,
0x0,0x0,0x0,0x0,0x54,0x0,0x0,0x0,
0x54,0x0,0x0,0x0,0x0,0x0,0x1,0x0,
0x54,0x0,0x0,0x0,0x0,0x0,0x0,0x0,
0x6c,0x0,0x0,0x0,0xd4,0x3,0x90,0x0,
0x0,0x0,0x0,0x0,0x6c,0x0,0x0,0x0,
0x0,0x0,0x0,0x0,0x6c,0x0,0x0,0x0,
0x0,0x0,0x0,0x0,0x8a,0x0,0x0,0x0,
0x0,0x0,0x7,0x0,0x1,0x1,0x0,0x0,
0x0,0x0,0x0,0x0,0xd4,0x3,0xe0,0x0,
0xd4,0x3,0x90,0x1,0x0,0x0,0x0,0x0,
0x84,0x0,0x0,0x0,0x81,0x0,0x0,0x0,
0x0,0x0,0xff,0xff,0xff,0xff,0xff,0xff,
0x0,0x0,0x0,0x0,0x54,0x0,0x0,0x0,
0x54,0x0,0x0,0x0,0x54,0x0,0x0,0x0,
0x0,0x0,0x0,0x0,0x54,0x0,0x0,0x0,
0x54,0x0,0x0,0x0,0x0,0x0,0x7,0x0,
0x54,0x0,0x0,0x0,0x0,0x0,0x0,0x0,
0xfc,0x0,0x0,0x0,0xed,0x3,0x10,0x0,
0xee,0x3,0x50,0x0,0xfc,0x0,0x0,0x0,
0x0,0x0,0x0,0x0,0xfc,0x0,0x0,0x0,
0x0,0x0,0x0,0x0,0x87,0x0,0x0,0x0,
0x0,0x0,0x3,0x0,0x0,0x0,0x0,0x0,
0x88,0x0,0x0,0x0,0xf4,0x3,0x50,0x0,
0xf4,0x3,0xc0,0x0,0x85,0x0,0x0,0x0,
0x0,0x0,0x5,0x0,0x1b,0x0,0x0,0x0,
0x0,0x0,0x0,0x0,0xf3,0x3,0x50,0x0,
0xf3,0x3,0xb0,0x0,0x7,0x0,0x0,0x0,
0x0,0x0,0x7,0x0,0x4,0x1,0x0,0x0,
0x0,0x0,0x0,0x0,0xf2,0x3,0x50,0x0,
0xf2,0x3,0xd0,0x0,0x6,0x0,0x0,0x0,
0x0,0x0,0x7,0x0,0x3,0x1,0x0,0x0,
0x0,0x0,0x0,0x0,0xf1,0x3,0x50,0x0,
0xf1,0x3,0xc0,0x0,0x8d,0x0,0x0,0x0,
0x0,0x0,0x7,0x0,0x2,0x1,0x0,0x0,
0x0,0x0,0x0,0x0,0xf0,0x3,0x50,0x0,
0xf0,0x3,0x80,0x0,0x8c,0x0,0x0,0x0,
0x0,0x0,0x2,0x0,0x3,0x0,0x0,0x0,
0x0,0x0,0x0,0x0,0xef,0x3,0x50,0x0,
0xef,0x3,0x80,0x0,0x89,0x0,0x0,0x0,
0x0,0x0,0xa,0x0,0x60,0x0,0x0,0x0,
0x0,0x0,0x0,0x0,0xf5,0x3,0x50,0x0,
0xf5,0x3,0xa0,0x0,0x0,0x0,0x0,0x0,
0x0,0x0,0x0,0x0,0x0,0x0,0x0,0x0,
0x0,0x0,0xff,0xff,0xff,0xff,0xff,0xff,
0x0,0x0,0x0,0x0,0x54,0x0,0x0,0x0,
0x54,0x0,0x0,0x0,0x54,0x0,0x0,0x0,
0x0,0x0,0x0,0x0,0x54,0x0,0x0,0x0,
0x54,0x0,0x0,0x0,0x0,0x0,0x1,0x0,
0x54,0x0,0x0,0x0,0x0,0x0,0x0,0x0,
0x6c,0x0,0x0,0x0,0xf5,0x3,0x50,0x0,
0x0,0x0,0x0,0x0,0x6c,0x0,0x0,0x0,
0x0,0x0,0x0,0x0,0x6c,0x0,0x0,0x0,
0x0,0x0,0x0,0x0,0x8a,0x0,0x0,0x0,
0x0,0x0,0x7,0x0,0x5,0x1,0x0,0x0,
0x0,0x0,0x0,0x0,0xf5,0x3,0xa0,0x0,
0xf5,0x3,0x50,0x1,0x0,0x0,0x0,0x0,
0x84,0x0,0x0,0x0,0x82,0x0,0x0,0x0,
0x0,0x0,0xff,0xff,0xff,0xff,0xff,0xff,
0x0,0x0,0x0,0x0,0x54,0x0,0x0,0x0,
0x54,0x0,0x0,0x0,0x54,0x0,0x0,0x0,
0x0,0x0,0x0,0x0,0x54,0x0,0x0,0x0,
0x54,0x0,0x0,0x0,0x0,0x0,0x8,0x0,
0x54,0x0,0x0,0x0,0x0,0x0,0x0,0x0,
0x14,0x1,0x0,0x0,0xf9,0x3,0x10,0x0,
0xfa,0x3,0x50,0x0,0x14,0x1,0x0,0x0,
0x0,0x0,0x0,0x0,0x14,0x1,0x0,0x0,
0x0,0x0,0x0,0x0,0xd6,0x0,0x0,0x0,
0x0,0x0,0x7,0x0,0xa,0x1,0x0,0x0,
0x0,0x0,0x0,0x0,0x7,0x4,0x50,0x0,
0x7,0x4,0xf0,0x0,0x87,0x0,0x0,0x0,
0x0,0x0,0x3,0x0,0x0,0x0,0x0,0x0,
0x88,0x0,0x0,0x0,0x5,0x4,0x50,0x0,
0x5,0x4,0xc0,0x0,0x85,0x0,0x0,0x0,
0x0,0x0,0x7,0x0,0x9,0x1,0x0,0x0,
0x0,0x0,0x0,0x0,0xff,0x3,0x50,0x0,
0xff,0x3,0xb0,0x0,0x7,0x0,0x0,0x0,
0x0,0x0,0x7,0x0,0x8,0x1,0x0,0x0,
0x0,0x0,0x0,0x0,0xfe,0x3,0x50,0x0,
0xfe,0x3,0xd0,0x0,0x6,0x0,0x0,0x0,
0x0,0x0,0x7,0x0,0x7,0x1,0x0,0x0,
0x0,0x0,0x0,0x0,0xfd,0x3,0x50,0x0,
0xfd,0x3,0xc0,0x0,0x8d,0x0,0x0,0x0,
0x0,0x0,0x7,0x0,0x6,0x1,0x0,0x0,
0x0,0x0,0x0,0x0,0xfc,0x3,0x50,0x0,
0xfc,0x3,0x80,0x0,0x8c,0x0,0x0,0x0,
0x0,0x0,0x2,0x0,0x3,0x0,0x0,0x0,
0x0,0x0,0x0,0x0,0xfb,0x3,0x50,0x0,
0xfb,0x3,0x80,0x0,0x89,0x0,0x0,0x0,
0x0,0x0,0xa,0x0,0x62,0x0,0x0,0x0,
0x0,0x0,0x0,0x0,0x6,0x4,0x50,0x0,
0x6,0x4,0xa0,0x0,0x0,0x0,0x0,0x0,
0x0,0x0,0x0,0x0,0x0,0x0,0x0,0x0,
0x0,0x0,0xff,0xff,0xff,0xff,0xff,0xff,
0x0,0x0,0x0,0x0,0x54,0x0,0x0,0x0,
0x54,0x0,0x0,0x0,0x54,0x0,0x0,0x0,
0x0,0x0,0x0,0x0,0x54,0x0,0x0,0x0,
0x54,0x0,0x0,0x0,0x0,0x0,0x1,0x0,
0x54,0x0,0x0,0x0,0x0,0x0,0x0,0x0,
0x6c,0x0,0x0,0x0,0x6,0x4,0x50,0x0,
0x0,0x0,0x0,0x0,0x6c,0x0,0x0,0x0,
0x0,0x0,0x0,0x0,0x6c,0x0,0x0,0x0,
0x0,0x0,0x0,0x0,0x8a,0x0,0x0,0x0,
0x0,0x0,0x7,0x0,0xb,0x1,0x0,0x0,
0x0,0x0,0x0,0x0,0x6,0x4,0xa0,0x0,
0x6,0x4,0x50,0x1,0x0,0x0,0x0,0x0,
0x84,0x0,0x0,0x0,0x83,0x0,0x0,0x0,
0x0,0x0,0xff,0xff,0xff,0xff,0xff,0xff,
0x0,0x0,0x0,0x0,0x54,0x0,0x0,0x0,
0x54,0x0,0x0,0x0,0x54,0x0,0x0,0x0,
0x0,0x0,0x0,0x0,0x54,0x0,0x0,0x0,
0x54,0x0,0x0,0x0,0x0,0x0,0x8,0x0,
0x54,0x0,0x0,0x0,0x0,0x0,0x0,0x0,
0x14,0x1,0x0,0x0,0xb,0x4,0x10,0x0,
0xc,0x4,0x50,0x0,0x14,0x1,0x0,0x0,
0x0,0x0,0x0,0x0,0x14,0x1,0x0,0x0,
0x0,0x0,0x0,0x0,0xd6,0x0,0x0,0x0,
0x0,0x0,0x7,0x0,0x10,0x1,0x0,0x0,
0x0,0x0,0x0,0x0,0x19,0x4,0x50,0x0,
0x19,0x4,0xf0,0x0,0x87,0x0,0x0,0x0,
0x0,0x0,0x3,0x0,0x0,0x0,0x0,0x0,
0x88,0x0,0x0,0x0,0x17,0x4,0x50,0x0,
0x17,0x4,0xc0,0x0,0x85,0x0,0x0,0x0,
0x0,0x0,0x7,0x0,0xf,0x1,0x0,0x0,
0x0,0x0,0x0,0x0,0x11,0x4,0x50,0x0,
0x11,0x4,0xb0,0x0,0x7,0x0,0x0,0x0,
0x0,0x0,0x7,0x0,0xe,0x1,0x0,0x0,
0x0,0x0,0x0,0x0,0x10,0x4,0x50,0x0,
0x10,0x4,0xd0,0x0,0x6,0x0,0x0,0x0,
0x0,0x0,0x7,0x0,0xd,0x1,0x0,0x0,
0x0,0x0,0x0,0x0,0xf,0x4,0x50,0x0,
0xf,0x4,0xc0,0x0,0x8d,0x0,0x0,0x0,
0x0,0x0,0x7,0x0,0xc,0x1,0x0,0x0,
0x0,0x0,0x0,0x0,0xe,0x4,0x50,0x0,
0xe,0x4,0x80,0x0,0x8c,0x0,0x0,0x0,
0x0,0x0,0x2,0x0,0x3,0x0,0x0,0x0,
0x0,0x0,0x0,0x0,0xd,0x4,0x50,0x0,
0xd,0x4,0x80,0x0,0x89,0x0,0x0,0x0,
0x0,0x0,0xa,0x0,0x64,0x0,0x0,0x0,
0x0,0x0,0x0,0x0,0x18,0x4,0x50,0x0,
0x18,0x4,0xa0,0x0,0x0,0x0,0x0,0x0,
0x0,0x0,0x0,0x0,0x0,0x0,0x0,0x0,
0x0,0x0,0xff,0xff,0xff,0xff,0xff,0xff,
0x0,0x0,0x0,0x0,0x54,0x0,0x0,0x0,
0x54,0x0,0x0,0x0,0x54,0x0,0x0,0x0,
0x0,0x0,0x0,0x0,0x54,0x0,0x0,0x0,
0x54,0x0,0x0,0x0,0x0,0x0,0x1,0x0,
0x54,0x0,0x0,0x0,0x0,0x0,0x0,0x0,
0x6c,0x0,0x0,0x0,0x18,0x4,0x50,0x0,
0x0,0x0,0x0,0x0,0x6c,0x0,0x0,0x0,
0x0,0x0,0x0,0x0,0x6c,0x0,0x0,0x0,
0x0,0x0,0x0,0x0,0x8a,0x0,0x0,0x0,
0x0,0x0,0x7,0x0,0x11,0x1,0x0,0x0,
0x0,0x0,0x0,0x0,0x18,0x4,0xa0,0x0,
0x18,0x4,0x50,0x1,0x0,0x0,0x0,0x0,
0xe5,0x0,0x0,0x0,0x0,0x0,0x0,0x0,
0x0,0x0,0xff,0xff,0xff,0xff,0xff,0xff,
0x0,0x0,0x0,0x0,0x54,0x0,0x0,0x0,
0x54,0x0,0x0,0x0,0x54,0x0,0x0,0x0,
0x0,0x0,0x0,0x0,0x54,0x0,0x0,0x0,
0x54,0x0,0x0,0x0,0x0,0x0,0x7,0x0,
0x54,0x0,0x0,0x0,0x0,0x0,0x0,0x0,
0xfc,0x0,0x0,0x0,0x27,0x4,0x50,0x0,
0x0,0x0,0x0,0x0,0xfc,0x0,0x0,0x0,
0x0,0x0,0x0,0x0,0xfc,0x0,0x0,0x0,
0x0,0x0,0x0,0x0,0xe8,0x0,0x0,0x0,
0x0,0x0,0x2,0x0,0x4,0x0,0x0,0x0,
0x0,0x0,0x0,0x0,0x2f,0x4,0x90,0x0,
0x2f,0x4,0x10,0x1,0x87,0x0,0x0,0x0,
0x0,0x0,0x3,0x0,0x0,0x0,0x0,0x0,
0xe6,0x0,0x0,0x0,0x2c,0x4,0x90,0x0,
0x2c,0x4,0x0,0x1,0x7,0x0,0x0,0x0,
0x0,0x0,0x7,0x0,0x14,0x1,0x0,0x0,
0x0,0x0,0x0,0x0,0x2b,0x4,0x90,0x0,
0x2b,0x4,0x10,0x1,0x6,0x0,0x0,0x0,
0x0,0x0,0x7,0x0,0x13,0x1,0x0,0x0,
0x0,0x0,0x0,0x0,0x2a,0x4,0x90,0x0,
0x2a,0x4,0x0,0x1,0x8d,0x0,0x0,0x0,
0x0,0x0,0x7,0x0,0x12,0x1,0x0,0x0,
0x0,0x0,0x0,0x0,0x29,0x4,0x90,0x0,
0x29,0x4,0xc0,0x0,0x8c,0x0,0x0,0x0,
0x0,0x0,0x2,0x0,0x3,0x0,0x0,0x0,
0x0,0x0,0x0,0x0,0x28,0x4,0x90,0x0,
0x28,0x4,0xc0,0x0,0xe7,0x0,0x0,0x0,
0x0,0x0,0xa,0x0,0x66,0x0,0x0,0x0,
0x0,0x0,0x0,0x0,0x2d,0x4,0x90,0x0,
0x2d,0x4,0x0,0x1,0x0,0x0,0x0,0x0,
0x0,0x0,0x0,0x0,0x0,0x0,0x0,0x0,
0x0,0x0,0xff,0xff,0xff,0xff,0xff,0xff,
0x0,0x0,0x0,0x0,0x54,0x0,0x0,0x0,
0x54,0x0,0x0,0x0,0x54,0x0,0x0,0x0,
0x0,0x0,0x0,0x0,0x54,0x0,0x0,0x0,
0x54,0x0,0x0,0x0,0x0,0x0,0x2,0x0,
0x54,0x0,0x0,0x0,0x0,0x0,0x0,0x0,
0x84,0x0,0x0,0x0,0x2d,0x4,0x90,0x0,
0x0,0x0,0x0,0x0,0x84,0x0,0x0,0x0,
0x0,0x0,0x0,0x0,0x84,0x0,0x0,0x0,
0x0,0x0,0x0,0x0,0x6,0x0,0x0,0x0,
0x0,0x0,0x2,0x0,0x9,0x0,0x0,0x0,
0x0,0x0,0x0,0x0,0x2e,0x4,0x0,0x1,
0x2e,0x4,0x70,0x1,0x87,0x0,0x0,0x0,
0x0,0x0,0x3,0x0,0x0,0x0,0x0,0x0,
0xe6,0x0,0x0,0x0,0x2d,0x4,0x0,0x1,
0x2d,0x4,0x70,0x1,0x0,0x0,0x0,0x0,
0xe5,0x0,0x0,0x0,0x4a,0x0,0x0,0x0,
0x0,0x0,0xff,0xff,0xff,0xff,0xff,0xff,
0x0,0x0,0x0,0x0,0x54,0x0,0x0,0x0,
0x54,0x0,0x0,0x0,0x54,0x0,0x0,0x0,
0x0,0x0,0x0,0x0,0x54,0x0,0x0,0x0,
0x54,0x0,0x0,0x0,0x0,0x0,0x7,0x0,
0x54,0x0,0x0,0x0,0x0,0x0,0x0,0x0,
0xfc,0x0,0x0,0x0,0x31,0x4,0x50,0x0,
0x32,0x4,0x90,0x0,0xfc,0x0,0x0,0x0,
0x0,0x0,0x0,0x0,0xfc,0x0,0x0,0x0,
0x0,0x0,0x0,0x0,0xe8,0x0,0x0,0x0,
0x0,0x0,0x2,0x0,0x4,0x0,0x0,0x0,
0x0,0x0,0x0,0x0,0x3a,0x4,0x90,0x0,
0x3a,0x4,0x10,0x1,0x87,0x0,0x0,0x0,
0x0,0x0,0x3,0x0,0x0,0x0,0x0,0x0,
0xe9,0x0,0x0,0x0,0x37,0x4,0x90,0x0,
0x37,0x4,0x0,0x1,0x7,0x0,0x0,0x0,
0x0,0x0,0x7,0x0,0x16,0x1,0x0,0x0,
0x0,0x0,0x0,0x0,0x36,0x4,0x90,0x0,
0x36,0x4,0x10,0x1,0x6,0x0,0x0,0x0,
0x0,0x0,0x2,0x0,0x7,0x0,0x0,0x0,
0x0,0x0,0x0,0x0,0x35,0x4,0x90,0x0,
0x35,0x4,0x0,0x1,0x8d,0x0,0x0,0x0,
0x0,0x0,0x7,0x0,0x15,0x1,0x0,0x0,
0x0,0x0,0x0,0x0,0x34,0x4,0x90,0x0,
0x34,0x4,0xc0,0x0,0x8c,0x0,0x0,0x0,
0x0,0x0,0x2,0x0,0x3,0x0,0x0,0x0,
0x0,0x0,0x0,0x0,0x33,0x4,0x90,0x0,
0x33,0x4,0xc0,0x0,0xe7,0x0,0x0,0x0,
0x0,0x0,0xa,0x0,0x68,0x0,0x0,0x0,
0x0,0x0,0x0,0x0,0x38,0x4,0x90,0x0,
0x38,0x4,0x0,0x1,0x0,0x0,0x0,0x0,
0x0,0x0,0x0,0x0,0x0,0x0,0x0,0x0,
0x0,0x0,0xff,0xff,0xff,0xff,0xff,0xff,
0x0,0x0,0x0,0x0,0x54,0x0,0x0,0x0,
0x54,0x0,0x0,0x0,0x54,0x0,0x0,0x0,
0x0,0x0,0x0,0x0,0x54,0x0,0x0,0x0,
0x54,0x0,0x0,0x0,0x0,0x0,0x2,0x0,
0x54,0x0,0x0,0x0,0x0,0x0,0x0,0x0,
0x84,0x0,0x0,0x0,0x38,0x4,0x90,0x0,
0x0,0x0,0x0,0x0,0x84,0x0,0x0,0x0,
0x0,0x0,0x0,0x0,0x84,0x0,0x0,0x0,
0x0,0x0,0x0,0x0,0x6,0x0,0x0,0x0,
0x0,0x0,0x2,0x0,0x9,0x0,0x0,0x0,
0x0,0x0,0x0,0x0,0x39,0x4,0x0,0x1,
0x39,0x4,0x70,0x1,0x87,0x0,0x0,0x0,
0x0,0x0,0x3,0x0,0x0,0x0,0x0,0x0,
0xe6,0x0,0x0,0x0,0x38,0x4,0x0,0x1,
0x38,0x4,0x70,0x1,0x0,0x0,0x0,0x0,
0xea,0x0,0x0,0x0,0xeb,0x0,0x0,0x0,
0x0,0x0,0xff,0xff,0xff,0xff,0xff,0xff,
0x0,0x0,0x0,0x0,0x54,0x0,0x0,0x0,
0x54,0x0,0x0,0x0,0x54,0x0,0x0,0x0,
0x0,0x0,0x0,0x0,0x54,0x0,0x0,0x0,
0x54,0x0,0x0,0x0,0x0,0x0,0x1,0x0,
0x54,0x0,0x0,0x0,0x0,0x0,0x0,0x0,
0x6c,0x0,0x0,0x0,0x3c,0x4,0x50,0x0,
0x3d,0x4,0x90,0x0,0x6c,0x0,0x0,0x0,
0x0,0x0,0x0,0x0,0x6c,0x0,0x0,0x0,
0x0,0x0,0x0,0x0,0xa6,0x0,0x0,0x0,
0x0,0x0,0x7,0x0,0x17,0x1,0x0,0x0,
0x0,0x0,0x0,0x0,0x3e,0x4,0x90,0x0,
0x3e,0x4,0x40,0x1,0x0,0x0,0x0,0x0,
0xbd,0x0,0x0,0x0,0xec,0x0,0x0,0x0,
0x0,0x0,0xff,0xff,0xff,0xff,0xff,0xff,
0x0,0x0,0x0,0x0,0x54,0x0,0x0,0x0,
0x54,0x0,0x0,0x0,0x54,0x0,0x0,0x0,
0x0,0x0,0x0,0x0,0x54,0x0,0x0,0x0,
0x54,0x0,0x0,0x0,0x0,0x0,0x8,0x0,
0x54,0x0,0x0,0x0,0x0,0x0,0x0,0x0,
0x14,0x1,0x0,0x0,0x42,0x4,0x50,0x0,
0x43,0x4,0x90,0x0,0x14,0x1,0x0,0x0,
0x0,0x0,0x0,0x0,0x14,0x1,0x0,0x0,
0x0,0x0,0x0,0x0,0xee,0x0,0x0,0x0,
0x0,0x0,0x1,0x0,0x1,0x0,0x0,0x0,
0x0,0x0,0x0,0x0,0x4a,0x4,0x90,0x0,
0x4a,0x4,0x20,0x1,0x85,0x0,0x0,0x0,
0x0,0x0,0x5,0x0,0x1c,0x0,0x0,0x0,
0x0,0x0,0x0,0x0,0x49,0x4,0x90,0x0,
0x49,0x4,0xf0,0x0,0xa0,0x0,0x0,0x0,
0x0,0x0,0x2,0x0,0x9,0x0,0x0,0x0,
0x0,0x0,0x0,0x0,0x48,0x4,0x90,0x0,
0x48,0x4,0x20,0x1,0x7,0x0,0x0,0x0,
0x0,0x0,0x2,0x0,0xc,0x0,0x0,0x0,
0x0,0x0,0x0,0x0,0x47,0x4,0x90,0x0,
0x47,0x4,0x10,0x1,0x8d,0x0,0x0,0x0,
0x0,0x0,0x7,0x0,0x19,0x1,0x0,0x0,
0x0,0x0,0x0,0x0,0x46,0x4,0x90,0x0,
0x46,0x4,0xc0,0x0,0x8c,0x0,0x0,0x0,
0x0,0x0,0x2,0x0,0x4,0x0,0x0,0x0,
0x0,0x0,0x0,0x0,0x45,0x4,0x90,0x0,
0x45,0x4,0xc0,0x0,0x93,0x0,0x0,0x0,
0x0,0x0,0x7,0x0,0x18,0x1,0x0,0x0,
0x0,0x0,0x0,0x0,0x44,0x4,0x90,0x0,
0x44,0x4,0x20,0x1,0xea,0x0,0x0,0x0,
0x0,0x0,0x9,0x0,0x6b,0x0,0x0,0x0,
0x0,0x0,0x0,0x0,0x4b,0x4,0x90,0x0,
0x4b,0x4,0x50,0x1,0x0,0x0,0x0,0x0,
0x0,0x0,0x0,0x0,0x0,0x0,0x0,0x0,
0x0,0x0,0xff,0xff,0xff,0xff,0xff,0xff,
0x0,0x0,0x0,0x0,0x54,0x0,0x0,0x0,
0x54,0x0,0x0,0x0,0x54,0x0,0x0,0x0,
0x0,0x0,0x0,0x0,0x54,0x0,0x0,0x0,
0x54,0x0,0x0,0x0,0x0,0x0,0x1,0x0,
0x54,0x0,0x0,0x0,0x0,0x0,0x0,0x0,
0x6c,0x0,0x0,0x0,0x4b,0x4,0x90,0x0,
0x0,0x0,0x0,0x0,0x6c,0x0,0x0,0x0,
0x0,0x0,0x0,0x0,0x6c,0x0,0x0,0x0,
0x0,0x0,0x0,0x0,0xef,0x0,0x0,0x0,
0x0,0x0,0x7,0x0,0x1a,0x1,0x0,0x0,
0x0,0x0,0x0,0x0,0x4b,0x4,0x50,0x1,
0x4b,0x4,0xc0,0x1,0x0,0x0,0x0,0x0,
0xbd,0x0,0x0,0x0,0xf1,0x0,0x0,0x0,
0x0,0x0,0xff,0xff,0xff,0xff,0xff,0xff,
0x0,0x0,0x0,0x0,0x54,0x0,0x0,0x0,
0x54,0x0,0x0,0x0,0x54,0x0,0x0,0x0,
0x0,0x0,0x0,0x0,0x54,0x0,0x0,0x0,
0x54,0x0,0x0,0x0,0x0,0x0,0x7,0x0,
0x54,0x0,0x0,0x0,0x0,0x0,0x0,0x0,
0xfc,0x0,0x0,0x0,0x4d,0x4,0x50,0x0,
0x4e,0x4,0x90,0x0,0xfc,0x0,0x0,0x0,
0x0,0x0,0x0,0x0,0xfc,0x0,0x0,0x0,
0x0,0x0,0x0,0x0,0x85,0x0,0x0,0x0,
0x0,0x0,0x5,0x0,0x1d,0x0,0x0,0x0,
0x0,0x0,0x0,0x0,0x54,0x4,0x90,0x0,
0x54,0x4,0xf0,0x0,0xa0,0x0,0x0,0x0,
0x0,0x0,0x2,0x0,0x9,0x0,0x0,0x0,
0x0,0x0,0x0,0x0,0x53,0x4,0x90,0x0,
0x53,0x4,0x20,0x1,0x7,0x0,0x0,0x0,
0x0,0x0,0x2,0x0,0xc,0x0,0x0,0x0,
0x0,0x0,0x0,0x0,0x52,0x4,0x90,0x0,
0x52,0x4,0x10,0x1,0x8d,0x0,0x0,0x0,
0x0,0x0,0x7,0x0,0x1d,0x1,0x0,0x0,
0x0,0x0,0x0,0x0,0x51,0x4,0x90,0x0,
0x51,0x4,0xc0,0x0,0x8c,0x0,0x0,0x0,
0x0,0x0,0x7,0x0,0x1c,0x1,0x0,0x0,
0x0,0x0,0x0,0x0,0x50,0x4,0x90,0x0,
0x50,0x4,0xc0,0x0,0x93,0x0,0x0,0x0,
0x0,0x0,0x7,0x0,0x1b,0x1,0x0,0x0,
0x0,0x0,0x0,0x0,0x4f,0x4,0x90,0x0,
0x4f,0x4,0x20,0x1,0xea,0x0,0x0,0x0,
0x0,0x0,0x9,0x0,0x6d,0x0,0x0,0x0,
0x0,0x0,0x0,0x0,0x55,0x4,0x90,0x0,
0x55,0x4,0x50,0x1,0x0,0x0,0x0,0x0,
0x0,0x0,0x0,0x0,0x0,0x0,0x0,0x0,
0x0,0x0,0xff,0xff,0xff,0xff,0xff,0xff,
0x0,0x0,0x0,0x0,0x54,0x0,0x0,0x0,
0x54,0x0,0x0,0x0,0x54,0x0,0x0,0x0,
0x0,0x0,0x0,0x0,0x54,0x0,0x0,0x0,
0x54,0x0,0x0,0x0,0x0,0x0,0x1,0x0,
0x54,0x0,0x0,0x0,0x0,0x0,0x0,0x0,
0x6c,0x0,0x0,0x0,0x55,0x4,0x90,0x0,
0x0,0x0,0x0,0x0,0x6c,0x0,0x0,0x0,
0x0,0x0,0x0,0x0,0x6c,0x0,0x0,0x0,
0x0,0x0,0x0,0x0,0xef,0x0,0x0,0x0,
0x0,0x0,0x7,0x0,0x1e,0x1,0x0,0x0,
0x0,0x0,0x0,0x0,0x55,0x4,0x50,0x1,
0x55,0x4,0xc0,0x1,0x0,0x0,0x0,0x0,
0xbd,0x0,0x0,0x0,0xf3,0x0,0x0,0x0,
0x0,0x0,0xff,0xff,0xff,0xff,0xff,0xff,
0x0,0x0,0x0,0x0,0x54,0x0,0x0,0x0,
0x54,0x0,0x0,0x0,0x54,0x0,0x0,0x0,
0x0,0x0,0x0,0x0,0x54,0x0,0x0,0x0,
0x54,0x0,0x0,0x0,0x0,0x0,0x8,0x0,
0x54,0x0,0x0,0x0,0x0,0x0,0x0,0x0,
0x14,0x1,0x0,0x0,0x57,0x4,0x50,0x0,
0x58,0x4,0x90,0x0,0x14,0x1,0x0,0x0,
0x0,0x0,0x0,0x0,0x14,0x1,0x0,0x0,
0x0,0x0,0x0,0x0,0xee,0x0,0x0,0x0,
0x0,0x0,0x1,0x0,0x1,0x0,0x0,0x0,
0x0,0x0,0x0,0x0,0x5f,0x4,0x90,0x0,
0x5f,0x4,0x20,0x1,0x85,0x0,0x0,0x0,
0x0,0x0,0x5,0x0,0x1e,0x0,0x0,0x0,
0x0,0x0,0x0,0x0,0x5e,0x4,0x90,0x0,
0x5e,0x4,0xf0,0x0,0xa0,0x0,0x0,0x0,
0x0,0x0,0x2,0x0,0x9,0x0,0x0,0x0,
0x0,0x0,0x0,0x0,0x5d,0x4,0x90,0x0,
0x5d,0x4,0x20,0x1,0x7,0x0,0x0,0x0,
0x0,0x0,0x2,0x0,0xc,0x0,0x0,0x0,
0x0,0x0,0x0,0x0,0x5c,0x4,0x90,0x0,
0x5c,0x4,0x10,0x1,0x8d,0x0,0x0,0x0,
0x0,0x0,0x7,0x0,0x21,0x1,0x0,0x0,
0x0,0x0,0x0,0x0,0x5b,0x4,0x90,0x0,
0x5b,0x4,0xc0,0x0,0x8c,0x0,0x0,0x0,
0x0,0x0,0x7,0x0,0x20,0x1,0x0,0x0,
0x0,0x0,0x0,0x0,0x5a,0x4,0x90,0x0,
0x5a,0x4,0xc0,0x0,0x93,0x0,0x0,0x0,
0x0,0x0,0x7,0x0,0x1f,0x1,0x0,0x0,
0x0,0x0,0x0,0x0,0x59,0x4,0x90,0x0,
0x59,0x4,0x20,0x1,0xea,0x0,0x0,0x0,
0x0,0x0,0x9,0x0,0x6f,0x0,0x0,0x0,
0x0,0x0,0x0,0x0,0x60,0x4,0x90,0x0,
0x60,0x4,0x50,0x1,0x0,0x0,0x0,0x0,
0x0,0x0,0x0,0x0,0x0,0x0,0x0,0x0,
0x0,0x0,0xff,0xff,0xff,0xff,0xff,0xff,
0x0,0x0,0x0,0x0,0x54,0x0,0x0,0x0,
0x54,0x0,0x0,0x0,0x54,0x0,0x0,0x0,
0x0,0x0,0x0,0x0,0x54,0x0,0x0,0x0,
0x54,0x0,0x0,0x0,0x0,0x0,0x1,0x0,
0x54,0x0,0x0,0x0,0x0,0x0,0x0,0x0,
0x6c,0x0,0x0,0x0,0x60,0x4,0x90,0x0,
0x0,0x0,0x0,0x0,0x6c,0x0,0x0,0x0,
0x0,0x0,0x0,0x0,0x6c,0x0,0x0,0x0,
0x0,0x0,0x0,0x0,0xef,0x0,0x0,0x0,
0x0,0x0,0x7,0x0,0x22,0x1,0x0,0x0,
0x0,0x0,0x0,0x0,0x60,0x4,0x50,0x1,
0x60,0x4,0xc0,0x1,0x0,0x0,0x0,0x0,
0xbd,0x0,0x0,0x0,0xf5,0x0,0x0,0x0,
0x0,0x0,0xff,0xff,0xff,0xff,0xff,0xff,
0x0,0x0,0x0,0x0,0x54,0x0,0x0,0x0,
0x54,0x0,0x0,0x0,0x54,0x0,0x0,0x0,
0x0,0x0,0x0,0x0,0x54,0x0,0x0,0x0,
0x54,0x0,0x0,0x0,0x0,0x0,0x7,0x0,
0x54,0x0,0x0,0x0,0x0,0x0,0x0,0x0,
0xfc,0x0,0x0,0x0,0x62,0x4,0x50,0x0,
0x63,0x4,0x90,0x0,0xfc,0x0,0x0,0x0,
0x0,0x0,0x0,0x0,0xfc,0x0,0x0,0x0,
0x0,0x0,0x0,0x0,0x85,0x0,0x0,0x0,
0x0,0x0,0x5,0x0,0x1f,0x0,0x0,0x0,
0x0,0x0,0x0,0x0,0x69,0x4,0x90,0x0,
0x69,0x4,0xf0,0x0,0xa0,0x0,0x0,0x0,
0x0,0x0,0x2,0x0,0x9,0x0,0x0,0x0,
0x0,0x0,0x0,0x0,0x68,0x4,0x90,0x0,
0x68,0x4,0x20,0x1,0x7,0x0,0x0,0x0,
0x0,0x0,0x2,0x0,0xc,0x0,0x0,0x0,
0x0,0x0,0x0,0x0,0x67,0x4,0x90,0x0,
0x67,0x4,0x10,0x1,0x8d,0x0,0x0,0x0,
0x0,0x0,0x7,0x0,0x25,0x1,0x0,0x0,
0x0,0x0,0x0,0x0,0x66,0x4,0x90,0x0,
0x66,0x4,0xc0,0x0,0x8c,0x0,0x0,0x0,
0x0,0x0,0x7,0x0,0x24,0x1,0x0,0x0,
0x0,0x0,0x0,0x0,0x65,0x4,0x90,0x0,
0x65,0x4,0xc0,0x0,0x93,0x0,0x0,0x0,
0x0,0x0,0x7,0x0,0x23,0x1,0x0,0x0,
0x0,0x0,0x0,0x0,0x64,0x4,0x90,0x0,
0x64,0x4,0x20,0x1,0xea,0x0,0x0,0x0,
0x0,0x0,0x9,0x0,0x71,0x0,0x0,0x0,
0x0,0x0,0x0,0x0,0x6a,0x4,0x90,0x0,
0x6a,0x4,0x50,0x1,0x0,0x0,0x0,0x0,
0x0,0x0,0x0,0x0,0x0,0x0,0x0,0x0,
0x0,0x0,0xff,0xff,0xff,0xff,0xff,0xff,
0x0,0x0,0x0,0x0,0x54,0x0,0x0,0x0,
0x54,0x0,0x0,0x0,0x54,0x0,0x0,0x0,
0x0,0x0,0x0,0x0,0x54,0x0,0x0,0x0,
0x54,0x0,0x0,0x0,0x0,0x0,0x1,0x0,
0x54,0x0,0x0,0x0,0x0,0x0,0x0,0x0,
0x6c,0x0,0x0,0x0,0x6a,0x4,0x90,0x0,
0x0,0x0,0x0,0x0,0x6c,0x0,0x0,0x0,
0x0,0x0,0x0,0x0,0x6c,0x0,0x0,0x0,
0x0,0x0,0x0,0x0,0xef,0x0,0x0,0x0,
0x0,0x0,0x7,0x0,0x26,0x1,0x0,0x0,
0x0,0x0,0x0,0x0,0x6a,0x4,0x50,0x1,
0x6a,0x4,0xc0,0x1,0x0,0x0,0x0,0x0,
0xc0,0x0,0x0,0x0,0xf7,0x0,0x0,0x0,
0x0,0x0,0xff,0xff,0xff,0xff,0xff,0xff,
0x0,0x0,0x0,0x0,0x54,0x0,0x0,0x0,
0x54,0x0,0x0,0x0,0x54,0x0,0x0,0x0,
0x0,0x0,0x0,0x0,0x54,0x0,0x0,0x0,
0x54,0x0,0x0,0x0,0x0,0x0,0xa,0x0,
0x54,0x0,0x0,0x0,0x0,0x0,0x0,0x0,
0x44,0x1,0x0,0x0,0x6c,0x4,0x50,0x0,
0x6d,0x4,0x90,0x0,0x44,0x1,0x0,0x0,
0x0,0x0,0x0,0x0,0x44,0x1,0x0,0x0,
0x0,0x0,0x0,0x0,0xc6,0x0,0x0,0x0,
0x0,0x0,0x7,0x0,0x2b,0x1,0x0,0x0,
0x0,0x0,0x0,0x0,0x77,0x4,0x90,0x0,
0x77,0x4,0xc0,0x1,0x85,0x0,0x0,0x0,
0x0,0x0,0x5,0x0,0x20,0x0,0x0,0x0,
0x0,0x0,0x0,0x0,0x76,0x4,0x90,0x0,
0x76,0x4,0xf0,0x0,0xc4,0x0,0x0,0x0,
0x0,0x0,0x3,0x0,0x0,0x0,0x0,0x0,
0xc5,0x0,0x0,0x0,0x75,0x4,0x90,0x0,
0x75,0x4,0xb0,0x1,0xc3,0x0,0x0,0x0,
0x0,0x0,0x1,0x0,0x1,0x0,0x0,0x0,
0x0,0x0,0x0,0x0,0x74,0x4,0x90,0x0,
0x74,0x4,0x80,0x1,0x7,0x0,0x0,0x0,
0x0,0x0,0x7,0x0,0x2a,0x1,0x0,0x0,
0x0,0x0,0x0,0x0,0x72,0x4,0x90,0x0,
0x72,0x4,0x10,0x1,0x6,0x0,0x0,0x0,
0x0,0x0,0x7,0x0,0x29,0x1,0x0,0x0,
0x0,0x0,0x0,0x0,0x71,0x4,0x90,0x0,
0x71,0x4,0x0,0x1,0x8d,0x0,0x0,0x0,
0x0,0x0,0x7,0x0,0x28,0x1,0x0,0x0,
0x0,0x0,0x0,0x0,0x70,0x4,0x90,0x0,
0x70,0x4,0xc0,0x0,0x8c,0x0,0x0,0x0,
0x0,0x0,0x2,0x0,0x4,0x0,0x0,0x0,
0x0,0x0,0x0,0x0,0x6f,0x4,0x90,0x0,
0x6f,0x4,0xc0,0x0,0x93,0x0,0x0,0x0,
0x0,0x0,0x7,0x0,0x27,0x1,0x0,0x0,
0x0,0x0,0x0,0x0,0x6e,0x4,0x90,0x0,
0x6e,0x4,0x20,0x1,0x89,0x0,0x0,0x0,
0x0,0x0,0xa,0x0,0x73,0x0,0x0,0x0,
0x0,0x0,0x0,0x0,0x73,0x4,0x90,0x0,
0x73,0x4,0xe0,0x0,0x0,0x0,0x0,0x0,
0x0,0x0,0x0,0x0,0x0,0x0,0x0,0x0,
0x0,0x0,0xff,0xff,0xff,0xff,0xff,0xff,
0x0,0x0,0x0,0x0,0x54,0x0,0x0,0x0,
0x54,0x0,0x0,0x0,0x54,0x0,0x0,0x0,
0x0,0x0,0x0,0x0,0x54,0x0,0x0,0x0,
0x54,0x0,0x0,0x0,0x0,0x0,0x1,0x0,
0x54,0x0,0x0,0x0,0x0,0x0,0x0,0x0,
0x6c,0x0,0x0,0x0,0x73,0x4,0x90,0x0,
0x0,0x0,0x0,0x0,0x6c,0x0,0x0,0x0,
0x0,0x0,0x0,0x0,0x6c,0x0,0x0,0x0,
0x0,0x0,0x0,0x0,0x8a,0x0,0x0,0x0,
0x0,0x0,0x7,0x0,0x2c,0x1,0x0,0x0,
0x0,0x0,0x0,0x0,0x73,0x4,0xe0,0x0,
0x73,0x4,0x90,0x1,0x0,0x0,0x0,0x0,
0x2e,0x0,0x0,0x0,0x0,0x1,0x0,0x0,
0x0,0x0,0xff,0xff,0xff,0xff,0xff,0xff,
0x0,0x0,0x0,0x0,0x54,0x0,0x0,0x0,
0x54,0x0,0x0,0x0,0x54,0x0,0x0,0x0,
0x0,0x0,0x0,0x0,0x54,0x0,0x0,0x0,
0x54,0x0,0x0,0x0,0x0,0x0,0x3,0x0,
0x54,0x0,0x0,0x0,0x0,0x0,0x0,0x0,
0x9c,0x0,0x0,0x0,0x84,0x4,0x10,0x0,
0x85,0x4,0x50,0x0,0x9c,0x0,0x0,0x0,
0x0,0x0,0x0,0x0,0x9c,0x0,0x0,0x0,
0x0,0x0,0x0,0x0,0x32,0x0,0x0,0x0,
0x0,0x0,0x7,0x0,0x2d,0x1,0x0,0x0,
0x0,0x0,0x0,0x0,0x88,0x4,0x50,0x0,
0x88,0x4,0x20,0x1,0x31,0x0,0x0,0x0,
0x0,0x0,0x1,0x0,0x0,0x0,0x0,0x0,
0x0,0x0,0x0,0x0,0x87,0x4,0x50,0x0,
0x87,0x4,0xd0,0x0,0x30,0x0,0x0,0x0,
0x0,0x0,0x2,0x0,0x2,0x0,0x0,0x0,
0x0,0x0,0x0,0x0,0x86,0x4,0x50,0x0,
0x86,0x4,0xf0,0x0,0x0,0x0,0x0,0x0,
0xa9,0x0,0x0,0x0,0x76,0x0,0x0,0x0,
0x0,0x0,0xff,0xff,0xff,0xff,0xff,0xff,
0x0,0x0,0x2,0x0,0x54,0x0,0x0,0x0,
0x54,0x0,0x0,0x0,0x6c,0x0,0x0,0x0,
0x0,0x0,0x0,0x0,0x6c,0x0,0x0,0x0,
0x6c,0x0,0x0,0x0,0x0,0x0,0xf,0x0,
0x6c,0x0,0x0,0x0,0x0,0x0,0x0,0x0,
0xd4,0x1,0x0,0x0,0x9d,0x4,0x50,0x0,
0xb1,0x4,0x50,0x0,0xd4,0x1,0x0,0x0,
0x0,0x0,0x0,0x0,0xd4,0x1,0x0,0x0,
0x0,0x0,0x0,0x0,0x4,0x1,0x0,0x0,
0x3,0x0,0x0,0x20,0xad,0x4,0x50,0x0,
0xaf,0x0,0x0,0x0,0x2,0x0,0x0,0x20,
0xae,0x4,0x50,0x0,0x10,0x1,0x0,0x0,
0x0,0x0,0x7,0x0,0x34,0x1,0x0,0x0,
0x0,0x0,0x0,0x0,0xf2,0x4,0x50,0x0,
0xf2,0x4,0x10,0x1,0xe,0x1,0x0,0x0,
0x0,0x0,0x7,0x0,0x33,0x1,0x0,0x0,
0x0,0x0,0x0,0x0,0xec,0x4,0x50,0x0,
0xec,0x4,0x10,0x1,0x37,0x0,0x0,0x0,
0x0,0x0,0x7,0x0,0x32,0x1,0x0,0x0,
0x0,0x0,0x0,0x0,0xe6,0x4,0x50,0x0,
0xe6,0x4,0x0,0x1,0xa6,0x0,0x0,0x0,
0x0,0x0,0x7,0x0,0x31,0x1,0x0,0x0,
0x0,0x0,0x0,0x0,0xd7,0x4,0x50,0x0,
0xd7,0x4,0x0,0x1,0x7,0x0,0x0,0x0,
0x0,0x0,0x7,0x0,0x30,0x1,0x0,0x0,
0x0,0x0,0x0,0x0,0xd4,0x4,0x50,0x0,
0xd4,0x4,0xd0,0x0,0x6,0x0,0x0,0x0,
0x0,0x0,0x7,0x0,0x2f,0x1,0x0,0x0,
0x0,0x0,0x0,0x0,0xd3,0x4,0x50,0x0,
0xd3,0x4,0xc0,0x0,0x8d,0x0,0x0,0x0,
0x0,0x0,0x7,0x0,0x2e,0x1,0x0,0x0,
0x0,0x0,0x0,0x0,0xd2,0x4,0x50,0x0,
0xd2,0x4,0x80,0x0,0x8c,0x0,0x0,0x0,
0x0,0x0,0x2,0x0,0x3,0x0,0x0,0x0,
0x0,0x0,0x0,0x0,0xd1,0x4,0x50,0x0,
0xd1,0x4,0x80,0x0,0xd,0x1,0x0,0x0,
0x0,0x0,0x8,0x0,0x77,0x0,0x0,0x0,
0x0,0x0,0x0,0x0,0xb2,0x4,0x50,0x0,
0xb2,0x4,0x10,0x1,0x5,0x1,0x0,0x0,
0x0,0x0,0x1,0x0,0x0,0x0,0x0,0x0,
0x0,0x0,0x0,0x0,0xb0,0x4,0x50,0x0,
0xb0,0x4,0xe0,0x0,0x93,0x0,0x0,0x0,
0x0,0x0,0x1,0x0,0x1,0x0,0x0,0x0,
0x0,0x0,0x0,0x0,0xaf,0x4,0x50,0x0,
0xaf,0x4,0xe0,0x0,0xaf,0x0,0x0,0x0,
0x0,0x0,0x2,0x0,0x7,0x0,0x0,0x0,
0x0,0x0,0x0,0x0,0xae,0x4,0x20,0x1,
0xae,0x4,0x70,0x1,0x4,0x1,0x0,0x0,
0x0,0x0,0x1,0x0,0x0,0x0,0x0,0x0,
0x0,0x0,0x0,0x0,0xad,0x4,0x30,0x1,
0xad,0x4,0x70,0x1,0x0,0x0,0x0,0x0,
0x0,0x0,0x8,0x0,0x76,0x0,0x0,0x0,
0x0,0x0,0x0,0x0,0x9e,0x4,0x50,0x0,
0x9e,0x4,0x50,0x0,0x89,0x0,0x0,0x0,
0x0,0x0,0xa,0x0,0x80,0x0,0x0,0x0,
0x0,0x0,0x0,0x0,0xd5,0x4,0x50,0x0,
0xd5,0x4,0xa0,0x0,0x0,0x0,0x0,0x0,
0x2e,0x0,0x0,0x0,0x74,0x0,0x0,0x0,
0x0,0x0,0xff,0xff,0xff,0xff,0xff,0xff,
0x0,0x0,0x0,0x0,0x54,0x0,0x0,0x0,
0x54,0x0,0x0,0x0,0x54,0x0,0x0,0x0,
0x0,0x0,0x0,0x0,0x54,0x0,0x0,0x0,
0x54,0x0,0x0,0x0,0x0,0x0,0x2,0x0,
0x54,0x0,0x0,0x0,0x0,0x0,0x0,0x0,
0x84,0x0,0x0,0x0,0x9e,0x4,0x50,0x0,
0x9f,0x4,0x90,0x0,0x84,0x0,0x0,0x0,
0x0,0x0,0x0,0x0,0x84,0x0,0x0,0x0,
0x0,0x0,0x0,0x0,0x32,0x0,0x0,0x0,
0x0,0x0,0x7,0x0,0x35,0x1,0x0,0x0,
0x0,0x0,0x0,0x0,0xa1,0x4,0x90,0x0,
0xa1,0x4,0x60,0x1,0x31,0x0,0x0,0x0,
0x0,0x0,0x1,0x0,0x1,0x0,0x0,0x0,
0x0,0x0,0x0,0x0,0xa0,0x4,0x90,0x0,
0xa0,0x4,0x10,0x1,0x0,0x0,0x0,0x0,
0xe5,0x0,0x0,0x0,0x0,0x0,0x0,0x0,
0x0,0x0,0xff,0xff,0xff,0xff,0xff,0xff,
0x0,0x0,0x0,0x0,0x54,0x0,0x0,0x0,
0x54,0x0,0x0,0x0,0x54,0x0,0x0,0x0,
0x0,0x0,0x0,0x0,0x54,0x0,0x0,0x0,
0x54,0x0,0x0,0x0,0x0,0x0,0x3,0x0,
0x54,0x0,0x0,0x0,0x0,0x0,0x0,0x0,
0x9c,0x0,0x0,0x0,0xb2,0x4,0x10,0x1,
0x0,0x0,0x0,0x0,0x9c,0x0,0x0,0x0,
0x0,0x0,0x0,0x0,0x9c,0x0,0x0,0x0,
0x0,0x0,0x0,0x0,0xe8,0x0,0x0,0x0,
0x0,0x0,0x2,0x0,0x3,0x0,0x0,0x0,
0x0,0x0,0x0,0x0,0xb4,0x4,0x90,0x0,
0xb4,0x4,0x10,0x1,0x87,0x0,0x0,0x0,
0x0,0x0,0x7,0x0,0x36,0x1,0x0,0x0,
0x0,0x0,0x0,0x0,0xb3,0x4,0x90,0x0,
0xb3,0x4,0x0,0x1,0x0,0x0,0x0,0x0,
0x0,0x0,0x8,0x0,0x78,0x0,0x0,0x0,
0x0,0x0,0x0,0x0,0xb7,0x4,0x90,0x0,
0xb7,0x4,0x90,0x0,0x0,0x0,0x0,0x0,
0x9f,0x0,0x0,0x0,0x0,0x0,0x0,0x0,
0x0,0x0,0xff,0xff,0xff,0xff,0xff,0xff,
0x0,0x0,0x0,0x0,0x54,0x0,0x0,0x0,
0x54,0x0,0x0,0x0,0x54,0x0,0x0,0x0,
0x0,0x0,0x0,0x0,0x54,0x0,0x0,0x0,
0x54,0x0,0x0,0x0,0x0,0x0,0x5,0x0,
0x54,0x0,0x0,0x0,0x0,0x0,0x0,0x0,
0xcc,0x0,0x0,0x0,0xb7,0x4,0x90,0x0,
0x0,0x0,0x0,0x0,0xcc,0x0,0x0,0x0,
0x0,0x0,0x0,0x0,0xcc,0x0,0x0,0x0,
0x0,0x0,0x0,0x0,0x6,0x0,0x0,0x0,
0x0,0x0,0x7,0x0,0x37,0x1,0x0,0x0,
0x0,0x0,0x0,0x0,0xba,0x4,0xd0,0x0,
0xba,0x4,0x40,0x1,0xa0,0x0,0x0,0x0,
0x0,0x0,0x2,0x0,0x4,0x0,0x0,0x0,
0x0,0x0,0x0,0x0,0xb9,0x4,0xd0,0x0,
0xb9,0x4,0x60,0x1,0x0,0x0,0x0,0x0,
0x0,0x0,0x8,0x0,0x7a,0x0,0x0,0x0,
0x0,0x0,0x0,0x0,0xbc,0x4,0xd0,0x0,
0xbc,0x4,0xd0,0x0,0x0,0x0,0x0,0x0,
0x0,0x0,0x8,0x0,0x7d,0x0,0x0,0x0,
0x0,0x0,0x0,0x0,0xc6,0x4,0xd0,0x0,
0xc6,0x4,0xd0,0x0,0xa3,0x0,0x0,0x0,
0x0,0x0,0xa,0x0,0x79,0x0,0x0,0x0,
0x0,0x0,0x0,0x0,0xb8,0x4,0xd0,0x0,
0xb8,0x4,0x50,0x1,0x0,0x0,0x0,0x0,
0x0,0x0,0x0,0x0,0x0,0x0,0x0,0x0,
0x0,0x0,0xff,0xff,0xff,0xff,0xff,0xff,
0x0,0x0,0x0,0x0,0x54,0x0,0x0,0x0,
0x54,0x0,0x0,0x0,0x54,0x0,0x0,0x0,
0x0,0x0,0x0,0x0,0x54,0x0,0x0,0x0,
0x54,0x0,0x0,0x0,0x0,0x0,0x1,0x0,
0x54,0x0,0x0,0x0,0x0,0x0,0x0,0x0,
0x6c,0x0,0x0,0x0,0xb8,0x4,0xd0,0x0,
0x0,0x0,0x0,0x0,0x6c,0x0,0x0,0x0,
0x0,0x0,0x0,0x0,0x6c,0x0,0x0,0x0,
0x0,0x0,0x0,0x0,0x6,0x1,0x0,0x0,
0x0,0x0,0x7,0x0,0x38,0x1,0x0,0x0,
0x0,0x0,0x0,0x0,0xb8,0x4,0x50,0x1,
0xb8,0x4,0xf0,0x1,0x0,0x0,0x0,0x0,
0x84,0x0,0x0,0x0,0x78,0x0,0x0,0x0,
0x0,0x0,0xff,0xff,0xff,0xff,0xff,0xff,
0x0,0x0,0x0,0x0,0x54,0x0,0x0,0x0,
0x54,0x0,0x0,0x0,0x54,0x0,0x0,0x0,
0x0,0x0,0x0,0x0,0x54,0x0,0x0,0x0,
0x54,0x0,0x0,0x0,0x0,0x0,0x6,0x0,
0x54,0x0,0x0,0x0,0x0,0x0,0x0,0x0,
0xe4,0x0,0x0,0x0,0xbc,0x4,0xd0,0x0,
0xbd,0x4,0x10,0x1,0xe4,0x0,0x0,0x0,
0x0,0x0,0x0,0x0,0xe4,0x0,0x0,0x0,
0x0,0x0,0x0,0x0,0x91,0x0,0x0,0x0,
0x0,0x0,0x7,0x0,0x3a,0x1,0x0,0x0,
0x0,0x0,0x0,0x0,0xc2,0x4,0x10,0x1,
0xc2,0x4,0x40,0x2,0x9b,0x0,0x0,0x0,
0x0,0x0,0x7,0x0,0x39,0x1,0x0,0x0,
0x0,0x0,0x0,0x0,0xc1,0x4,0x10,0x1,
0xc1,0x4,0x60,0x2,0x87,0x0,0x0,0x0,
0x0,0x0,0x3,0x0,0x0,0x0,0x0,0x0,
0x88,0x0,0x0,0x0,0xc0,0x4,0x10,0x1,
0xc0,0x4,0x80,0x1,0x85,0x0,0x0,0x0,
0x0,0x0,0x5,0x0,0x21,0x0,0x0,0x0,
0x0,0x0,0x0,0x0,0xbf,0x4,0x10,0x1,
0xbf,0x4,0x70,0x1,0xa3,0x0,0x0,0x0,
0x0,0x0,0xa,0x0,0x7c,0x0,0x0,0x0,
0x0,0x0,0x0,0x0,0xc3,0x4,0x10,0x1,
0xc3,0x4,0x90,0x1,0x89,0x0,0x0,0x0,
0x0,0x0,0xa,0x0,0x7b,0x0,0x0,0x0,
0x0,0x0,0x0,0x0,0xbe,0x4,0x10,0x1,
0xbe,0x4,0x60,0x1,0x0,0x0,0x0,0x0,
0x0,0x0,0x0,0x0,0x0,0x0,0x0,0x0,
0x0,0x0,0xff,0xff,0xff,0xff,0xff,0xff,
0x0,0x0,0x0,0x0,0x54,0x0,0x0,0x0,
0x54,0x0,0x0,0x0,0x54,0x0,0x0,0x0,
0x0,0x0,0x0,0x0,0x54,0x0,0x0,0x0,
0x54,0x0,0x0,0x0,0x0,0x0,0x1,0x0,
0x54,0x0,0x0,0x0,0x0,0x0,0x0,0x0,
0x6c,0x0,0x0,0x0,0xbe,0x4,0x10,0x1,
0x0,0x0,0x0,0x0,0x6c,0x0,0x0,0x0,
0x0,0x0,0x0,0x0,0x6c,0x0,0x0,0x0,
0x0,0x0,0x0,0x0,0x8,0x1,0x0,0x0,
0x0,0x0,0x2,0x0,0x6,0x0,0x0,0x0,
0x0,0x0,0x0,0x0,0xbe,0x4,0x60,0x1,
0xbe,0x4,0x10,0x2,0x0,0x0,0x0,0x0,
0x0,0x0,0x0,0x0,0x0,0x0,0x0,0x0,
0x0,0x0,0xff,0xff,0xff,0xff,0xff,0xff,
0x0,0x0,0x0,0x0,0x54,0x0,0x0,0x0,
0x54,0x0,0x0,0x0,0x54,0x0,0x0,0x0,
0x0,0x0,0x0,0x0,0x54,0x0,0x0,0x0,
0x54,0x0,0x0,0x0,0x0,0x0,0x1,0x0,
0x54,0x0,0x0,0x0,0x0,0x0,0x0,0x0,
0x6c,0x0,0x0,0x0,0xc3,0x4,0x10,0x1,
0x0,0x0,0x0,0x0,0x6c,0x0,0x0,0x0,
0x0,0x0,0x0,0x0,0x6c,0x0,0x0,0x0,
0x0,0x0,0x0,0x0,0xa,0x1,0x0,0x0,
0x0,0x0,0x7,0x0,0x3b,0x1,0x0,0x0,
0x0,0x0,0x0,0x0,0xc3,0x4,0x90,0x1,
0xc3,0x4,0xb0,0x2,0x0,0x0,0x0,0x0,
0x84,0x0,0x0,0x0,0x48,0x0,0x0,0x0,
0x0,0x0,0xff,0xff,0xff,0xff,0xff,0xff,
0x0,0x0,0x0,0x0,0x54,0x0,0x0,0x0,
0x54,0x0,0x0,0x0,0x54,0x0,0x0,0x0,
0x0,0x0,0x0,0x0,0x54,0x0,0x0,0x0,
0x54,0x0,0x0,0x0,0x0,0x0,0x6,0x0,
0x54,0x0,0x0,0x0,0x0,0x0,0x0,0x0,
0xe4,0x0,0x0,0x0,0xc6,0x4,0xd0,0x0,
0xc7,0x4,0x10,0x1,0xe4,0x0,0x0,0x0,
0x0,0x0,0x0,0x0,0xe4,0x0,0x0,0x0,
0x0,0x0,0x0,0x0,0x91,0x0,0x0,0x0,
0x0,0x0,0x7,0x0,0x3d,0x1,0x0,0x0,
0x0,0x0,0x0,0x0,0xcc,0x4,0x10,0x1,
0xcc,0x4,0x40,0x2,0x9b,0x0,0x0,0x0,
0x0,0x0,0x7,0x0,0x3c,0x1,0x0,0x0,
0x0,0x0,0x0,0x0,0xcb,0x4,0x10,0x1,
0xcb,0x4,0x60,0x2,0x87,0x0,0x0,0x0,
0x0,0x0,0x3,0x0,0x0,0x0,0x0,0x0,
0x88,0x0,0x0,0x0,0xc9,0x4,0x10,0x1,
0xc9,0x4,0x80,0x1,0x85,0x0,0x0,0x0,
0x0,0x0,0x5,0x0,0x22,0x0,0x0,0x0,
0x0,0x0,0x0,0x0,0xc8,0x4,0x10,0x1,
0xc8,0x4,0x70,0x1,0xa3,0x0,0x0,0x0,
0x0,0x0,0xa,0x0,0x7f,0x0,0x0,0x0,
0x0,0x0,0x0,0x0,0xcd,0x4,0x10,0x1,
0xcd,0x4,0x90,0x1,0x89,0x0,0x0,0x0,
0x0,0x0,0xa,0x0,0x7e,0x0,0x0,0x0,
0x0,0x0,0x0,0x0,0xca,0x4,0x10,0x1,
0xca,0x4,0x60,0x1,0x0,0x0,0x0,0x0,
0x0,0x0,0x0,0x0,0x0,0x0,0x0,0x0,
0x0,0x0,0xff,0xff,0xff,0xff,0xff,0xff,
0x0,0x0,0x0,0x0,0x54,0x0,0x0,0x0,
0x54,0x0,0x0,0x0,0x54,0x0,0x0,0x0,
0x0,0x0,0x0,0x0,0x54,0x0,0x0,0x0,
0x54,0x0,0x0,0x0,0x0,0x0,0x1,0x0,
0x54,0x0,0x0,0x0,0x0,0x0,0x0,0x0,
0x6c,0x0,0x0,0x0,0xca,0x4,0x10,0x1,
0x0,0x0,0x0,0x0,0x6c,0x0,0x0,0x0,
0x0,0x0,0x0,0x0,0x6c,0x0,0x0,0x0,
0x0,0x0,0x0,0x0,0x8a,0x0,0x0,0x0,
0x0,0x0,0x2,0x0,0xd,0x0,0x0,0x0,
0x0,0x0,0x0,0x0,0xca,0x4,0x60,0x1,
0xca,0x4,0x10,0x2,0x0,0x0,0x0,0x0,
0x0,0x0,0x0,0x0,0x0,0x0,0x0,0x0,
0x0,0x0,0xff,0xff,0xff,0xff,0xff,0xff,
0x0,0x0,0x0,0x0,0x54,0x0,0x0,0x0,
0x54,0x0,0x0,0x0,0x54,0x0,0x0,0x0,
0x0,0x0,0x0,0x0,0x54,0x0,0x0,0x0,
0x54,0x0,0x0,0x0,0x0,0x0,0x1,0x0,
0x54,0x0,0x0,0x0,0x0,0x0,0x0,0x0,
0x6c,0x0,0x0,0x0,0xcd,0x4,0x10,0x1,
0x0,0x0,0x0,0x0,0x6c,0x0,0x0,0x0,
0x0,0x0,0x0,0x0,0x6c,0x0,0x0,0x0,
0x0,0x0,0x0,0x0,0xa,0x1,0x0,0x0,
0x0,0x0,0x7,0x0,0x3e,0x1,0x0,0x0,
0x0,0x0,0x0,0x0,0xcd,0x4,0x90,0x1,
0xcd,0x4,0xb0,0x2,0x0,0x0,0x0,0x0,
0x0,0x0,0x0,0x0,0x0,0x0,0x0,0x0,
0x0,0x0,0xff,0xff,0xff,0xff,0xff,0xff,
0x0,0x0,0x0,0x0,0x54,0x0,0x0,0x0,
0x54,0x0,0x0,0x0,0x54,0x0,0x0,0x0,
0x0,0x0,0x0,0x0,0x54,0x0,0x0,0x0,
0x54,0x0,0x0,0x0,0x0,0x0,0x1,0x0,
0x54,0x0,0x0,0x0,0x0,0x0,0x0,0x0,
0x6c,0x0,0x0,0x0,0xd5,0x4,0x50,0x0,
0x0,0x0,0x0,0x0,0x6c,0x0,0x0,0x0,
0x0,0x0,0x0,0x0,0x6c,0x0,0x0,0x0,
0x0,0x0,0x0,0x0,0x8,0x1,0x0,0x0,
0x0,0x0,0x2,0x0,0xe,0x0,0x0,0x0,
0x0,0x0,0x0,0x0,0xd5,0x4,0xa0,0x0,
0xd5,0x4,0x50,0x1,0x0,0x0,0x0,0x0
};
QT_WARNING_PUSH
QT_WARNING_DISABLE_MSVC(4573)
extern const QQmlPrivate::AOTCompiledFunction aotBuiltFunctions[];
extern const QQmlPrivate::AOTCompiledFunction aotBuiltFunctions[] = {
{ 9, 0, [](QV4::ExecutableCompilationUnit *unit, QMetaType *argTypes) {
    struct { QV4::ExecutableCompilationUnit *compilationUnit; } c { unit };
    const auto *aotContext = &c;
    Q_UNUSED(aotContext);
    argTypes[0] = QMetaType::fromType<QString>();
}, 
    [](const QQmlPrivate::AOTCompiledContext *aotContext, void **argv) {
Q_UNUSED(aotContext)
Q_UNUSED(argv)
// expression for dmrID at line 1151, column 1
QString r2_1;
QObject *r2_0;
// generate_LoadQmlContextPropertyLookup
#ifndef QT_NO_DEBUG
aotContext->setInstructionPointer(2);
#endif
while (!aotContext->loadContextIdLookup(60, &r2_0)) {
#ifdef QT_NO_DEBUG
aotContext->setInstructionPointer(2);
#endif
aotContext->initLoadContextIdLookup(60);
if (aotContext->engine->hasError()) {
aotContext->setReturnValueUndefined();
if (argv[0]) {
    *static_cast<QString *>(argv[0]) = QString();
}
return;
}
}
{
}
// generate_GetLookup
#ifndef QT_NO_DEBUG
aotContext->setInstructionPointer(4);
#endif
while (!aotContext->getObjectLookup(61, r2_0, &r2_1)) {
#ifdef QT_NO_DEBUG
aotContext->setInstructionPointer(4);
#endif
aotContext->initGetObjectLookup(61, r2_0, QMetaType::fromType<QString>());
if (aotContext->engine->hasError()) {
aotContext->setReturnValueUndefined();
if (argv[0]) {
    *static_cast<QString *>(argv[0]) = QString();
}
return;
}
}
{
}
{
}
// generate_Ret
if (argv[0]) {
    *static_cast<QString *>(argv[0]) = std::move(r2_1);
}
return;
}
 },{ 10, 0, [](QV4::ExecutableCompilationUnit *unit, QMetaType *argTypes) {
    struct { QV4::ExecutableCompilationUnit *compilationUnit; } c { unit };
    const auto *aotContext = &c;
    Q_UNUSED(aotContext);
    argTypes[0] = QMetaType::fromType<QString>();
}, 
    [](const QQmlPrivate::AOTCompiledContext *aotContext, void **argv) {
Q_UNUSED(aotContext)
Q_UNUSED(argv)
// expression for tgid at line 1152, column 1
QString r2_1;
QObject *r2_0;
// generate_LoadQmlContextPropertyLookup
#ifndef QT_NO_DEBUG
aotContext->setInstructionPointer(2);
#endif
while (!aotContext->loadContextIdLookup(62, &r2_0)) {
#ifdef QT_NO_DEBUG
aotContext->setInstructionPointer(2);
#endif
aotContext->initLoadContextIdLookup(62);
if (aotContext->engine->hasError()) {
aotContext->setReturnValueUndefined();
if (argv[0]) {
    *static_cast<QString *>(argv[0]) = QString();
}
return;
}
}
{
}
// generate_GetLookup
#ifndef QT_NO_DEBUG
aotContext->setInstructionPointer(4);
#endif
while (!aotContext->getObjectLookup(63, r2_0, &r2_1)) {
#ifdef QT_NO_DEBUG
aotContext->setInstructionPointer(4);
#endif
aotContext->initGetObjectLookup(63, r2_0, QMetaType::fromType<QString>());
if (aotContext->engine->hasError()) {
aotContext->setReturnValueUndefined();
if (argv[0]) {
    *static_cast<QString *>(argv[0]) = QString();
}
return;
}
}
{
}
{
}
// generate_Ret
if (argv[0]) {
    *static_cast<QString *>(argv[0]) = std::move(r2_1);
}
return;
}
 },{ 11, 0, [](QV4::ExecutableCompilationUnit *unit, QMetaType *argTypes) {
    struct { QV4::ExecutableCompilationUnit *compilationUnit; } c { unit };
    const auto *aotContext = &c;
    Q_UNUSED(aotContext);
    argTypes[0] = QMetaType();
}, 
    [](const QQmlPrivate::AOTCompiledContext *aotContext, void **argv) {
Q_UNUSED(aotContext)
Q_UNUSED(argv)
// emitDataUpdated at line 1170, column 1
QObject *r7_0;
QObject *r2_0;
// generate_LoadQmlContextPropertyLookup
#ifndef QT_NO_DEBUG
aotContext->setInstructionPointer(2);
#endif
while (!aotContext->loadContextIdLookup(64, &r2_0)) {
#ifdef QT_NO_DEBUG
aotContext->setInstructionPointer(2);
#endif
aotContext->initLoadContextIdLookup(64);
if (aotContext->engine->hasError()) {
aotContext->setReturnValueUndefined();
return;
}
}
{
}
// generate_StoreReg
r7_0 = r2_0;
{
}
// generate_CallPropertyLookup
{
void *args[] = { nullptr };
const QMetaType types[] = { QMetaType() };
#ifndef QT_NO_DEBUG
aotContext->setInstructionPointer(9);
#endif
while (!aotContext->callObjectPropertyLookup(65, r7_0, args, types, 0)) {
#ifdef QT_NO_DEBUG
aotContext->setInstructionPointer(9);
#endif
aotContext->initCallObjectPropertyLookup(65);
if (aotContext->engine->hasError()) {
aotContext->setReturnValueUndefined();
return;
}
}
}
{
}
{
}
// generate_Ret
return;
}
 },{ 12, 0, [](QV4::ExecutableCompilationUnit *unit, QMetaType *argTypes) {
    struct { QV4::ExecutableCompilationUnit *compilationUnit; } c { unit };
    const auto *aotContext = &c;
    Q_UNUSED(aotContext);
    argTypes[0] = QMetaType();
}, 
    [](const QQmlPrivate::AOTCompiledContext *aotContext, void **argv) {
Q_UNUSED(aotContext)
Q_UNUSED(argv)
// expression for onDmrIDChanged at line 1174, column 1
QString r2_0;
QString r10_0;
// generate_CreateCallContext
{
{
}
{
}
{
}
// generate_LoadRuntimeString
r2_0 = QStringLiteral("DMR ID changed, restarting update timer.");
{
}
// generate_StoreReg
r10_0 = std::move(r2_0);
{
}
// generate_CallPropertyLookup
{
    bool firstArgIsCategory = false;
    const QLoggingCategory *category = aotContext->resolveLoggingCategory(nullptr, &firstArgIsCategory);
    if (category && category->isEnabled(QtDebugMsg)) {
        const QString message = std::move(r10_0);
        aotContext->setInstructionPointer(17);
        aotContext->writeToConsole(QtDebugMsg, message, category);
    }
}
{
}
// generate_CallQmlContextPropertyLookup
{
void *args[] = { nullptr };
const QMetaType types[] = { QMetaType() };
#ifndef QT_NO_DEBUG
aotContext->setInstructionPointer(21);
#endif
while (!aotContext->callQmlContextPropertyLookup(68, args, types, 0)) {
#ifdef QT_NO_DEBUG
aotContext->setInstructionPointer(21);
#endif
aotContext->initCallQmlContextPropertyLookup(68);
if (aotContext->engine->hasError()) {
aotContext->setReturnValueUndefined();
return;
}
}
}
{
}
{
}
// generate_PopContext
{}
}
{
}
{
}
// generate_Ret
return;
}
 },{ 18, 0, [](QV4::ExecutableCompilationUnit *unit, QMetaType *argTypes) {
    struct { QV4::ExecutableCompilationUnit *compilationUnit; } c { unit };
    const auto *aotContext = &c;
    Q_UNUSED(aotContext);
    argTypes[0] = QMetaType();
}, 
    [](const QQmlPrivate::AOTCompiledContext *aotContext, void **argv) {
Q_UNUSED(aotContext)
Q_UNUSED(argv)
// expression for onCompleted at line 113, column 5
// generate_CreateCallContext
{
{
}
// generate_CallQmlContextPropertyLookup
{
void *args[] = { nullptr };
const QMetaType types[] = { QMetaType() };
#ifndef QT_NO_DEBUG
aotContext->setInstructionPointer(5);
#endif
while (!aotContext->callQmlContextPropertyLookup(82, args, types, 0)) {
#ifdef QT_NO_DEBUG
aotContext->setInstructionPointer(5);
#endif
aotContext->initCallQmlContextPropertyLookup(82);
if (aotContext->engine->hasError()) {
aotContext->setReturnValueUndefined();
return;
}
}
}
{
}
{
}
// generate_PopContext
{}
}
{
}
{
}
// generate_Ret
return;
}
 },{ 19, 0, [](QV4::ExecutableCompilationUnit *unit, QMetaType *argTypes) {
    struct { QV4::ExecutableCompilationUnit *compilationUnit; } c { unit };
    const auto *aotContext = &c;
    Q_UNUSED(aotContext);
    argTypes[0] = QMetaType();
}, 
    [](const QQmlPrivate::AOTCompiledContext *aotContext, void **argv) {
Q_UNUSED(aotContext)
Q_UNUSED(argv)
// expression for onTriggered at line 132, column 9
QObject *r8_0;
QString r2_1;
QString r7_0;
QString r11_0;
QString r2_2;
QObject *r2_0;
QObject *r2_4;
bool r2_3;
// generate_CreateCallContext
{
{
}
// generate_LoadQmlContextPropertyLookup
#ifndef QT_NO_DEBUG
aotContext->setInstructionPointer(3);
#endif
while (!aotContext->loadContextIdLookup(83, &r2_0)) {
#ifdef QT_NO_DEBUG
aotContext->setInstructionPointer(3);
#endif
aotContext->initLoadContextIdLookup(83);
if (aotContext->engine->hasError()) {
aotContext->setReturnValueUndefined();
return;
}
}
{
}
// generate_GetLookup
#ifndef QT_NO_DEBUG
aotContext->setInstructionPointer(5);
#endif
while (!aotContext->getObjectLookup(84, r2_0, &r2_1)) {
#ifdef QT_NO_DEBUG
aotContext->setInstructionPointer(5);
#endif
aotContext->initGetObjectLookup(84, r2_0, QMetaType::fromType<QString>());
if (aotContext->engine->hasError()) {
aotContext->setReturnValueUndefined();
return;
}
}
{
}
// generate_StoreReg
r7_0 = std::move(r2_1);
{
}
// generate_LoadRuntimeString
r2_2 = QStringLiteral("");
{
}
// generate_CmpStrictEqual
r2_3 = r7_0 == r2_2;
{
}
// generate_JumpFalse
if (!r2_3) {
    goto label_0;
}
{
}
{
}
{
}
// generate_LoadRuntimeString
r2_2 = QStringLiteral("Data2 has been empty for 500s, clearing first name display");
{
}
// generate_StoreReg
r11_0 = std::move(r2_2);
{
}
// generate_CallPropertyLookup
{
    bool firstArgIsCategory = false;
    const QLoggingCategory *category = aotContext->resolveLoggingCategory(nullptr, &firstArgIsCategory);
    if (category && category->isEnabled(QtDebugMsg)) {
        const QString message = std::move(r11_0);
        aotContext->setInstructionPointer(29);
        aotContext->writeToConsole(QtDebugMsg, message, category);
    }
}
{
}
// generate_LoadQmlContextPropertyLookup
#ifndef QT_NO_DEBUG
aotContext->setInstructionPointer(31);
#endif
while (!aotContext->loadContextIdLookup(87, &r2_4)) {
#ifdef QT_NO_DEBUG
aotContext->setInstructionPointer(31);
#endif
aotContext->initLoadContextIdLookup(87);
if (aotContext->engine->hasError()) {
aotContext->setReturnValueUndefined();
return;
}
}
{
}
// generate_StoreReg
r8_0 = r2_4;
{
}
// generate_LoadRuntimeString
r2_2 = QStringLiteral("");
{
}
{
}
// generate_SetLookup
{
#ifndef QT_NO_DEBUG
aotContext->setInstructionPointer(40);
#endif
while (!aotContext->setObjectLookup(88, r8_0, &r2_2)) {
#ifdef QT_NO_DEBUG
aotContext->setInstructionPointer(40);
#endif
aotContext->initSetObjectLookup(88, r8_0, QMetaType::fromType<QString>());
if (aotContext->engine->hasError()) {
aotContext->setReturnValueUndefined();
return;
}
}
}
{
}
{
}
label_0:;
// generate_PopContext
{}
}
{
}
{
}
// generate_Ret
return;
}
 },{ 22, 0, [](QV4::ExecutableCompilationUnit *unit, QMetaType *argTypes) {
    struct { QV4::ExecutableCompilationUnit *compilationUnit; } c { unit };
    const auto *aotContext = &c;
    Q_UNUSED(aotContext);
    argTypes[0] = QMetaType::fromType<double>();
}, 
    [](const QQmlPrivate::AOTCompiledContext *aotContext, void **argv) {
Q_UNUSED(aotContext)
Q_UNUSED(argv)
// expression for width at line 208, column 5
double r2_1;
double r2_2;
double r7_0;
QObject *r2_0;
// generate_LoadQmlContextPropertyLookup
#ifndef QT_NO_DEBUG
aotContext->setInstructionPointer(2);
#endif
while (!aotContext->loadScopeObjectPropertyLookup(96, &r2_0)) {
#ifdef QT_NO_DEBUG
aotContext->setInstructionPointer(2);
#endif
aotContext->initLoadScopeObjectPropertyLookup(96, []() { static const auto t = QMetaType::fromName("QQuickItem*"); return t; }());
if (aotContext->engine->hasError()) {
aotContext->setReturnValueUndefined();
if (argv[0]) {
    *static_cast<double *>(argv[0]) = double();
}
return;
}
}
{
}
// generate_GetLookup
#ifndef QT_NO_DEBUG
aotContext->setInstructionPointer(4);
#endif
while (!aotContext->getObjectLookup(97, r2_0, &r2_1)) {
#ifdef QT_NO_DEBUG
aotContext->setInstructionPointer(4);
#endif
aotContext->initGetObjectLookup(97, r2_0, QMetaType::fromType<double>());
if (aotContext->engine->hasError()) {
aotContext->setReturnValueUndefined();
if (argv[0]) {
    *static_cast<double *>(argv[0]) = double();
}
return;
}
}
{
}
// generate_StoreReg
r7_0 = r2_1;
{
}
// generate_LoadInt
r2_2 = double(4);
{
}
// generate_Div
r2_2 = (r7_0 / r2_2);
{
}
{
}
// generate_Ret
if (argv[0]) {
    *static_cast<double *>(argv[0]) = r2_2;
}
return;
}
 },{ 24, 0, [](QV4::ExecutableCompilationUnit *unit, QMetaType *argTypes) {
    struct { QV4::ExecutableCompilationUnit *compilationUnit; } c { unit };
    const auto *aotContext = &c;
    Q_UNUSED(aotContext);
    argTypes[0] = []() { static const auto t = QMetaType::fromName("QQuickText::VAlignment"); return t; }();
}, 
    [](const QQmlPrivate::AOTCompiledContext *aotContext, void **argv) {
Q_UNUSED(aotContext)
Q_UNUSED(argv)
// expression for verticalAlignment at line 210, column 5
int r2_0;
{
}
// generate_GetLookup
#ifndef QT_NO_DEBUG
aotContext->setInstructionPointer(4);
#endif
while (!aotContext->getEnumLookup(102, &r2_0)) {
#ifdef QT_NO_DEBUG
aotContext->setInstructionPointer(4);
#endif
aotContext->initGetEnumLookup(102, []() { static const auto t = QMetaType::fromName("QQuickText*"); return t; }().metaObject(), "VAlignment", "AlignVCenter");
if (aotContext->engine->hasError()) {
aotContext->setReturnValueUndefined();
if (argv[0]) {
    const QMetaType returnType = []() { static const auto t = QMetaType::fromName("QQuickText::VAlignment"); return t; }();
    returnType.destruct(argv[0]);
    returnType.construct(argv[0]);
 }
return;
}
}
{
}
{
}
// generate_Ret
if (argv[0]) {
    const QMetaType returnType = QMetaType::fromType<int>();
    returnType.destruct(argv[0]);
    returnType.construct(argv[0], &r2_0);
}
return;
}
 },{ 25, 0, [](QV4::ExecutableCompilationUnit *unit, QMetaType *argTypes) {
    struct { QV4::ExecutableCompilationUnit *compilationUnit; } c { unit };
    const auto *aotContext = &c;
    Q_UNUSED(aotContext);
    argTypes[0] = QMetaType::fromType<int>();
}, 
    [](const QQmlPrivate::AOTCompiledContext *aotContext, void **argv) {
Q_UNUSED(aotContext)
Q_UNUSED(argv)
// expression for pixelSize at line 205, column 5
double r7_0;
QObject *r2_0;
int r2_3;
double r2_2;
double r2_1;
// generate_LoadQmlContextPropertyLookup
#ifndef QT_NO_DEBUG
aotContext->setInstructionPointer(2);
#endif
while (!aotContext->loadScopeObjectPropertyLookup(103, &r2_0)) {
#ifdef QT_NO_DEBUG
aotContext->setInstructionPointer(2);
#endif
aotContext->initLoadScopeObjectPropertyLookup(103, []() { static const auto t = QMetaType::fromName("QQuickItem*"); return t; }());
if (aotContext->engine->hasError()) {
aotContext->setReturnValueUndefined();
if (argv[0]) {
    *static_cast<int *>(argv[0]) = int();
}
return;
}
}
{
}
// generate_GetLookup
#ifndef QT_NO_DEBUG
aotContext->setInstructionPointer(4);
#endif
while (!aotContext->getObjectLookup(104, r2_0, &r2_1)) {
#ifdef QT_NO_DEBUG
aotContext->setInstructionPointer(4);
#endif
aotContext->initGetObjectLookup(104, r2_0, QMetaType::fromType<double>());
if (aotContext->engine->hasError()) {
aotContext->setReturnValueUndefined();
if (argv[0]) {
    *static_cast<int *>(argv[0]) = int();
}
return;
}
}
{
}
// generate_StoreReg
r7_0 = r2_1;
{
}
// generate_LoadInt
r2_2 = double(40);
{
}
// generate_Div
r2_3 = QJSNumberCoercion::toInteger((r7_0 / r2_2));
{
}
{
}
// generate_Ret
if (argv[0]) {
    *static_cast<int *>(argv[0]) = r2_3;
}
return;
}
 },{ 34, 0, [](QV4::ExecutableCompilationUnit *unit, QMetaType *argTypes) {
    struct { QV4::ExecutableCompilationUnit *compilationUnit; } c { unit };
    const auto *aotContext = &c;
    Q_UNUSED(aotContext);
    argTypes[0] = []() { static const auto t = QMetaType::fromName("QQuickText::VAlignment"); return t; }();
}, 
    [](const QQmlPrivate::AOTCompiledContext *aotContext, void **argv) {
Q_UNUSED(aotContext)
Q_UNUSED(argv)
// expression for verticalAlignment at line 230, column 9
int r2_0;
{
}
// generate_GetLookup
#ifndef QT_NO_DEBUG
aotContext->setInstructionPointer(4);
#endif
while (!aotContext->getEnumLookup(125, &r2_0)) {
#ifdef QT_NO_DEBUG
aotContext->setInstructionPointer(4);
#endif
aotContext->initGetEnumLookup(125, []() { static const auto t = QMetaType::fromName("QQuickText*"); return t; }().metaObject(), "VAlignment", "AlignVCenter");
if (aotContext->engine->hasError()) {
aotContext->setReturnValueUndefined();
if (argv[0]) {
    const QMetaType returnType = []() { static const auto t = QMetaType::fromName("QQuickText::VAlignment"); return t; }();
    returnType.destruct(argv[0]);
    returnType.construct(argv[0]);
 }
return;
}
}
{
}
{
}
// generate_Ret
if (argv[0]) {
    const QMetaType returnType = QMetaType::fromType<int>();
    returnType.destruct(argv[0]);
    returnType.construct(argv[0], &r2_0);
}
return;
}
 },{ 35, 0, [](QV4::ExecutableCompilationUnit *unit, QMetaType *argTypes) {
    struct { QV4::ExecutableCompilationUnit *compilationUnit; } c { unit };
    const auto *aotContext = &c;
    Q_UNUSED(aotContext);
    argTypes[0] = []() { static const auto t = QMetaType::fromName("QQuickText::HAlignment"); return t; }();
}, 
    [](const QQmlPrivate::AOTCompiledContext *aotContext, void **argv) {
Q_UNUSED(aotContext)
Q_UNUSED(argv)
// expression for horizontalAlignment at line 231, column 9
int r2_0;
{
}
// generate_GetLookup
#ifndef QT_NO_DEBUG
aotContext->setInstructionPointer(4);
#endif
while (!aotContext->getEnumLookup(127, &r2_0)) {
#ifdef QT_NO_DEBUG
aotContext->setInstructionPointer(4);
#endif
aotContext->initGetEnumLookup(127, []() { static const auto t = QMetaType::fromName("QQuickText*"); return t; }().metaObject(), "HAlignment", "AlignHCenter");
if (aotContext->engine->hasError()) {
aotContext->setReturnValueUndefined();
if (argv[0]) {
    const QMetaType returnType = []() { static const auto t = QMetaType::fromName("QQuickText::HAlignment"); return t; }();
    returnType.destruct(argv[0]);
    returnType.construct(argv[0]);
 }
return;
}
}
{
}
{
}
// generate_Ret
if (argv[0]) {
    const QMetaType returnType = QMetaType::fromType<int>();
    returnType.destruct(argv[0]);
    returnType.construct(argv[0], &r2_0);
}
return;
}
 },{ 37, 0, [](QV4::ExecutableCompilationUnit *unit, QMetaType *argTypes) {
    struct { QV4::ExecutableCompilationUnit *compilationUnit; } c { unit };
    const auto *aotContext = &c;
    Q_UNUSED(aotContext);
    argTypes[0] = QMetaType::fromType<double>();
}, 
    [](const QQmlPrivate::AOTCompiledContext *aotContext, void **argv) {
Q_UNUSED(aotContext)
Q_UNUSED(argv)
// expression for width at line 240, column 13
double r2_1;
QObject *r2_0;
// generate_LoadQmlContextPropertyLookup
#ifndef QT_NO_DEBUG
aotContext->setInstructionPointer(5);
#endif
while (!aotContext->loadScopeObjectPropertyLookup(130, &r2_0)) {
#ifdef QT_NO_DEBUG
aotContext->setInstructionPointer(5);
#endif
aotContext->initLoadScopeObjectPropertyLookup(130, []() { static const auto t = QMetaType::fromName("QQuickItem*"); return t; }());
if (aotContext->engine->hasError()) {
aotContext->setReturnValueUndefined();
if (argv[0]) {
    *static_cast<double *>(argv[0]) = double();
}
return;
}
}
{
}
// generate_GetLookup
#ifndef QT_NO_DEBUG
aotContext->setInstructionPointer(10);
#endif
while (!aotContext->getObjectLookup(131, r2_0, &r2_1)) {
#ifdef QT_NO_DEBUG
aotContext->setInstructionPointer(10);
#endif
aotContext->initGetObjectLookup(131, r2_0, QMetaType::fromType<double>());
if (aotContext->engine->hasError()) {
aotContext->setReturnValueUndefined();
if (argv[0]) {
    *static_cast<double *>(argv[0]) = double();
}
return;
}
}
{
}
{
}
// generate_Ret
if (argv[0]) {
    *static_cast<double *>(argv[0]) = r2_1;
}
return;
}
 },{ 38, 0, [](QV4::ExecutableCompilationUnit *unit, QMetaType *argTypes) {
    struct { QV4::ExecutableCompilationUnit *compilationUnit; } c { unit };
    const auto *aotContext = &c;
    Q_UNUSED(aotContext);
    argTypes[0] = QMetaType::fromType<QVariant>();
}, 
    [](const QQmlPrivate::AOTCompiledContext *aotContext, void **argv) {
Q_UNUSED(aotContext)
Q_UNUSED(argv)
// expression for model at line 244, column 17
QVariant r2_0;
// generate_LoadQmlContextPropertyLookup
{
QObject * retrieved;
#ifndef QT_NO_DEBUG
aotContext->setInstructionPointer(5);
#endif
while (!aotContext->loadContextIdLookup(132, &retrieved)) {
#ifdef QT_NO_DEBUG
aotContext->setInstructionPointer(5);
#endif
aotContext->initLoadContextIdLookup(132);
if (aotContext->engine->hasError()) {
aotContext->setReturnValueUndefined();
if (argv[0]) {
    *static_cast<QVariant *>(argv[0]) = QVariant();
}
return;
}
}
r2_0 = QVariant::fromValue(std::move(retrieved));
}
{
}
{
}
// generate_Ret
if (argv[0]) {
    if (!r2_0.isValid())
        aotContext->setReturnValueUndefined();
    *static_cast<QVariant *>(argv[0]) = std::move(r2_0);
}
return;
}
 },{ 39, 0, [](QV4::ExecutableCompilationUnit *unit, QMetaType *argTypes) {
    struct { QV4::ExecutableCompilationUnit *compilationUnit; } c { unit };
    const auto *aotContext = &c;
    Q_UNUSED(aotContext);
    argTypes[0] = QMetaType::fromType<double>();
}, 
    [](const QQmlPrivate::AOTCompiledContext *aotContext, void **argv) {
Q_UNUSED(aotContext)
Q_UNUSED(argv)
// expression for width at line 246, column 21
QObject *r2_0;
double r2_1;
// generate_LoadQmlContextPropertyLookup
#ifndef QT_NO_DEBUG
aotContext->setInstructionPointer(5);
#endif
while (!aotContext->loadScopeObjectPropertyLookup(133, &r2_0)) {
#ifdef QT_NO_DEBUG
aotContext->setInstructionPointer(5);
#endif
aotContext->initLoadScopeObjectPropertyLookup(133, []() { static const auto t = QMetaType::fromName("QQuickItem*"); return t; }());
if (aotContext->engine->hasError()) {
aotContext->setReturnValueUndefined();
if (argv[0]) {
    *static_cast<double *>(argv[0]) = double();
}
return;
}
}
{
}
// generate_GetLookup
#ifndef QT_NO_DEBUG
aotContext->setInstructionPointer(10);
#endif
while (!aotContext->getObjectLookup(134, r2_0, &r2_1)) {
#ifdef QT_NO_DEBUG
aotContext->setInstructionPointer(10);
#endif
aotContext->initGetObjectLookup(134, r2_0, QMetaType::fromType<double>());
if (aotContext->engine->hasError()) {
aotContext->setReturnValueUndefined();
if (argv[0]) {
    *static_cast<double *>(argv[0]) = double();
}
return;
}
}
{
}
{
}
// generate_Ret
if (argv[0]) {
    *static_cast<double *>(argv[0]) = r2_1;
}
return;
}
 },{ 41, 0, [](QV4::ExecutableCompilationUnit *unit, QMetaType *argTypes) {
    struct { QV4::ExecutableCompilationUnit *compilationUnit; } c { unit };
    const auto *aotContext = &c;
    Q_UNUSED(aotContext);
    argTypes[0] = QMetaType::fromType<double>();
}, 
    [](const QQmlPrivate::AOTCompiledContext *aotContext, void **argv) {
Q_UNUSED(aotContext)
Q_UNUSED(argv)
// expression for width at line 250, column 25
double r2_1;
QObject *r2_0;
// generate_LoadQmlContextPropertyLookup
#ifndef QT_NO_DEBUG
aotContext->setInstructionPointer(5);
#endif
while (!aotContext->loadScopeObjectPropertyLookup(136, &r2_0)) {
#ifdef QT_NO_DEBUG
aotContext->setInstructionPointer(5);
#endif
aotContext->initLoadScopeObjectPropertyLookup(136, []() { static const auto t = QMetaType::fromName("QQuickItem*"); return t; }());
if (aotContext->engine->hasError()) {
aotContext->setReturnValueUndefined();
if (argv[0]) {
    *static_cast<double *>(argv[0]) = double();
}
return;
}
}
{
}
// generate_GetLookup
#ifndef QT_NO_DEBUG
aotContext->setInstructionPointer(10);
#endif
while (!aotContext->getObjectLookup(137, r2_0, &r2_1)) {
#ifdef QT_NO_DEBUG
aotContext->setInstructionPointer(10);
#endif
aotContext->initGetObjectLookup(137, r2_0, QMetaType::fromType<double>());
if (aotContext->engine->hasError()) {
aotContext->setReturnValueUndefined();
if (argv[0]) {
    *static_cast<double *>(argv[0]) = double();
}
return;
}
}
{
}
{
}
// generate_Ret
if (argv[0]) {
    *static_cast<double *>(argv[0]) = r2_1;
}
return;
}
 },{ 42, 0, [](QV4::ExecutableCompilationUnit *unit, QMetaType *argTypes) {
    struct { QV4::ExecutableCompilationUnit *compilationUnit; } c { unit };
    const auto *aotContext = &c;
    Q_UNUSED(aotContext);
    argTypes[0] = QMetaType::fromType<double>();
}, 
    [](const QQmlPrivate::AOTCompiledContext *aotContext, void **argv) {
Q_UNUSED(aotContext)
Q_UNUSED(argv)
// expression for height at line 251, column 25
double r2_1;
QObject *r2_0;
// generate_LoadQmlContextPropertyLookup
#ifndef QT_NO_DEBUG
aotContext->setInstructionPointer(5);
#endif
while (!aotContext->loadScopeObjectPropertyLookup(138, &r2_0)) {
#ifdef QT_NO_DEBUG
aotContext->setInstructionPointer(5);
#endif
aotContext->initLoadScopeObjectPropertyLookup(138, []() { static const auto t = QMetaType::fromName("QQuickItem*"); return t; }());
if (aotContext->engine->hasError()) {
aotContext->setReturnValueUndefined();
if (argv[0]) {
    *static_cast<double *>(argv[0]) = double();
}
return;
}
}
{
}
// generate_GetLookup
#ifndef QT_NO_DEBUG
aotContext->setInstructionPointer(10);
#endif
while (!aotContext->getObjectLookup(139, r2_0, &r2_1)) {
#ifdef QT_NO_DEBUG
aotContext->setInstructionPointer(10);
#endif
aotContext->initGetObjectLookup(139, r2_0, QMetaType::fromType<double>());
if (aotContext->engine->hasError()) {
aotContext->setReturnValueUndefined();
if (argv[0]) {
    *static_cast<double *>(argv[0]) = double();
}
return;
}
}
{
}
{
}
// generate_Ret
if (argv[0]) {
    *static_cast<double *>(argv[0]) = r2_1;
}
return;
}
 },{ 43, 0, [](QV4::ExecutableCompilationUnit *unit, QMetaType *argTypes) {
    struct { QV4::ExecutableCompilationUnit *compilationUnit; } c { unit };
    const auto *aotContext = &c;
    Q_UNUSED(aotContext);
    argTypes[0] = []() { static const auto t = QMetaType::fromName("QQuickText::VAlignment"); return t; }();
}, 
    [](const QQmlPrivate::AOTCompiledContext *aotContext, void **argv) {
Q_UNUSED(aotContext)
Q_UNUSED(argv)
// expression for verticalAlignment at line 252, column 25
int r2_0;
{
}
// generate_GetLookup
#ifndef QT_NO_DEBUG
aotContext->setInstructionPointer(10);
#endif
while (!aotContext->getEnumLookup(141, &r2_0)) {
#ifdef QT_NO_DEBUG
aotContext->setInstructionPointer(10);
#endif
aotContext->initGetEnumLookup(141, []() { static const auto t = QMetaType::fromName("QQuickText*"); return t; }().metaObject(), "VAlignment", "AlignVCenter");
if (aotContext->engine->hasError()) {
aotContext->setReturnValueUndefined();
if (argv[0]) {
    const QMetaType returnType = []() { static const auto t = QMetaType::fromName("QQuickText::VAlignment"); return t; }();
    returnType.destruct(argv[0]);
    returnType.construct(argv[0]);
 }
return;
}
}
{
}
{
}
// generate_Ret
if (argv[0]) {
    const QMetaType returnType = QMetaType::fromType<int>();
    returnType.destruct(argv[0]);
    returnType.construct(argv[0], &r2_0);
}
return;
}
 },{ 45, 0, [](QV4::ExecutableCompilationUnit *unit, QMetaType *argTypes) {
    struct { QV4::ExecutableCompilationUnit *compilationUnit; } c { unit };
    const auto *aotContext = &c;
    Q_UNUSED(aotContext);
    argTypes[0] = []() { static const auto t = QMetaType::fromName("QQuickItem*"); return t; }();
}, 
    [](const QQmlPrivate::AOTCompiledContext *aotContext, void **argv) {
Q_UNUSED(aotContext)
Q_UNUSED(argv)
// expression for fill at line 255, column 29
QObject *r2_0;
// generate_LoadQmlContextPropertyLookup
#ifndef QT_NO_DEBUG
aotContext->setInstructionPointer(5);
#endif
while (!aotContext->loadScopeObjectPropertyLookup(158, &r2_0)) {
#ifdef QT_NO_DEBUG
aotContext->setInstructionPointer(5);
#endif
aotContext->initLoadScopeObjectPropertyLookup(158, []() { static const auto t = QMetaType::fromName("QQuickItem*"); return t; }());
if (aotContext->engine->hasError()) {
aotContext->setReturnValueUndefined();
if (argv[0]) {
    *static_cast<QObject * *>(argv[0]) = nullptr;
}
return;
}
}
{
}
{
}
// generate_Ret
if (argv[0]) {
    *static_cast<QObject * *>(argv[0]) = r2_0;
}
return;
}
 },{ 48, 0, [](QV4::ExecutableCompilationUnit *unit, QMetaType *argTypes) {
    struct { QV4::ExecutableCompilationUnit *compilationUnit; } c { unit };
    const auto *aotContext = &c;
    Q_UNUSED(aotContext);
    argTypes[0] = QMetaType();
}, 
    [](const QQmlPrivate::AOTCompiledContext *aotContext, void **argv) {
Q_UNUSED(aotContext)
Q_UNUSED(argv)
// expression for onTriggered at line 296, column 9
// generate_CreateCallContext
{
{
}
// generate_CallQmlContextPropertyLookup
{
void *args[] = { nullptr };
const QMetaType types[] = { QMetaType() };
#ifndef QT_NO_DEBUG
aotContext->setInstructionPointer(14);
#endif
while (!aotContext->callQmlContextPropertyLookup(162, args, types, 0)) {
#ifdef QT_NO_DEBUG
aotContext->setInstructionPointer(14);
#endif
aotContext->initCallQmlContextPropertyLookup(162);
if (aotContext->engine->hasError()) {
aotContext->setReturnValueUndefined();
return;
}
}
}
{
}
{
}
// generate_PopContext
{}
}
{
}
{
}
// generate_Ret
return;
}
 },{ 58, 0, [](QV4::ExecutableCompilationUnit *unit, QMetaType *argTypes) {
    struct { QV4::ExecutableCompilationUnit *compilationUnit; } c { unit };
    const auto *aotContext = &c;
    Q_UNUSED(aotContext);
    argTypes[0] = []() { static const auto t = QMetaType::fromName("QQuickText::VAlignment"); return t; }();
}, 
    [](const QQmlPrivate::AOTCompiledContext *aotContext, void **argv) {
Q_UNUSED(aotContext)
Q_UNUSED(argv)
// expression for verticalAlignment at line 337, column 13
int r2_0;
{
}
// generate_GetLookup
#ifndef QT_NO_DEBUG
aotContext->setInstructionPointer(10);
#endif
while (!aotContext->getEnumLookup(231, &r2_0)) {
#ifdef QT_NO_DEBUG
aotContext->setInstructionPointer(10);
#endif
aotContext->initGetEnumLookup(231, []() { static const auto t = QMetaType::fromName("QQuickText*"); return t; }().metaObject(), "VAlignment", "AlignVCenter");
if (aotContext->engine->hasError()) {
aotContext->setReturnValueUndefined();
if (argv[0]) {
    const QMetaType returnType = []() { static const auto t = QMetaType::fromName("QQuickText::VAlignment"); return t; }();
    returnType.destruct(argv[0]);
    returnType.construct(argv[0]);
 }
return;
}
}
{
}
{
}
// generate_Ret
if (argv[0]) {
    const QMetaType returnType = QMetaType::fromType<int>();
    returnType.destruct(argv[0]);
    returnType.construct(argv[0], &r2_0);
}
return;
}
 },{ 68, 0, [](QV4::ExecutableCompilationUnit *unit, QMetaType *argTypes) {
    struct { QV4::ExecutableCompilationUnit *compilationUnit; } c { unit };
    const auto *aotContext = &c;
    Q_UNUSED(aotContext);
    argTypes[0] = []() { static const auto t = QMetaType::fromName("QQuickText::VAlignment"); return t; }();
}, 
    [](const QQmlPrivate::AOTCompiledContext *aotContext, void **argv) {
Q_UNUSED(aotContext)
Q_UNUSED(argv)
// expression for verticalAlignment at line 368, column 13
int r2_0;
{
}
// generate_GetLookup
#ifndef QT_NO_DEBUG
aotContext->setInstructionPointer(10);
#endif
while (!aotContext->getEnumLookup(252, &r2_0)) {
#ifdef QT_NO_DEBUG
aotContext->setInstructionPointer(10);
#endif
aotContext->initGetEnumLookup(252, []() { static const auto t = QMetaType::fromName("QQuickText*"); return t; }().metaObject(), "VAlignment", "AlignVCenter");
if (aotContext->engine->hasError()) {
aotContext->setReturnValueUndefined();
if (argv[0]) {
    const QMetaType returnType = []() { static const auto t = QMetaType::fromName("QQuickText::VAlignment"); return t; }();
    returnType.destruct(argv[0]);
    returnType.construct(argv[0]);
 }
return;
}
}
{
}
{
}
// generate_Ret
if (argv[0]) {
    const QMetaType returnType = QMetaType::fromType<int>();
    returnType.destruct(argv[0]);
    returnType.construct(argv[0], &r2_0);
}
return;
}
 },{ 78, 0, [](QV4::ExecutableCompilationUnit *unit, QMetaType *argTypes) {
    struct { QV4::ExecutableCompilationUnit *compilationUnit; } c { unit };
    const auto *aotContext = &c;
    Q_UNUSED(aotContext);
    argTypes[0] = []() { static const auto t = QMetaType::fromName("QQuickText::VAlignment"); return t; }();
}, 
    [](const QQmlPrivate::AOTCompiledContext *aotContext, void **argv) {
Q_UNUSED(aotContext)
Q_UNUSED(argv)
// expression for verticalAlignment at line 406, column 13
int r2_0;
{
}
// generate_GetLookup
#ifndef QT_NO_DEBUG
aotContext->setInstructionPointer(10);
#endif
while (!aotContext->getEnumLookup(273, &r2_0)) {
#ifdef QT_NO_DEBUG
aotContext->setInstructionPointer(10);
#endif
aotContext->initGetEnumLookup(273, []() { static const auto t = QMetaType::fromName("QQuickText*"); return t; }().metaObject(), "VAlignment", "AlignVCenter");
if (aotContext->engine->hasError()) {
aotContext->setReturnValueUndefined();
if (argv[0]) {
    const QMetaType returnType = []() { static const auto t = QMetaType::fromName("QQuickText::VAlignment"); return t; }();
    returnType.destruct(argv[0]);
    returnType.construct(argv[0]);
 }
return;
}
}
{
}
{
}
// generate_Ret
if (argv[0]) {
    const QMetaType returnType = QMetaType::fromType<int>();
    returnType.destruct(argv[0]);
    returnType.construct(argv[0], &r2_0);
}
return;
}
 },{ 93, 0, [](QV4::ExecutableCompilationUnit *unit, QMetaType *argTypes) {
    struct { QV4::ExecutableCompilationUnit *compilationUnit; } c { unit };
    const auto *aotContext = &c;
    Q_UNUSED(aotContext);
    argTypes[0] = []() { static const auto t = QMetaType::fromName("QQuickText::VAlignment"); return t; }();
}, 
    [](const QQmlPrivate::AOTCompiledContext *aotContext, void **argv) {
Q_UNUSED(aotContext)
Q_UNUSED(argv)
// expression for verticalAlignment at line 485, column 13
int r2_0;
{
}
// generate_GetLookup
#ifndef QT_NO_DEBUG
aotContext->setInstructionPointer(10);
#endif
while (!aotContext->getEnumLookup(520, &r2_0)) {
#ifdef QT_NO_DEBUG
aotContext->setInstructionPointer(10);
#endif
aotContext->initGetEnumLookup(520, []() { static const auto t = QMetaType::fromName("QQuickText*"); return t; }().metaObject(), "VAlignment", "AlignVCenter");
if (aotContext->engine->hasError()) {
aotContext->setReturnValueUndefined();
if (argv[0]) {
    const QMetaType returnType = []() { static const auto t = QMetaType::fromName("QQuickText::VAlignment"); return t; }();
    returnType.destruct(argv[0]);
    returnType.construct(argv[0]);
 }
return;
}
}
{
}
{
}
// generate_Ret
if (argv[0]) {
    const QMetaType returnType = QMetaType::fromType<int>();
    returnType.destruct(argv[0]);
    returnType.construct(argv[0], &r2_0);
}
return;
}
 },{ 105, 0, [](QV4::ExecutableCompilationUnit *unit, QMetaType *argTypes) {
    struct { QV4::ExecutableCompilationUnit *compilationUnit; } c { unit };
    const auto *aotContext = &c;
    Q_UNUSED(aotContext);
    argTypes[0] = []() { static const auto t = QMetaType::fromName("QQuickText::VAlignment"); return t; }();
}, 
    [](const QQmlPrivate::AOTCompiledContext *aotContext, void **argv) {
Q_UNUSED(aotContext)
Q_UNUSED(argv)
// expression for verticalAlignment at line 539, column 13
int r2_0;
{
}
// generate_GetLookup
#ifndef QT_NO_DEBUG
aotContext->setInstructionPointer(10);
#endif
while (!aotContext->getEnumLookup(548, &r2_0)) {
#ifdef QT_NO_DEBUG
aotContext->setInstructionPointer(10);
#endif
aotContext->initGetEnumLookup(548, []() { static const auto t = QMetaType::fromName("QQuickText*"); return t; }().metaObject(), "VAlignment", "AlignVCenter");
if (aotContext->engine->hasError()) {
aotContext->setReturnValueUndefined();
if (argv[0]) {
    const QMetaType returnType = []() { static const auto t = QMetaType::fromName("QQuickText::VAlignment"); return t; }();
    returnType.destruct(argv[0]);
    returnType.construct(argv[0]);
 }
return;
}
}
{
}
{
}
// generate_Ret
if (argv[0]) {
    const QMetaType returnType = QMetaType::fromType<int>();
    returnType.destruct(argv[0]);
    returnType.construct(argv[0], &r2_0);
}
return;
}
 },{ 113, 0, [](QV4::ExecutableCompilationUnit *unit, QMetaType *argTypes) {
    struct { QV4::ExecutableCompilationUnit *compilationUnit; } c { unit };
    const auto *aotContext = &c;
    Q_UNUSED(aotContext);
    argTypes[0] = QMetaType::fromType<double>();
}, 
    [](const QQmlPrivate::AOTCompiledContext *aotContext, void **argv) {
Q_UNUSED(aotContext)
Q_UNUSED(argv)
// expression for width at line 565, column 9
double r7_0;
double r2_1;
double r2_2;
QObject *r2_0;
// generate_LoadQmlContextPropertyLookup
#ifndef QT_NO_DEBUG
aotContext->setInstructionPointer(5);
#endif
while (!aotContext->loadScopeObjectPropertyLookup(568, &r2_0)) {
#ifdef QT_NO_DEBUG
aotContext->setInstructionPointer(5);
#endif
aotContext->initLoadScopeObjectPropertyLookup(568, []() { static const auto t = QMetaType::fromName("QQuickItem*"); return t; }());
if (aotContext->engine->hasError()) {
aotContext->setReturnValueUndefined();
if (argv[0]) {
    *static_cast<double *>(argv[0]) = double();
}
return;
}
}
{
}
// generate_GetLookup
#ifndef QT_NO_DEBUG
aotContext->setInstructionPointer(10);
#endif
while (!aotContext->getObjectLookup(569, r2_0, &r2_1)) {
#ifdef QT_NO_DEBUG
aotContext->setInstructionPointer(10);
#endif
aotContext->initGetObjectLookup(569, r2_0, QMetaType::fromType<double>());
if (aotContext->engine->hasError()) {
aotContext->setReturnValueUndefined();
if (argv[0]) {
    *static_cast<double *>(argv[0]) = double();
}
return;
}
}
{
}
// generate_StoreReg
r7_0 = r2_1;
{
}
// generate_LoadInt
r2_2 = double(5);
{
}
// generate_Div
r2_2 = (r7_0 / r2_2);
{
}
{
}
// generate_Ret
if (argv[0]) {
    *static_cast<double *>(argv[0]) = r2_2;
}
return;
}
 },{ 115, 0, [](QV4::ExecutableCompilationUnit *unit, QMetaType *argTypes) {
    struct { QV4::ExecutableCompilationUnit *compilationUnit; } c { unit };
    const auto *aotContext = &c;
    Q_UNUSED(aotContext);
    argTypes[0] = []() { static const auto t = QMetaType::fromName("QQuickText::VAlignment"); return t; }();
}, 
    [](const QQmlPrivate::AOTCompiledContext *aotContext, void **argv) {
Q_UNUSED(aotContext)
Q_UNUSED(argv)
// expression for verticalAlignment at line 570, column 9
int r2_0;
{
}
// generate_GetLookup
#ifndef QT_NO_DEBUG
aotContext->setInstructionPointer(10);
#endif
while (!aotContext->getEnumLookup(574, &r2_0)) {
#ifdef QT_NO_DEBUG
aotContext->setInstructionPointer(10);
#endif
aotContext->initGetEnumLookup(574, []() { static const auto t = QMetaType::fromName("QQuickText*"); return t; }().metaObject(), "VAlignment", "AlignVCenter");
if (aotContext->engine->hasError()) {
aotContext->setReturnValueUndefined();
if (argv[0]) {
    const QMetaType returnType = []() { static const auto t = QMetaType::fromName("QQuickText::VAlignment"); return t; }();
    returnType.destruct(argv[0]);
    returnType.construct(argv[0]);
 }
return;
}
}
{
}
{
}
// generate_Ret
if (argv[0]) {
    const QMetaType returnType = QMetaType::fromType<int>();
    returnType.destruct(argv[0]);
    returnType.construct(argv[0], &r2_0);
}
return;
}
 },{ 116, 0, [](QV4::ExecutableCompilationUnit *unit, QMetaType *argTypes) {
    struct { QV4::ExecutableCompilationUnit *compilationUnit; } c { unit };
    const auto *aotContext = &c;
    Q_UNUSED(aotContext);
    argTypes[0] = QMetaType::fromType<int>();
}, 
    [](const QQmlPrivate::AOTCompiledContext *aotContext, void **argv) {
Q_UNUSED(aotContext)
Q_UNUSED(argv)
// expression for pixelSize at line 569, column 9
int r2_3;
double r7_0;
double r2_2;
QObject *r2_0;
double r2_1;
// generate_LoadQmlContextPropertyLookup
#ifndef QT_NO_DEBUG
aotContext->setInstructionPointer(5);
#endif
while (!aotContext->loadScopeObjectPropertyLookup(575, &r2_0)) {
#ifdef QT_NO_DEBUG
aotContext->setInstructionPointer(5);
#endif
aotContext->initLoadScopeObjectPropertyLookup(575, []() { static const auto t = QMetaType::fromName("QQuickItem*"); return t; }());
if (aotContext->engine->hasError()) {
aotContext->setReturnValueUndefined();
if (argv[0]) {
    *static_cast<int *>(argv[0]) = int();
}
return;
}
}
{
}
// generate_GetLookup
#ifndef QT_NO_DEBUG
aotContext->setInstructionPointer(10);
#endif
while (!aotContext->getObjectLookup(576, r2_0, &r2_1)) {
#ifdef QT_NO_DEBUG
aotContext->setInstructionPointer(10);
#endif
aotContext->initGetObjectLookup(576, r2_0, QMetaType::fromType<double>());
if (aotContext->engine->hasError()) {
aotContext->setReturnValueUndefined();
if (argv[0]) {
    *static_cast<int *>(argv[0]) = int();
}
return;
}
}
{
}
// generate_StoreReg
r7_0 = r2_1;
{
}
// generate_LoadInt
r2_2 = double(30);
{
}
// generate_Div
r2_3 = QJSNumberCoercion::toInteger((r7_0 / r2_2));
{
}
{
}
// generate_Ret
if (argv[0]) {
    *static_cast<int *>(argv[0]) = r2_3;
}
return;
}
 },{ 129, 0, [](QV4::ExecutableCompilationUnit *unit, QMetaType *argTypes) {
    struct { QV4::ExecutableCompilationUnit *compilationUnit; } c { unit };
    const auto *aotContext = &c;
    Q_UNUSED(aotContext);
    argTypes[0] = QMetaType::fromType<double>();
}, 
    [](const QQmlPrivate::AOTCompiledContext *aotContext, void **argv) {
Q_UNUSED(aotContext)
Q_UNUSED(argv)
// expression for width at line 600, column 9
QObject *r2_0;
double r2_2;
double r2_1;
double r7_0;
// generate_LoadQmlContextPropertyLookup
#ifndef QT_NO_DEBUG
aotContext->setInstructionPointer(5);
#endif
while (!aotContext->loadScopeObjectPropertyLookup(608, &r2_0)) {
#ifdef QT_NO_DEBUG
aotContext->setInstructionPointer(5);
#endif
aotContext->initLoadScopeObjectPropertyLookup(608, []() { static const auto t = QMetaType::fromName("QQuickItem*"); return t; }());
if (aotContext->engine->hasError()) {
aotContext->setReturnValueUndefined();
if (argv[0]) {
    *static_cast<double *>(argv[0]) = double();
}
return;
}
}
{
}
// generate_GetLookup
#ifndef QT_NO_DEBUG
aotContext->setInstructionPointer(10);
#endif
while (!aotContext->getObjectLookup(609, r2_0, &r2_1)) {
#ifdef QT_NO_DEBUG
aotContext->setInstructionPointer(10);
#endif
aotContext->initGetObjectLookup(609, r2_0, QMetaType::fromType<double>());
if (aotContext->engine->hasError()) {
aotContext->setReturnValueUndefined();
if (argv[0]) {
    *static_cast<double *>(argv[0]) = double();
}
return;
}
}
{
}
// generate_StoreReg
r7_0 = r2_1;
{
}
// generate_LoadInt
r2_2 = double(5);
{
}
// generate_Div
r2_2 = (r7_0 / r2_2);
{
}
{
}
// generate_Ret
if (argv[0]) {
    *static_cast<double *>(argv[0]) = r2_2;
}
return;
}
 },{ 131, 0, [](QV4::ExecutableCompilationUnit *unit, QMetaType *argTypes) {
    struct { QV4::ExecutableCompilationUnit *compilationUnit; } c { unit };
    const auto *aotContext = &c;
    Q_UNUSED(aotContext);
    argTypes[0] = []() { static const auto t = QMetaType::fromName("QQuickText::VAlignment"); return t; }();
}, 
    [](const QQmlPrivate::AOTCompiledContext *aotContext, void **argv) {
Q_UNUSED(aotContext)
Q_UNUSED(argv)
// expression for verticalAlignment at line 605, column 9
int r2_0;
{
}
// generate_GetLookup
#ifndef QT_NO_DEBUG
aotContext->setInstructionPointer(10);
#endif
while (!aotContext->getEnumLookup(614, &r2_0)) {
#ifdef QT_NO_DEBUG
aotContext->setInstructionPointer(10);
#endif
aotContext->initGetEnumLookup(614, []() { static const auto t = QMetaType::fromName("QQuickText*"); return t; }().metaObject(), "VAlignment", "AlignVCenter");
if (aotContext->engine->hasError()) {
aotContext->setReturnValueUndefined();
if (argv[0]) {
    const QMetaType returnType = []() { static const auto t = QMetaType::fromName("QQuickText::VAlignment"); return t; }();
    returnType.destruct(argv[0]);
    returnType.construct(argv[0]);
 }
return;
}
}
{
}
{
}
// generate_Ret
if (argv[0]) {
    const QMetaType returnType = QMetaType::fromType<int>();
    returnType.destruct(argv[0]);
    returnType.construct(argv[0], &r2_0);
}
return;
}
 },{ 132, 0, [](QV4::ExecutableCompilationUnit *unit, QMetaType *argTypes) {
    struct { QV4::ExecutableCompilationUnit *compilationUnit; } c { unit };
    const auto *aotContext = &c;
    Q_UNUSED(aotContext);
    argTypes[0] = QMetaType::fromType<int>();
}, 
    [](const QQmlPrivate::AOTCompiledContext *aotContext, void **argv) {
Q_UNUSED(aotContext)
Q_UNUSED(argv)
// expression for pixelSize at line 604, column 9
QObject *r2_0;
int r2_3;
double r2_2;
double r7_0;
double r2_1;
// generate_LoadQmlContextPropertyLookup
#ifndef QT_NO_DEBUG
aotContext->setInstructionPointer(5);
#endif
while (!aotContext->loadScopeObjectPropertyLookup(615, &r2_0)) {
#ifdef QT_NO_DEBUG
aotContext->setInstructionPointer(5);
#endif
aotContext->initLoadScopeObjectPropertyLookup(615, []() { static const auto t = QMetaType::fromName("QQuickItem*"); return t; }());
if (aotContext->engine->hasError()) {
aotContext->setReturnValueUndefined();
if (argv[0]) {
    *static_cast<int *>(argv[0]) = int();
}
return;
}
}
{
}
// generate_GetLookup
#ifndef QT_NO_DEBUG
aotContext->setInstructionPointer(10);
#endif
while (!aotContext->getObjectLookup(616, r2_0, &r2_1)) {
#ifdef QT_NO_DEBUG
aotContext->setInstructionPointer(10);
#endif
aotContext->initGetObjectLookup(616, r2_0, QMetaType::fromType<double>());
if (aotContext->engine->hasError()) {
aotContext->setReturnValueUndefined();
if (argv[0]) {
    *static_cast<int *>(argv[0]) = int();
}
return;
}
}
{
}
// generate_StoreReg
r7_0 = r2_1;
{
}
// generate_LoadInt
r2_2 = double(30);
{
}
// generate_Div
r2_3 = QJSNumberCoercion::toInteger((r7_0 / r2_2));
{
}
{
}
// generate_Ret
if (argv[0]) {
    *static_cast<int *>(argv[0]) = r2_3;
}
return;
}
 },{ 148, 0, [](QV4::ExecutableCompilationUnit *unit, QMetaType *argTypes) {
    struct { QV4::ExecutableCompilationUnit *compilationUnit; } c { unit };
    const auto *aotContext = &c;
    Q_UNUSED(aotContext);
    argTypes[0] = []() { static const auto t = QMetaType::fromName("QQuickText::VAlignment"); return t; }();
}, 
    [](const QQmlPrivate::AOTCompiledContext *aotContext, void **argv) {
Q_UNUSED(aotContext)
Q_UNUSED(argv)
// expression for verticalAlignment at line 642, column 13
int r2_0;
{
}
// generate_GetLookup
#ifndef QT_NO_DEBUG
aotContext->setInstructionPointer(10);
#endif
while (!aotContext->getEnumLookup(662, &r2_0)) {
#ifdef QT_NO_DEBUG
aotContext->setInstructionPointer(10);
#endif
aotContext->initGetEnumLookup(662, []() { static const auto t = QMetaType::fromName("QQuickText*"); return t; }().metaObject(), "VAlignment", "AlignVCenter");
if (aotContext->engine->hasError()) {
aotContext->setReturnValueUndefined();
if (argv[0]) {
    const QMetaType returnType = []() { static const auto t = QMetaType::fromName("QQuickText::VAlignment"); return t; }();
    returnType.destruct(argv[0]);
    returnType.construct(argv[0]);
 }
return;
}
}
{
}
{
}
// generate_Ret
if (argv[0]) {
    const QMetaType returnType = QMetaType::fromType<int>();
    returnType.destruct(argv[0]);
    returnType.construct(argv[0], &r2_0);
}
return;
}
 },{ 169, 0, [](QV4::ExecutableCompilationUnit *unit, QMetaType *argTypes) {
    struct { QV4::ExecutableCompilationUnit *compilationUnit; } c { unit };
    const auto *aotContext = &c;
    Q_UNUSED(aotContext);
    argTypes[0] = QMetaType::fromType<double>();
}, 
    [](const QQmlPrivate::AOTCompiledContext *aotContext, void **argv) {
Q_UNUSED(aotContext)
Q_UNUSED(argv)
// expression for width at line 691, column 9
double r7_0;
QObject *r2_0;
double r2_1;
double r2_2;
// generate_LoadQmlContextPropertyLookup
#ifndef QT_NO_DEBUG
aotContext->setInstructionPointer(5);
#endif
while (!aotContext->loadScopeObjectPropertyLookup(716, &r2_0)) {
#ifdef QT_NO_DEBUG
aotContext->setInstructionPointer(5);
#endif
aotContext->initLoadScopeObjectPropertyLookup(716, []() { static const auto t = QMetaType::fromName("QQuickItem*"); return t; }());
if (aotContext->engine->hasError()) {
aotContext->setReturnValueUndefined();
if (argv[0]) {
    *static_cast<double *>(argv[0]) = double();
}
return;
}
}
{
}
// generate_GetLookup
#ifndef QT_NO_DEBUG
aotContext->setInstructionPointer(10);
#endif
while (!aotContext->getObjectLookup(717, r2_0, &r2_1)) {
#ifdef QT_NO_DEBUG
aotContext->setInstructionPointer(10);
#endif
aotContext->initGetObjectLookup(717, r2_0, QMetaType::fromType<double>());
if (aotContext->engine->hasError()) {
aotContext->setReturnValueUndefined();
if (argv[0]) {
    *static_cast<double *>(argv[0]) = double();
}
return;
}
}
{
}
// generate_StoreReg
r7_0 = r2_1;
{
}
// generate_LoadInt
r2_2 = double(4);
{
}
// generate_Div
r2_2 = (r7_0 / r2_2);
{
}
{
}
// generate_Ret
if (argv[0]) {
    *static_cast<double *>(argv[0]) = r2_2;
}
return;
}
 },{ 171, 0, [](QV4::ExecutableCompilationUnit *unit, QMetaType *argTypes) {
    struct { QV4::ExecutableCompilationUnit *compilationUnit; } c { unit };
    const auto *aotContext = &c;
    Q_UNUSED(aotContext);
    argTypes[0] = []() { static const auto t = QMetaType::fromName("QQuickText::VAlignment"); return t; }();
}, 
    [](const QQmlPrivate::AOTCompiledContext *aotContext, void **argv) {
Q_UNUSED(aotContext)
Q_UNUSED(argv)
// expression for verticalAlignment at line 696, column 9
int r2_0;
{
}
// generate_GetLookup
#ifndef QT_NO_DEBUG
aotContext->setInstructionPointer(10);
#endif
while (!aotContext->getEnumLookup(722, &r2_0)) {
#ifdef QT_NO_DEBUG
aotContext->setInstructionPointer(10);
#endif
aotContext->initGetEnumLookup(722, []() { static const auto t = QMetaType::fromName("QQuickText*"); return t; }().metaObject(), "VAlignment", "AlignVCenter");
if (aotContext->engine->hasError()) {
aotContext->setReturnValueUndefined();
if (argv[0]) {
    const QMetaType returnType = []() { static const auto t = QMetaType::fromName("QQuickText::VAlignment"); return t; }();
    returnType.destruct(argv[0]);
    returnType.construct(argv[0]);
 }
return;
}
}
{
}
{
}
// generate_Ret
if (argv[0]) {
    const QMetaType returnType = QMetaType::fromType<int>();
    returnType.destruct(argv[0]);
    returnType.construct(argv[0], &r2_0);
}
return;
}
 },{ 172, 0, [](QV4::ExecutableCompilationUnit *unit, QMetaType *argTypes) {
    struct { QV4::ExecutableCompilationUnit *compilationUnit; } c { unit };
    const auto *aotContext = &c;
    Q_UNUSED(aotContext);
    argTypes[0] = QMetaType::fromType<int>();
}, 
    [](const QQmlPrivate::AOTCompiledContext *aotContext, void **argv) {
Q_UNUSED(aotContext)
Q_UNUSED(argv)
// expression for pixelSize at line 695, column 9
QObject *r2_0;
int r2_3;
double r2_2;
double r7_0;
double r2_1;
// generate_LoadQmlContextPropertyLookup
#ifndef QT_NO_DEBUG
aotContext->setInstructionPointer(5);
#endif
while (!aotContext->loadScopeObjectPropertyLookup(723, &r2_0)) {
#ifdef QT_NO_DEBUG
aotContext->setInstructionPointer(5);
#endif
aotContext->initLoadScopeObjectPropertyLookup(723, []() { static const auto t = QMetaType::fromName("QQuickItem*"); return t; }());
if (aotContext->engine->hasError()) {
aotContext->setReturnValueUndefined();
if (argv[0]) {
    *static_cast<int *>(argv[0]) = int();
}
return;
}
}
{
}
// generate_GetLookup
#ifndef QT_NO_DEBUG
aotContext->setInstructionPointer(10);
#endif
while (!aotContext->getObjectLookup(724, r2_0, &r2_1)) {
#ifdef QT_NO_DEBUG
aotContext->setInstructionPointer(10);
#endif
aotContext->initGetObjectLookup(724, r2_0, QMetaType::fromType<double>());
if (aotContext->engine->hasError()) {
aotContext->setReturnValueUndefined();
if (argv[0]) {
    *static_cast<int *>(argv[0]) = int();
}
return;
}
}
{
}
// generate_StoreReg
r7_0 = r2_1;
{
}
// generate_LoadInt
r2_2 = double(40);
{
}
// generate_Div
r2_3 = QJSNumberCoercion::toInteger((r7_0 / r2_2));
{
}
{
}
// generate_Ret
if (argv[0]) {
    *static_cast<int *>(argv[0]) = r2_3;
}
return;
}
 },{ 179, 0, [](QV4::ExecutableCompilationUnit *unit, QMetaType *argTypes) {
    struct { QV4::ExecutableCompilationUnit *compilationUnit; } c { unit };
    const auto *aotContext = &c;
    Q_UNUSED(aotContext);
    argTypes[0] = QMetaType::fromType<double>();
}, 
    [](const QQmlPrivate::AOTCompiledContext *aotContext, void **argv) {
Q_UNUSED(aotContext)
Q_UNUSED(argv)
// expression for width at line 720, column 9
double r2_1;
double r7_0;
QObject *r2_0;
double r2_2;
// generate_LoadQmlContextPropertyLookup
#ifndef QT_NO_DEBUG
aotContext->setInstructionPointer(5);
#endif
while (!aotContext->loadScopeObjectPropertyLookup(746, &r2_0)) {
#ifdef QT_NO_DEBUG
aotContext->setInstructionPointer(5);
#endif
aotContext->initLoadScopeObjectPropertyLookup(746, []() { static const auto t = QMetaType::fromName("QQuickItem*"); return t; }());
if (aotContext->engine->hasError()) {
aotContext->setReturnValueUndefined();
if (argv[0]) {
    *static_cast<double *>(argv[0]) = double();
}
return;
}
}
{
}
// generate_GetLookup
#ifndef QT_NO_DEBUG
aotContext->setInstructionPointer(10);
#endif
while (!aotContext->getObjectLookup(747, r2_0, &r2_1)) {
#ifdef QT_NO_DEBUG
aotContext->setInstructionPointer(10);
#endif
aotContext->initGetObjectLookup(747, r2_0, QMetaType::fromType<double>());
if (aotContext->engine->hasError()) {
aotContext->setReturnValueUndefined();
if (argv[0]) {
    *static_cast<double *>(argv[0]) = double();
}
return;
}
}
{
}
// generate_StoreReg
r7_0 = r2_1;
{
}
// generate_LoadInt
r2_2 = double(3);
{
}
// generate_Div
r2_2 = (r7_0 / r2_2);
{
}
{
}
// generate_Ret
if (argv[0]) {
    *static_cast<double *>(argv[0]) = r2_2;
}
return;
}
 },{ 181, 0, [](QV4::ExecutableCompilationUnit *unit, QMetaType *argTypes) {
    struct { QV4::ExecutableCompilationUnit *compilationUnit; } c { unit };
    const auto *aotContext = &c;
    Q_UNUSED(aotContext);
    argTypes[0] = QMetaType::fromType<int>();
}, 
    [](const QQmlPrivate::AOTCompiledContext *aotContext, void **argv) {
Q_UNUSED(aotContext)
Q_UNUSED(argv)
// expression for pixelSize at line 724, column 9
double r7_0;
QObject *r2_0;
double r2_1;
int r2_3;
double r2_2;
// generate_LoadQmlContextPropertyLookup
#ifndef QT_NO_DEBUG
aotContext->setInstructionPointer(5);
#endif
while (!aotContext->loadScopeObjectPropertyLookup(751, &r2_0)) {
#ifdef QT_NO_DEBUG
aotContext->setInstructionPointer(5);
#endif
aotContext->initLoadScopeObjectPropertyLookup(751, []() { static const auto t = QMetaType::fromName("QQuickItem*"); return t; }());
if (aotContext->engine->hasError()) {
aotContext->setReturnValueUndefined();
if (argv[0]) {
    *static_cast<int *>(argv[0]) = int();
}
return;
}
}
{
}
// generate_GetLookup
#ifndef QT_NO_DEBUG
aotContext->setInstructionPointer(10);
#endif
while (!aotContext->getObjectLookup(752, r2_0, &r2_1)) {
#ifdef QT_NO_DEBUG
aotContext->setInstructionPointer(10);
#endif
aotContext->initGetObjectLookup(752, r2_0, QMetaType::fromType<double>());
if (aotContext->engine->hasError()) {
aotContext->setReturnValueUndefined();
if (argv[0]) {
    *static_cast<int *>(argv[0]) = int();
}
return;
}
}
{
}
// generate_StoreReg
r7_0 = r2_1;
{
}
// generate_LoadInt
r2_2 = double(40);
{
}
// generate_Div
r2_3 = QJSNumberCoercion::toInteger((r7_0 / r2_2));
{
}
{
}
// generate_Ret
if (argv[0]) {
    *static_cast<int *>(argv[0]) = r2_3;
}
return;
}
 },{ 183, 0, [](QV4::ExecutableCompilationUnit *unit, QMetaType *argTypes) {
    struct { QV4::ExecutableCompilationUnit *compilationUnit; } c { unit };
    const auto *aotContext = &c;
    Q_UNUSED(aotContext);
    argTypes[0] = QMetaType::fromType<double>();
}, 
    [](const QQmlPrivate::AOTCompiledContext *aotContext, void **argv) {
Q_UNUSED(aotContext)
Q_UNUSED(argv)
// expression for width at line 735, column 9
double r7_0;
double r2_1;
double r2_2;
QObject *r2_0;
// generate_LoadQmlContextPropertyLookup
#ifndef QT_NO_DEBUG
aotContext->setInstructionPointer(5);
#endif
while (!aotContext->loadScopeObjectPropertyLookup(756, &r2_0)) {
#ifdef QT_NO_DEBUG
aotContext->setInstructionPointer(5);
#endif
aotContext->initLoadScopeObjectPropertyLookup(756, []() { static const auto t = QMetaType::fromName("QQuickItem*"); return t; }());
if (aotContext->engine->hasError()) {
aotContext->setReturnValueUndefined();
if (argv[0]) {
    *static_cast<double *>(argv[0]) = double();
}
return;
}
}
{
}
// generate_GetLookup
#ifndef QT_NO_DEBUG
aotContext->setInstructionPointer(10);
#endif
while (!aotContext->getObjectLookup(757, r2_0, &r2_1)) {
#ifdef QT_NO_DEBUG
aotContext->setInstructionPointer(10);
#endif
aotContext->initGetObjectLookup(757, r2_0, QMetaType::fromType<double>());
if (aotContext->engine->hasError()) {
aotContext->setReturnValueUndefined();
if (argv[0]) {
    *static_cast<double *>(argv[0]) = double();
}
return;
}
}
{
}
// generate_StoreReg
r7_0 = r2_1;
{
}
// generate_LoadInt
r2_2 = double(3);
{
}
// generate_Div
r2_2 = (r7_0 / r2_2);
{
}
{
}
// generate_Ret
if (argv[0]) {
    *static_cast<double *>(argv[0]) = r2_2;
}
return;
}
 },{ 185, 0, [](QV4::ExecutableCompilationUnit *unit, QMetaType *argTypes) {
    struct { QV4::ExecutableCompilationUnit *compilationUnit; } c { unit };
    const auto *aotContext = &c;
    Q_UNUSED(aotContext);
    argTypes[0] = QMetaType::fromType<int>();
}, 
    [](const QQmlPrivate::AOTCompiledContext *aotContext, void **argv) {
Q_UNUSED(aotContext)
Q_UNUSED(argv)
// expression for pixelSize at line 740, column 9
double r7_0;
double r2_1;
int r2_3;
double r2_2;
QObject *r2_0;
// generate_LoadQmlContextPropertyLookup
#ifndef QT_NO_DEBUG
aotContext->setInstructionPointer(5);
#endif
while (!aotContext->loadScopeObjectPropertyLookup(761, &r2_0)) {
#ifdef QT_NO_DEBUG
aotContext->setInstructionPointer(5);
#endif
aotContext->initLoadScopeObjectPropertyLookup(761, []() { static const auto t = QMetaType::fromName("QQuickItem*"); return t; }());
if (aotContext->engine->hasError()) {
aotContext->setReturnValueUndefined();
if (argv[0]) {
    *static_cast<int *>(argv[0]) = int();
}
return;
}
}
{
}
// generate_GetLookup
#ifndef QT_NO_DEBUG
aotContext->setInstructionPointer(10);
#endif
while (!aotContext->getObjectLookup(762, r2_0, &r2_1)) {
#ifdef QT_NO_DEBUG
aotContext->setInstructionPointer(10);
#endif
aotContext->initGetObjectLookup(762, r2_0, QMetaType::fromType<double>());
if (aotContext->engine->hasError()) {
aotContext->setReturnValueUndefined();
if (argv[0]) {
    *static_cast<int *>(argv[0]) = int();
}
return;
}
}
{
}
// generate_StoreReg
r7_0 = r2_1;
{
}
// generate_LoadInt
r2_2 = double(40);
{
}
// generate_Div
r2_3 = QJSNumberCoercion::toInteger((r7_0 / r2_2));
{
}
{
}
// generate_Ret
if (argv[0]) {
    *static_cast<int *>(argv[0]) = r2_3;
}
return;
}
 },{ 186, 0, [](QV4::ExecutableCompilationUnit *unit, QMetaType *argTypes) {
    struct { QV4::ExecutableCompilationUnit *compilationUnit; } c { unit };
    const auto *aotContext = &c;
    Q_UNUSED(aotContext);
    argTypes[0] = QMetaType::fromType<double>();
}, 
    [](const QQmlPrivate::AOTCompiledContext *aotContext, void **argv) {
Q_UNUSED(aotContext)
Q_UNUSED(argv)
// expression for x at line 746, column 9
QObject *r2_0;
double r2_2;
double r2_1;
double r7_0;
// generate_LoadQmlContextPropertyLookup
#ifndef QT_NO_DEBUG
aotContext->setInstructionPointer(5);
#endif
while (!aotContext->loadScopeObjectPropertyLookup(763, &r2_0)) {
#ifdef QT_NO_DEBUG
aotContext->setInstructionPointer(5);
#endif
aotContext->initLoadScopeObjectPropertyLookup(763, []() { static const auto t = QMetaType::fromName("QQuickItem*"); return t; }());
if (aotContext->engine->hasError()) {
aotContext->setReturnValueUndefined();
if (argv[0]) {
    *static_cast<double *>(argv[0]) = double();
}
return;
}
}
{
}
// generate_GetLookup
#ifndef QT_NO_DEBUG
aotContext->setInstructionPointer(10);
#endif
while (!aotContext->getObjectLookup(764, r2_0, &r2_1)) {
#ifdef QT_NO_DEBUG
aotContext->setInstructionPointer(10);
#endif
aotContext->initGetObjectLookup(764, r2_0, QMetaType::fromType<double>());
if (aotContext->engine->hasError()) {
aotContext->setReturnValueUndefined();
if (argv[0]) {
    *static_cast<double *>(argv[0]) = double();
}
return;
}
}
{
}
// generate_StoreReg
r7_0 = r2_1;
{
}
// generate_LoadInt
r2_2 = double(3);
{
}
// generate_Div
r2_2 = (r7_0 / r2_2);
{
}
{
}
// generate_Ret
if (argv[0]) {
    *static_cast<double *>(argv[0]) = r2_2;
}
return;
}
 },{ 188, 0, [](QV4::ExecutableCompilationUnit *unit, QMetaType *argTypes) {
    struct { QV4::ExecutableCompilationUnit *compilationUnit; } c { unit };
    const auto *aotContext = &c;
    Q_UNUSED(aotContext);
    argTypes[0] = QMetaType::fromType<double>();
}, 
    [](const QQmlPrivate::AOTCompiledContext *aotContext, void **argv) {
Q_UNUSED(aotContext)
Q_UNUSED(argv)
// expression for width at line 748, column 9
double r8_0;
double r2_2;
QObject *r2_0;
double r7_0;
double r2_1;
// generate_LoadQmlContextPropertyLookup
#ifndef QT_NO_DEBUG
aotContext->setInstructionPointer(5);
#endif
while (!aotContext->loadScopeObjectPropertyLookup(768, &r2_0)) {
#ifdef QT_NO_DEBUG
aotContext->setInstructionPointer(5);
#endif
aotContext->initLoadScopeObjectPropertyLookup(768, []() { static const auto t = QMetaType::fromName("QQuickItem*"); return t; }());
if (aotContext->engine->hasError()) {
aotContext->setReturnValueUndefined();
if (argv[0]) {
    *static_cast<double *>(argv[0]) = double();
}
return;
}
}
{
}
// generate_GetLookup
#ifndef QT_NO_DEBUG
aotContext->setInstructionPointer(10);
#endif
while (!aotContext->getObjectLookup(769, r2_0, &r2_1)) {
#ifdef QT_NO_DEBUG
aotContext->setInstructionPointer(10);
#endif
aotContext->initGetObjectLookup(769, r2_0, QMetaType::fromType<double>());
if (aotContext->engine->hasError()) {
aotContext->setReturnValueUndefined();
if (argv[0]) {
    *static_cast<double *>(argv[0]) = double();
}
return;
}
}
{
}
// generate_StoreReg
r7_0 = r2_1;
{
}
// generate_LoadInt
r2_2 = double(2);
{
}
// generate_Mul
r2_2 = (r7_0 * r2_2);
{
}
// generate_StoreReg
r8_0 = r2_2;
{
}
// generate_LoadInt
r2_2 = double(3);
{
}
// generate_Div
r2_2 = (r8_0 / r2_2);
{
}
{
}
// generate_Ret
if (argv[0]) {
    *static_cast<double *>(argv[0]) = r2_2;
}
return;
}
 },{ 191, 0, [](QV4::ExecutableCompilationUnit *unit, QMetaType *argTypes) {
    struct { QV4::ExecutableCompilationUnit *compilationUnit; } c { unit };
    const auto *aotContext = &c;
    Q_UNUSED(aotContext);
    argTypes[0] = []() { static const auto t = QMetaType::fromName("QQuickText::WrapMode"); return t; }();
}, 
    [](const QQmlPrivate::AOTCompiledContext *aotContext, void **argv) {
Q_UNUSED(aotContext)
Q_UNUSED(argv)
// expression for wrapMode at line 754, column 9
int r2_0;
{
}
// generate_GetLookup
#ifndef QT_NO_DEBUG
aotContext->setInstructionPointer(10);
#endif
while (!aotContext->getEnumLookup(780, &r2_0)) {
#ifdef QT_NO_DEBUG
aotContext->setInstructionPointer(10);
#endif
aotContext->initGetEnumLookup(780, []() { static const auto t = QMetaType::fromName("QQuickText*"); return t; }().metaObject(), "WrapMode", "WordWrap");
if (aotContext->engine->hasError()) {
aotContext->setReturnValueUndefined();
if (argv[0]) {
    const QMetaType returnType = []() { static const auto t = QMetaType::fromName("QQuickText::WrapMode"); return t; }();
    returnType.destruct(argv[0]);
    returnType.construct(argv[0]);
 }
return;
}
}
{
}
{
}
// generate_Ret
if (argv[0]) {
    const QMetaType returnType = QMetaType::fromType<int>();
    returnType.destruct(argv[0]);
    returnType.construct(argv[0], &r2_0);
}
return;
}
 },{ 192, 0, [](QV4::ExecutableCompilationUnit *unit, QMetaType *argTypes) {
    struct { QV4::ExecutableCompilationUnit *compilationUnit; } c { unit };
    const auto *aotContext = &c;
    Q_UNUSED(aotContext);
    argTypes[0] = QMetaType();
}, 
    [](const QQmlPrivate::AOTCompiledContext *aotContext, void **argv) {
Q_UNUSED(aotContext)
Q_UNUSED(argv)
// expression for onTextChanged at line 756, column 9
QString r11_0;
QString r2_1;
QString r2_0;
QString r10_0;
// generate_CreateCallContext
{
{
}
{
}
{
}
// generate_LoadRuntimeString
r2_0 = QStringLiteral("Text changed to:");
{
}
// generate_StoreReg
r10_0 = std::move(r2_0);
{
}
// generate_LoadQmlContextPropertyLookup
#ifndef QT_NO_DEBUG
aotContext->setInstructionPointer(20);
#endif
while (!aotContext->loadScopeObjectPropertyLookup(782, &r2_1)) {
#ifdef QT_NO_DEBUG
aotContext->setInstructionPointer(20);
#endif
aotContext->initLoadScopeObjectPropertyLookup(782, QMetaType::fromType<QString>());
if (aotContext->engine->hasError()) {
aotContext->setReturnValueUndefined();
return;
}
}
{
}
// generate_StoreReg
r11_0 = std::move(r2_1);
{
}
// generate_CallPropertyLookup
{
    bool firstArgIsCategory = false;
    const QLoggingCategory *category = aotContext->resolveLoggingCategory(nullptr, &firstArgIsCategory);
    if (category && category->isEnabled(QtDebugMsg)) {
        const QString message = std::move(r10_0).append(QLatin1Char(' ')).append(std::move(r11_0));
        aotContext->setInstructionPointer(39);
        aotContext->writeToConsole(QtDebugMsg, message, category);
    }
}
{
}
{
}
// generate_PopContext
{}
}
{
}
{
}
// generate_Ret
return;
}
 },{ 193, 0, [](QV4::ExecutableCompilationUnit *unit, QMetaType *argTypes) {
    struct { QV4::ExecutableCompilationUnit *compilationUnit; } c { unit };
    const auto *aotContext = &c;
    Q_UNUSED(aotContext);
    argTypes[0] = QMetaType::fromType<int>();
}, 
    [](const QQmlPrivate::AOTCompiledContext *aotContext, void **argv) {
Q_UNUSED(aotContext)
Q_UNUSED(argv)
// expression for pixelSize at line 755, column 9
int r2_3;
QObject *r2_0;
double r2_2;
double r7_0;
double r2_1;
// generate_LoadQmlContextPropertyLookup
#ifndef QT_NO_DEBUG
aotContext->setInstructionPointer(5);
#endif
while (!aotContext->loadScopeObjectPropertyLookup(784, &r2_0)) {
#ifdef QT_NO_DEBUG
aotContext->setInstructionPointer(5);
#endif
aotContext->initLoadScopeObjectPropertyLookup(784, []() { static const auto t = QMetaType::fromName("QQuickItem*"); return t; }());
if (aotContext->engine->hasError()) {
aotContext->setReturnValueUndefined();
if (argv[0]) {
    *static_cast<int *>(argv[0]) = int();
}
return;
}
}
{
}
// generate_GetLookup
#ifndef QT_NO_DEBUG
aotContext->setInstructionPointer(10);
#endif
while (!aotContext->getObjectLookup(785, r2_0, &r2_1)) {
#ifdef QT_NO_DEBUG
aotContext->setInstructionPointer(10);
#endif
aotContext->initGetObjectLookup(785, r2_0, QMetaType::fromType<double>());
if (aotContext->engine->hasError()) {
aotContext->setReturnValueUndefined();
if (argv[0]) {
    *static_cast<int *>(argv[0]) = int();
}
return;
}
}
{
}
// generate_StoreReg
r7_0 = r2_1;
{
}
// generate_LoadInt
r2_2 = double(40);
{
}
// generate_Div
r2_3 = QJSNumberCoercion::toInteger((r7_0 / r2_2));
{
}
{
}
// generate_Ret
if (argv[0]) {
    *static_cast<int *>(argv[0]) = r2_3;
}
return;
}
 },{ 195, 0, [](QV4::ExecutableCompilationUnit *unit, QMetaType *argTypes) {
    struct { QV4::ExecutableCompilationUnit *compilationUnit; } c { unit };
    const auto *aotContext = &c;
    Q_UNUSED(aotContext);
    argTypes[0] = QMetaType::fromType<double>();
}, 
    [](const QQmlPrivate::AOTCompiledContext *aotContext, void **argv) {
Q_UNUSED(aotContext)
Q_UNUSED(argv)
// expression for width at line 767, column 9
double r7_0;
double r2_1;
QObject *r2_0;
double r2_2;
// generate_LoadQmlContextPropertyLookup
#ifndef QT_NO_DEBUG
aotContext->setInstructionPointer(5);
#endif
while (!aotContext->loadScopeObjectPropertyLookup(789, &r2_0)) {
#ifdef QT_NO_DEBUG
aotContext->setInstructionPointer(5);
#endif
aotContext->initLoadScopeObjectPropertyLookup(789, []() { static const auto t = QMetaType::fromName("QQuickItem*"); return t; }());
if (aotContext->engine->hasError()) {
aotContext->setReturnValueUndefined();
if (argv[0]) {
    *static_cast<double *>(argv[0]) = double();
}
return;
}
}
{
}
// generate_GetLookup
#ifndef QT_NO_DEBUG
aotContext->setInstructionPointer(10);
#endif
while (!aotContext->getObjectLookup(790, r2_0, &r2_1)) {
#ifdef QT_NO_DEBUG
aotContext->setInstructionPointer(10);
#endif
aotContext->initGetObjectLookup(790, r2_0, QMetaType::fromType<double>());
if (aotContext->engine->hasError()) {
aotContext->setReturnValueUndefined();
if (argv[0]) {
    *static_cast<double *>(argv[0]) = double();
}
return;
}
}
{
}
// generate_StoreReg
r7_0 = r2_1;
{
}
// generate_LoadInt
r2_2 = double(3);
{
}
// generate_Div
r2_2 = (r7_0 / r2_2);
{
}
{
}
// generate_Ret
if (argv[0]) {
    *static_cast<double *>(argv[0]) = r2_2;
}
return;
}
 },{ 197, 0, [](QV4::ExecutableCompilationUnit *unit, QMetaType *argTypes) {
    struct { QV4::ExecutableCompilationUnit *compilationUnit; } c { unit };
    const auto *aotContext = &c;
    Q_UNUSED(aotContext);
    argTypes[0] = QMetaType::fromType<int>();
}, 
    [](const QQmlPrivate::AOTCompiledContext *aotContext, void **argv) {
Q_UNUSED(aotContext)
Q_UNUSED(argv)
// expression for pixelSize at line 771, column 9
double r2_1;
QObject *r2_0;
double r7_0;
int r2_3;
double r2_2;
// generate_LoadQmlContextPropertyLookup
#ifndef QT_NO_DEBUG
aotContext->setInstructionPointer(5);
#endif
while (!aotContext->loadScopeObjectPropertyLookup(794, &r2_0)) {
#ifdef QT_NO_DEBUG
aotContext->setInstructionPointer(5);
#endif
aotContext->initLoadScopeObjectPropertyLookup(794, []() { static const auto t = QMetaType::fromName("QQuickItem*"); return t; }());
if (aotContext->engine->hasError()) {
aotContext->setReturnValueUndefined();
if (argv[0]) {
    *static_cast<int *>(argv[0]) = int();
}
return;
}
}
{
}
// generate_GetLookup
#ifndef QT_NO_DEBUG
aotContext->setInstructionPointer(10);
#endif
while (!aotContext->getObjectLookup(795, r2_0, &r2_1)) {
#ifdef QT_NO_DEBUG
aotContext->setInstructionPointer(10);
#endif
aotContext->initGetObjectLookup(795, r2_0, QMetaType::fromType<double>());
if (aotContext->engine->hasError()) {
aotContext->setReturnValueUndefined();
if (argv[0]) {
    *static_cast<int *>(argv[0]) = int();
}
return;
}
}
{
}
// generate_StoreReg
r7_0 = r2_1;
{
}
// generate_LoadInt
r2_2 = double(40);
{
}
// generate_Div
r2_3 = QJSNumberCoercion::toInteger((r7_0 / r2_2));
{
}
{
}
// generate_Ret
if (argv[0]) {
    *static_cast<int *>(argv[0]) = r2_3;
}
return;
}
 },{ 199, 0, [](QV4::ExecutableCompilationUnit *unit, QMetaType *argTypes) {
    struct { QV4::ExecutableCompilationUnit *compilationUnit; } c { unit };
    const auto *aotContext = &c;
    Q_UNUSED(aotContext);
    argTypes[0] = QMetaType::fromType<double>();
}, 
    [](const QQmlPrivate::AOTCompiledContext *aotContext, void **argv) {
Q_UNUSED(aotContext)
Q_UNUSED(argv)
// expression for width at line 778, column 9
double r2_2;
double r2_1;
QObject *r2_0;
double r7_0;
// generate_LoadQmlContextPropertyLookup
#ifndef QT_NO_DEBUG
aotContext->setInstructionPointer(5);
#endif
while (!aotContext->loadScopeObjectPropertyLookup(799, &r2_0)) {
#ifdef QT_NO_DEBUG
aotContext->setInstructionPointer(5);
#endif
aotContext->initLoadScopeObjectPropertyLookup(799, []() { static const auto t = QMetaType::fromName("QQuickItem*"); return t; }());
if (aotContext->engine->hasError()) {
aotContext->setReturnValueUndefined();
if (argv[0]) {
    *static_cast<double *>(argv[0]) = double();
}
return;
}
}
{
}
// generate_GetLookup
#ifndef QT_NO_DEBUG
aotContext->setInstructionPointer(10);
#endif
while (!aotContext->getObjectLookup(800, r2_0, &r2_1)) {
#ifdef QT_NO_DEBUG
aotContext->setInstructionPointer(10);
#endif
aotContext->initGetObjectLookup(800, r2_0, QMetaType::fromType<double>());
if (aotContext->engine->hasError()) {
aotContext->setReturnValueUndefined();
if (argv[0]) {
    *static_cast<double *>(argv[0]) = double();
}
return;
}
}
{
}
// generate_StoreReg
r7_0 = r2_1;
{
}
// generate_LoadInt
r2_2 = double(3);
{
}
// generate_Div
r2_2 = (r7_0 / r2_2);
{
}
{
}
// generate_Ret
if (argv[0]) {
    *static_cast<double *>(argv[0]) = r2_2;
}
return;
}
 },{ 201, 0, [](QV4::ExecutableCompilationUnit *unit, QMetaType *argTypes) {
    struct { QV4::ExecutableCompilationUnit *compilationUnit; } c { unit };
    const auto *aotContext = &c;
    Q_UNUSED(aotContext);
    argTypes[0] = QMetaType::fromType<int>();
}, 
    [](const QQmlPrivate::AOTCompiledContext *aotContext, void **argv) {
Q_UNUSED(aotContext)
Q_UNUSED(argv)
// expression for pixelSize at line 782, column 9
QObject *r2_0;
int r2_3;
double r2_2;
double r7_0;
double r2_1;
// generate_LoadQmlContextPropertyLookup
#ifndef QT_NO_DEBUG
aotContext->setInstructionPointer(5);
#endif
while (!aotContext->loadScopeObjectPropertyLookup(804, &r2_0)) {
#ifdef QT_NO_DEBUG
aotContext->setInstructionPointer(5);
#endif
aotContext->initLoadScopeObjectPropertyLookup(804, []() { static const auto t = QMetaType::fromName("QQuickItem*"); return t; }());
if (aotContext->engine->hasError()) {
aotContext->setReturnValueUndefined();
if (argv[0]) {
    *static_cast<int *>(argv[0]) = int();
}
return;
}
}
{
}
// generate_GetLookup
#ifndef QT_NO_DEBUG
aotContext->setInstructionPointer(10);
#endif
while (!aotContext->getObjectLookup(805, r2_0, &r2_1)) {
#ifdef QT_NO_DEBUG
aotContext->setInstructionPointer(10);
#endif
aotContext->initGetObjectLookup(805, r2_0, QMetaType::fromType<double>());
if (aotContext->engine->hasError()) {
aotContext->setReturnValueUndefined();
if (argv[0]) {
    *static_cast<int *>(argv[0]) = int();
}
return;
}
}
{
}
// generate_StoreReg
r7_0 = r2_1;
{
}
// generate_LoadInt
r2_2 = double(40);
{
}
// generate_Div
r2_3 = QJSNumberCoercion::toInteger((r7_0 / r2_2));
{
}
{
}
// generate_Ret
if (argv[0]) {
    *static_cast<int *>(argv[0]) = r2_3;
}
return;
}
 },{ 203, 0, [](QV4::ExecutableCompilationUnit *unit, QMetaType *argTypes) {
    struct { QV4::ExecutableCompilationUnit *compilationUnit; } c { unit };
    const auto *aotContext = &c;
    Q_UNUSED(aotContext);
    argTypes[0] = QMetaType::fromType<double>();
}, 
    [](const QQmlPrivate::AOTCompiledContext *aotContext, void **argv) {
Q_UNUSED(aotContext)
Q_UNUSED(argv)
// expression for width at line 789, column 9
QObject *r2_0;
double r2_2;
double r2_1;
double r7_0;
// generate_LoadQmlContextPropertyLookup
#ifndef QT_NO_DEBUG
aotContext->setInstructionPointer(5);
#endif
while (!aotContext->loadScopeObjectPropertyLookup(809, &r2_0)) {
#ifdef QT_NO_DEBUG
aotContext->setInstructionPointer(5);
#endif
aotContext->initLoadScopeObjectPropertyLookup(809, []() { static const auto t = QMetaType::fromName("QQuickItem*"); return t; }());
if (aotContext->engine->hasError()) {
aotContext->setReturnValueUndefined();
if (argv[0]) {
    *static_cast<double *>(argv[0]) = double();
}
return;
}
}
{
}
// generate_GetLookup
#ifndef QT_NO_DEBUG
aotContext->setInstructionPointer(10);
#endif
while (!aotContext->getObjectLookup(810, r2_0, &r2_1)) {
#ifdef QT_NO_DEBUG
aotContext->setInstructionPointer(10);
#endif
aotContext->initGetObjectLookup(810, r2_0, QMetaType::fromType<double>());
if (aotContext->engine->hasError()) {
aotContext->setReturnValueUndefined();
if (argv[0]) {
    *static_cast<double *>(argv[0]) = double();
}
return;
}
}
{
}
// generate_StoreReg
r7_0 = r2_1;
{
}
// generate_LoadInt
r2_2 = double(3);
{
}
// generate_Div
r2_2 = (r7_0 / r2_2);
{
}
{
}
// generate_Ret
if (argv[0]) {
    *static_cast<double *>(argv[0]) = r2_2;
}
return;
}
 },{ 205, 0, [](QV4::ExecutableCompilationUnit *unit, QMetaType *argTypes) {
    struct { QV4::ExecutableCompilationUnit *compilationUnit; } c { unit };
    const auto *aotContext = &c;
    Q_UNUSED(aotContext);
    argTypes[0] = QMetaType::fromType<int>();
}, 
    [](const QQmlPrivate::AOTCompiledContext *aotContext, void **argv) {
Q_UNUSED(aotContext)
Q_UNUSED(argv)
// expression for pixelSize at line 793, column 9
QObject *r2_0;
double r2_1;
double r7_0;
int r2_3;
double r2_2;
// generate_LoadQmlContextPropertyLookup
#ifndef QT_NO_DEBUG
aotContext->setInstructionPointer(5);
#endif
while (!aotContext->loadScopeObjectPropertyLookup(814, &r2_0)) {
#ifdef QT_NO_DEBUG
aotContext->setInstructionPointer(5);
#endif
aotContext->initLoadScopeObjectPropertyLookup(814, []() { static const auto t = QMetaType::fromName("QQuickItem*"); return t; }());
if (aotContext->engine->hasError()) {
aotContext->setReturnValueUndefined();
if (argv[0]) {
    *static_cast<int *>(argv[0]) = int();
}
return;
}
}
{
}
// generate_GetLookup
#ifndef QT_NO_DEBUG
aotContext->setInstructionPointer(10);
#endif
while (!aotContext->getObjectLookup(815, r2_0, &r2_1)) {
#ifdef QT_NO_DEBUG
aotContext->setInstructionPointer(10);
#endif
aotContext->initGetObjectLookup(815, r2_0, QMetaType::fromType<double>());
if (aotContext->engine->hasError()) {
aotContext->setReturnValueUndefined();
if (argv[0]) {
    *static_cast<int *>(argv[0]) = int();
}
return;
}
}
{
}
// generate_StoreReg
r7_0 = r2_1;
{
}
// generate_LoadInt
r2_2 = double(40);
{
}
// generate_Div
r2_3 = QJSNumberCoercion::toInteger((r7_0 / r2_2));
{
}
{
}
// generate_Ret
if (argv[0]) {
    *static_cast<int *>(argv[0]) = r2_3;
}
return;
}
 },{ 207, 0, [](QV4::ExecutableCompilationUnit *unit, QMetaType *argTypes) {
    struct { QV4::ExecutableCompilationUnit *compilationUnit; } c { unit };
    const auto *aotContext = &c;
    Q_UNUSED(aotContext);
    argTypes[0] = QMetaType::fromType<double>();
}, 
    [](const QQmlPrivate::AOTCompiledContext *aotContext, void **argv) {
Q_UNUSED(aotContext)
Q_UNUSED(argv)
// expression for width at line 800, column 9
QObject *r2_0;
double r2_2;
double r2_1;
double r7_0;
// generate_LoadQmlContextPropertyLookup
#ifndef QT_NO_DEBUG
aotContext->setInstructionPointer(5);
#endif
while (!aotContext->loadScopeObjectPropertyLookup(819, &r2_0)) {
#ifdef QT_NO_DEBUG
aotContext->setInstructionPointer(5);
#endif
aotContext->initLoadScopeObjectPropertyLookup(819, []() { static const auto t = QMetaType::fromName("QQuickItem*"); return t; }());
if (aotContext->engine->hasError()) {
aotContext->setReturnValueUndefined();
if (argv[0]) {
    *static_cast<double *>(argv[0]) = double();
}
return;
}
}
{
}
// generate_GetLookup
#ifndef QT_NO_DEBUG
aotContext->setInstructionPointer(10);
#endif
while (!aotContext->getObjectLookup(820, r2_0, &r2_1)) {
#ifdef QT_NO_DEBUG
aotContext->setInstructionPointer(10);
#endif
aotContext->initGetObjectLookup(820, r2_0, QMetaType::fromType<double>());
if (aotContext->engine->hasError()) {
aotContext->setReturnValueUndefined();
if (argv[0]) {
    *static_cast<double *>(argv[0]) = double();
}
return;
}
}
{
}
// generate_StoreReg
r7_0 = r2_1;
{
}
// generate_LoadInt
r2_2 = double(3);
{
}
// generate_Div
r2_2 = (r7_0 / r2_2);
{
}
{
}
// generate_Ret
if (argv[0]) {
    *static_cast<double *>(argv[0]) = r2_2;
}
return;
}
 },{ 209, 0, [](QV4::ExecutableCompilationUnit *unit, QMetaType *argTypes) {
    struct { QV4::ExecutableCompilationUnit *compilationUnit; } c { unit };
    const auto *aotContext = &c;
    Q_UNUSED(aotContext);
    argTypes[0] = QMetaType::fromType<int>();
}, 
    [](const QQmlPrivate::AOTCompiledContext *aotContext, void **argv) {
Q_UNUSED(aotContext)
Q_UNUSED(argv)
// expression for pixelSize at line 804, column 9
double r7_0;
double r2_1;
QObject *r2_0;
int r2_3;
double r2_2;
// generate_LoadQmlContextPropertyLookup
#ifndef QT_NO_DEBUG
aotContext->setInstructionPointer(5);
#endif
while (!aotContext->loadScopeObjectPropertyLookup(824, &r2_0)) {
#ifdef QT_NO_DEBUG
aotContext->setInstructionPointer(5);
#endif
aotContext->initLoadScopeObjectPropertyLookup(824, []() { static const auto t = QMetaType::fromName("QQuickItem*"); return t; }());
if (aotContext->engine->hasError()) {
aotContext->setReturnValueUndefined();
if (argv[0]) {
    *static_cast<int *>(argv[0]) = int();
}
return;
}
}
{
}
// generate_GetLookup
#ifndef QT_NO_DEBUG
aotContext->setInstructionPointer(10);
#endif
while (!aotContext->getObjectLookup(825, r2_0, &r2_1)) {
#ifdef QT_NO_DEBUG
aotContext->setInstructionPointer(10);
#endif
aotContext->initGetObjectLookup(825, r2_0, QMetaType::fromType<double>());
if (aotContext->engine->hasError()) {
aotContext->setReturnValueUndefined();
if (argv[0]) {
    *static_cast<int *>(argv[0]) = int();
}
return;
}
}
{
}
// generate_StoreReg
r7_0 = r2_1;
{
}
// generate_LoadInt
r2_2 = double(40);
{
}
// generate_Div
r2_3 = QJSNumberCoercion::toInteger((r7_0 / r2_2));
{
}
{
}
// generate_Ret
if (argv[0]) {
    *static_cast<int *>(argv[0]) = r2_3;
}
return;
}
 },{ 211, 0, [](QV4::ExecutableCompilationUnit *unit, QMetaType *argTypes) {
    struct { QV4::ExecutableCompilationUnit *compilationUnit; } c { unit };
    const auto *aotContext = &c;
    Q_UNUSED(aotContext);
    argTypes[0] = QMetaType::fromType<double>();
}, 
    [](const QQmlPrivate::AOTCompiledContext *aotContext, void **argv) {
Q_UNUSED(aotContext)
Q_UNUSED(argv)
// expression for width at line 811, column 9
QObject *r2_0;
double r2_2;
double r2_1;
double r7_0;
// generate_LoadQmlContextPropertyLookup
#ifndef QT_NO_DEBUG
aotContext->setInstructionPointer(5);
#endif
while (!aotContext->loadScopeObjectPropertyLookup(829, &r2_0)) {
#ifdef QT_NO_DEBUG
aotContext->setInstructionPointer(5);
#endif
aotContext->initLoadScopeObjectPropertyLookup(829, []() { static const auto t = QMetaType::fromName("QQuickItem*"); return t; }());
if (aotContext->engine->hasError()) {
aotContext->setReturnValueUndefined();
if (argv[0]) {
    *static_cast<double *>(argv[0]) = double();
}
return;
}
}
{
}
// generate_GetLookup
#ifndef QT_NO_DEBUG
aotContext->setInstructionPointer(10);
#endif
while (!aotContext->getObjectLookup(830, r2_0, &r2_1)) {
#ifdef QT_NO_DEBUG
aotContext->setInstructionPointer(10);
#endif
aotContext->initGetObjectLookup(830, r2_0, QMetaType::fromType<double>());
if (aotContext->engine->hasError()) {
aotContext->setReturnValueUndefined();
if (argv[0]) {
    *static_cast<double *>(argv[0]) = double();
}
return;
}
}
{
}
// generate_StoreReg
r7_0 = r2_1;
{
}
// generate_LoadInt
r2_2 = double(3);
{
}
// generate_Div
r2_2 = (r7_0 / r2_2);
{
}
{
}
// generate_Ret
if (argv[0]) {
    *static_cast<double *>(argv[0]) = r2_2;
}
return;
}
 },{ 213, 0, [](QV4::ExecutableCompilationUnit *unit, QMetaType *argTypes) {
    struct { QV4::ExecutableCompilationUnit *compilationUnit; } c { unit };
    const auto *aotContext = &c;
    Q_UNUSED(aotContext);
    argTypes[0] = QMetaType::fromType<int>();
}, 
    [](const QQmlPrivate::AOTCompiledContext *aotContext, void **argv) {
Q_UNUSED(aotContext)
Q_UNUSED(argv)
// expression for pixelSize at line 815, column 9
QObject *r2_0;
int r2_3;
double r2_2;
double r2_1;
double r7_0;
// generate_LoadQmlContextPropertyLookup
#ifndef QT_NO_DEBUG
aotContext->setInstructionPointer(5);
#endif
while (!aotContext->loadScopeObjectPropertyLookup(834, &r2_0)) {
#ifdef QT_NO_DEBUG
aotContext->setInstructionPointer(5);
#endif
aotContext->initLoadScopeObjectPropertyLookup(834, []() { static const auto t = QMetaType::fromName("QQuickItem*"); return t; }());
if (aotContext->engine->hasError()) {
aotContext->setReturnValueUndefined();
if (argv[0]) {
    *static_cast<int *>(argv[0]) = int();
}
return;
}
}
{
}
// generate_GetLookup
#ifndef QT_NO_DEBUG
aotContext->setInstructionPointer(10);
#endif
while (!aotContext->getObjectLookup(835, r2_0, &r2_1)) {
#ifdef QT_NO_DEBUG
aotContext->setInstructionPointer(10);
#endif
aotContext->initGetObjectLookup(835, r2_0, QMetaType::fromType<double>());
if (aotContext->engine->hasError()) {
aotContext->setReturnValueUndefined();
if (argv[0]) {
    *static_cast<int *>(argv[0]) = int();
}
return;
}
}
{
}
// generate_StoreReg
r7_0 = r2_1;
{
}
// generate_LoadInt
r2_2 = double(40);
{
}
// generate_Div
r2_3 = QJSNumberCoercion::toInteger((r7_0 / r2_2));
{
}
{
}
// generate_Ret
if (argv[0]) {
    *static_cast<int *>(argv[0]) = r2_3;
}
return;
}
 },{ 215, 0, [](QV4::ExecutableCompilationUnit *unit, QMetaType *argTypes) {
    struct { QV4::ExecutableCompilationUnit *compilationUnit; } c { unit };
    const auto *aotContext = &c;
    Q_UNUSED(aotContext);
    argTypes[0] = QMetaType::fromType<double>();
}, 
    [](const QQmlPrivate::AOTCompiledContext *aotContext, void **argv) {
Q_UNUSED(aotContext)
Q_UNUSED(argv)
// expression for width at line 821, column 9
QObject *r2_0;
double r2_1;
double r7_0;
double r2_2;
// generate_LoadQmlContextPropertyLookup
#ifndef QT_NO_DEBUG
aotContext->setInstructionPointer(5);
#endif
while (!aotContext->loadScopeObjectPropertyLookup(839, &r2_0)) {
#ifdef QT_NO_DEBUG
aotContext->setInstructionPointer(5);
#endif
aotContext->initLoadScopeObjectPropertyLookup(839, []() { static const auto t = QMetaType::fromName("QQuickItem*"); return t; }());
if (aotContext->engine->hasError()) {
aotContext->setReturnValueUndefined();
if (argv[0]) {
    *static_cast<double *>(argv[0]) = double();
}
return;
}
}
{
}
// generate_GetLookup
#ifndef QT_NO_DEBUG
aotContext->setInstructionPointer(10);
#endif
while (!aotContext->getObjectLookup(840, r2_0, &r2_1)) {
#ifdef QT_NO_DEBUG
aotContext->setInstructionPointer(10);
#endif
aotContext->initGetObjectLookup(840, r2_0, QMetaType::fromType<double>());
if (aotContext->engine->hasError()) {
aotContext->setReturnValueUndefined();
if (argv[0]) {
    *static_cast<double *>(argv[0]) = double();
}
return;
}
}
{
}
// generate_StoreReg
r7_0 = r2_1;
{
}
// generate_LoadInt
r2_2 = double(3);
{
}
// generate_Div
r2_2 = (r7_0 / r2_2);
{
}
{
}
// generate_Ret
if (argv[0]) {
    *static_cast<double *>(argv[0]) = r2_2;
}
return;
}
 },{ 217, 0, [](QV4::ExecutableCompilationUnit *unit, QMetaType *argTypes) {
    struct { QV4::ExecutableCompilationUnit *compilationUnit; } c { unit };
    const auto *aotContext = &c;
    Q_UNUSED(aotContext);
    argTypes[0] = QMetaType::fromType<int>();
}, 
    [](const QQmlPrivate::AOTCompiledContext *aotContext, void **argv) {
Q_UNUSED(aotContext)
Q_UNUSED(argv)
// expression for pixelSize at line 825, column 9
double r2_1;
double r7_0;
QObject *r2_0;
int r2_3;
double r2_2;
// generate_LoadQmlContextPropertyLookup
#ifndef QT_NO_DEBUG
aotContext->setInstructionPointer(5);
#endif
while (!aotContext->loadScopeObjectPropertyLookup(844, &r2_0)) {
#ifdef QT_NO_DEBUG
aotContext->setInstructionPointer(5);
#endif
aotContext->initLoadScopeObjectPropertyLookup(844, []() { static const auto t = QMetaType::fromName("QQuickItem*"); return t; }());
if (aotContext->engine->hasError()) {
aotContext->setReturnValueUndefined();
if (argv[0]) {
    *static_cast<int *>(argv[0]) = int();
}
return;
}
}
{
}
// generate_GetLookup
#ifndef QT_NO_DEBUG
aotContext->setInstructionPointer(10);
#endif
while (!aotContext->getObjectLookup(845, r2_0, &r2_1)) {
#ifdef QT_NO_DEBUG
aotContext->setInstructionPointer(10);
#endif
aotContext->initGetObjectLookup(845, r2_0, QMetaType::fromType<double>());
if (aotContext->engine->hasError()) {
aotContext->setReturnValueUndefined();
if (argv[0]) {
    *static_cast<int *>(argv[0]) = int();
}
return;
}
}
{
}
// generate_StoreReg
r7_0 = r2_1;
{
}
// generate_LoadInt
r2_2 = double(40);
{
}
// generate_Div
r2_3 = QJSNumberCoercion::toInteger((r7_0 / r2_2));
{
}
{
}
// generate_Ret
if (argv[0]) {
    *static_cast<int *>(argv[0]) = r2_3;
}
return;
}
 },{ 218, 0, [](QV4::ExecutableCompilationUnit *unit, QMetaType *argTypes) {
    struct { QV4::ExecutableCompilationUnit *compilationUnit; } c { unit };
    const auto *aotContext = &c;
    Q_UNUSED(aotContext);
    argTypes[0] = QMetaType::fromType<double>();
}, 
    [](const QQmlPrivate::AOTCompiledContext *aotContext, void **argv) {
Q_UNUSED(aotContext)
Q_UNUSED(argv)
// expression for x at line 829, column 5
QObject *r2_0;
double r2_2;
double r2_1;
double r7_0;
// generate_LoadQmlContextPropertyLookup
#ifndef QT_NO_DEBUG
aotContext->setInstructionPointer(5);
#endif
while (!aotContext->loadScopeObjectPropertyLookup(846, &r2_0)) {
#ifdef QT_NO_DEBUG
aotContext->setInstructionPointer(5);
#endif
aotContext->initLoadScopeObjectPropertyLookup(846, []() { static const auto t = QMetaType::fromName("QQuickItem*"); return t; }());
if (aotContext->engine->hasError()) {
aotContext->setReturnValueUndefined();
if (argv[0]) {
    *static_cast<double *>(argv[0]) = double();
}
return;
}
}
{
}
// generate_GetLookup
#ifndef QT_NO_DEBUG
aotContext->setInstructionPointer(10);
#endif
while (!aotContext->getObjectLookup(847, r2_0, &r2_1)) {
#ifdef QT_NO_DEBUG
aotContext->setInstructionPointer(10);
#endif
aotContext->initGetObjectLookup(847, r2_0, QMetaType::fromType<double>());
if (aotContext->engine->hasError()) {
aotContext->setReturnValueUndefined();
if (argv[0]) {
    *static_cast<double *>(argv[0]) = double();
}
return;
}
}
{
}
// generate_StoreReg
r7_0 = r2_1;
{
}
// generate_LoadInt
r2_2 = double(3);
{
}
// generate_Div
r2_2 = (r7_0 / r2_2);
{
}
{
}
// generate_Ret
if (argv[0]) {
    *static_cast<double *>(argv[0]) = r2_2;
}
return;
}
 },{ 220, 0, [](QV4::ExecutableCompilationUnit *unit, QMetaType *argTypes) {
    struct { QV4::ExecutableCompilationUnit *compilationUnit; } c { unit };
    const auto *aotContext = &c;
    Q_UNUSED(aotContext);
    argTypes[0] = QMetaType::fromType<double>();
}, 
    [](const QQmlPrivate::AOTCompiledContext *aotContext, void **argv) {
Q_UNUSED(aotContext)
Q_UNUSED(argv)
// expression for width at line 831, column 5
double r8_0;
QObject *r2_0;
double r2_2;
double r7_0;
double r2_1;
// generate_LoadQmlContextPropertyLookup
#ifndef QT_NO_DEBUG
aotContext->setInstructionPointer(5);
#endif
while (!aotContext->loadScopeObjectPropertyLookup(851, &r2_0)) {
#ifdef QT_NO_DEBUG
aotContext->setInstructionPointer(5);
#endif
aotContext->initLoadScopeObjectPropertyLookup(851, []() { static const auto t = QMetaType::fromName("QQuickItem*"); return t; }());
if (aotContext->engine->hasError()) {
aotContext->setReturnValueUndefined();
if (argv[0]) {
    *static_cast<double *>(argv[0]) = double();
}
return;
}
}
{
}
// generate_GetLookup
#ifndef QT_NO_DEBUG
aotContext->setInstructionPointer(10);
#endif
while (!aotContext->getObjectLookup(852, r2_0, &r2_1)) {
#ifdef QT_NO_DEBUG
aotContext->setInstructionPointer(10);
#endif
aotContext->initGetObjectLookup(852, r2_0, QMetaType::fromType<double>());
if (aotContext->engine->hasError()) {
aotContext->setReturnValueUndefined();
if (argv[0]) {
    *static_cast<double *>(argv[0]) = double();
}
return;
}
}
{
}
// generate_StoreReg
r7_0 = r2_1;
{
}
// generate_LoadInt
r2_2 = double(2);
{
}
// generate_Mul
r2_2 = (r7_0 * r2_2);
{
}
// generate_StoreReg
r8_0 = r2_2;
{
}
// generate_LoadInt
r2_2 = double(3);
{
}
// generate_Div
r2_2 = (r8_0 / r2_2);
{
}
{
}
// generate_Ret
if (argv[0]) {
    *static_cast<double *>(argv[0]) = r2_2;
}
return;
}
 },{ 222, 0, [](QV4::ExecutableCompilationUnit *unit, QMetaType *argTypes) {
    struct { QV4::ExecutableCompilationUnit *compilationUnit; } c { unit };
    const auto *aotContext = &c;
    Q_UNUSED(aotContext);
    argTypes[0] = QMetaType::fromType<int>();
}, 
    [](const QQmlPrivate::AOTCompiledContext *aotContext, void **argv) {
Q_UNUSED(aotContext)
Q_UNUSED(argv)
// expression for pixelSize at line 835, column 5
double r2_1;
double r7_0;
int r2_3;
double r2_2;
QObject *r2_0;
// generate_LoadQmlContextPropertyLookup
#ifndef QT_NO_DEBUG
aotContext->setInstructionPointer(5);
#endif
while (!aotContext->loadScopeObjectPropertyLookup(856, &r2_0)) {
#ifdef QT_NO_DEBUG
aotContext->setInstructionPointer(5);
#endif
aotContext->initLoadScopeObjectPropertyLookup(856, []() { static const auto t = QMetaType::fromName("QQuickItem*"); return t; }());
if (aotContext->engine->hasError()) {
aotContext->setReturnValueUndefined();
if (argv[0]) {
    *static_cast<int *>(argv[0]) = int();
}
return;
}
}
{
}
// generate_GetLookup
#ifndef QT_NO_DEBUG
aotContext->setInstructionPointer(10);
#endif
while (!aotContext->getObjectLookup(857, r2_0, &r2_1)) {
#ifdef QT_NO_DEBUG
aotContext->setInstructionPointer(10);
#endif
aotContext->initGetObjectLookup(857, r2_0, QMetaType::fromType<double>());
if (aotContext->engine->hasError()) {
aotContext->setReturnValueUndefined();
if (argv[0]) {
    *static_cast<int *>(argv[0]) = int();
}
return;
}
}
{
}
// generate_StoreReg
r7_0 = r2_1;
{
}
// generate_LoadInt
r2_2 = double(40);
{
}
// generate_Div
r2_3 = QJSNumberCoercion::toInteger((r7_0 / r2_2));
{
}
{
}
// generate_Ret
if (argv[0]) {
    *static_cast<int *>(argv[0]) = r2_3;
}
return;
}
 },{ 223, 0, [](QV4::ExecutableCompilationUnit *unit, QMetaType *argTypes) {
    struct { QV4::ExecutableCompilationUnit *compilationUnit; } c { unit };
    const auto *aotContext = &c;
    Q_UNUSED(aotContext);
    argTypes[0] = QMetaType::fromType<double>();
}, 
    [](const QQmlPrivate::AOTCompiledContext *aotContext, void **argv) {
Q_UNUSED(aotContext)
Q_UNUSED(argv)
// expression for x at line 841, column 5
double r7_0;
double r2_1;
double r2_2;
QObject *r2_0;
// generate_LoadQmlContextPropertyLookup
#ifndef QT_NO_DEBUG
aotContext->setInstructionPointer(5);
#endif
while (!aotContext->loadScopeObjectPropertyLookup(858, &r2_0)) {
#ifdef QT_NO_DEBUG
aotContext->setInstructionPointer(5);
#endif
aotContext->initLoadScopeObjectPropertyLookup(858, []() { static const auto t = QMetaType::fromName("QQuickItem*"); return t; }());
if (aotContext->engine->hasError()) {
aotContext->setReturnValueUndefined();
if (argv[0]) {
    *static_cast<double *>(argv[0]) = double();
}
return;
}
}
{
}
// generate_GetLookup
#ifndef QT_NO_DEBUG
aotContext->setInstructionPointer(10);
#endif
while (!aotContext->getObjectLookup(859, r2_0, &r2_1)) {
#ifdef QT_NO_DEBUG
aotContext->setInstructionPointer(10);
#endif
aotContext->initGetObjectLookup(859, r2_0, QMetaType::fromType<double>());
if (aotContext->engine->hasError()) {
aotContext->setReturnValueUndefined();
if (argv[0]) {
    *static_cast<double *>(argv[0]) = double();
}
return;
}
}
{
}
// generate_StoreReg
r7_0 = r2_1;
{
}
// generate_LoadInt
r2_2 = double(3);
{
}
// generate_Div
r2_2 = (r7_0 / r2_2);
{
}
{
}
// generate_Ret
if (argv[0]) {
    *static_cast<double *>(argv[0]) = r2_2;
}
return;
}
 },{ 225, 0, [](QV4::ExecutableCompilationUnit *unit, QMetaType *argTypes) {
    struct { QV4::ExecutableCompilationUnit *compilationUnit; } c { unit };
    const auto *aotContext = &c;
    Q_UNUSED(aotContext);
    argTypes[0] = QMetaType::fromType<double>();
}, 
    [](const QQmlPrivate::AOTCompiledContext *aotContext, void **argv) {
Q_UNUSED(aotContext)
Q_UNUSED(argv)
// expression for width at line 843, column 5
double r8_0;
QObject *r2_0;
double r2_2;
double r7_0;
double r2_1;
// generate_LoadQmlContextPropertyLookup
#ifndef QT_NO_DEBUG
aotContext->setInstructionPointer(5);
#endif
while (!aotContext->loadScopeObjectPropertyLookup(863, &r2_0)) {
#ifdef QT_NO_DEBUG
aotContext->setInstructionPointer(5);
#endif
aotContext->initLoadScopeObjectPropertyLookup(863, []() { static const auto t = QMetaType::fromName("QQuickItem*"); return t; }());
if (aotContext->engine->hasError()) {
aotContext->setReturnValueUndefined();
if (argv[0]) {
    *static_cast<double *>(argv[0]) = double();
}
return;
}
}
{
}
// generate_GetLookup
#ifndef QT_NO_DEBUG
aotContext->setInstructionPointer(10);
#endif
while (!aotContext->getObjectLookup(864, r2_0, &r2_1)) {
#ifdef QT_NO_DEBUG
aotContext->setInstructionPointer(10);
#endif
aotContext->initGetObjectLookup(864, r2_0, QMetaType::fromType<double>());
if (aotContext->engine->hasError()) {
aotContext->setReturnValueUndefined();
if (argv[0]) {
    *static_cast<double *>(argv[0]) = double();
}
return;
}
}
{
}
// generate_StoreReg
r7_0 = r2_1;
{
}
// generate_LoadInt
r2_2 = double(2);
{
}
// generate_Mul
r2_2 = (r7_0 * r2_2);
{
}
// generate_StoreReg
r8_0 = r2_2;
{
}
// generate_LoadInt
r2_2 = double(3);
{
}
// generate_Div
r2_2 = (r8_0 / r2_2);
{
}
{
}
// generate_Ret
if (argv[0]) {
    *static_cast<double *>(argv[0]) = r2_2;
}
return;
}
 },{ 227, 0, [](QV4::ExecutableCompilationUnit *unit, QMetaType *argTypes) {
    struct { QV4::ExecutableCompilationUnit *compilationUnit; } c { unit };
    const auto *aotContext = &c;
    Q_UNUSED(aotContext);
    argTypes[0] = QMetaType();
}, 
    [](const QQmlPrivate::AOTCompiledContext *aotContext, void **argv) {
Q_UNUSED(aotContext)
Q_UNUSED(argv)
// expression for onTextChanged at line 870, column 9
QString r11_0;
QString r7_0;
QString r2_2;
QObject *r8_0;
QString r2_0;
QObject *r7_1;
QObject *r2_5;
QString r10_0;
QString r2_1;
bool r2_3;
QObject *r2_4;
// generate_CreateCallContext
{
{
}
{
}
{
}
// generate_LoadRuntimeString
r2_0 = QStringLiteral("Data2 changed, new value:");
{
}
// generate_StoreReg
r10_0 = std::move(r2_0);
{
}
// generate_LoadQmlContextPropertyLookup
#ifndef QT_NO_DEBUG
aotContext->setInstructionPointer(20);
#endif
while (!aotContext->loadScopeObjectPropertyLookup(869, &r2_1)) {
#ifdef QT_NO_DEBUG
aotContext->setInstructionPointer(20);
#endif
aotContext->initLoadScopeObjectPropertyLookup(869, QMetaType::fromType<QString>());
if (aotContext->engine->hasError()) {
aotContext->setReturnValueUndefined();
return;
}
}
{
}
// generate_StoreReg
r11_0 = std::move(r2_1);
{
}
// generate_CallPropertyLookup
{
    bool firstArgIsCategory = false;
    const QLoggingCategory *category = aotContext->resolveLoggingCategory(nullptr, &firstArgIsCategory);
    if (category && category->isEnabled(QtDebugMsg)) {
        const QString message = std::move(r10_0).append(QLatin1Char(' ')).append(std::move(r11_0));
        aotContext->setInstructionPointer(39);
        aotContext->writeToConsole(QtDebugMsg, message, category);
    }
}
{
}
// generate_LoadQmlContextPropertyLookup
#ifndef QT_NO_DEBUG
aotContext->setInstructionPointer(44);
#endif
while (!aotContext->loadScopeObjectPropertyLookup(871, &r2_2)) {
#ifdef QT_NO_DEBUG
aotContext->setInstructionPointer(44);
#endif
aotContext->initLoadScopeObjectPropertyLookup(871, QMetaType::fromType<QString>());
if (aotContext->engine->hasError()) {
aotContext->setReturnValueUndefined();
return;
}
}
{
}
// generate_StoreReg
r7_0 = std::move(r2_2);
{
}
// generate_LoadRuntimeString
r2_0 = QStringLiteral("");
{
}
// generate_CmpStrictEqual
r2_3 = r7_0 == r2_0;
{
}
// generate_JumpFalse
if (!r2_3) {
    goto label_0;
}
{
}
// generate_LoadQmlContextPropertyLookup
#ifndef QT_NO_DEBUG
aotContext->setInstructionPointer(57);
#endif
while (!aotContext->loadContextIdLookup(872, &r2_4)) {
#ifdef QT_NO_DEBUG
aotContext->setInstructionPointer(57);
#endif
aotContext->initLoadContextIdLookup(872);
if (aotContext->engine->hasError()) {
aotContext->setReturnValueUndefined();
return;
}
}
{
}
// generate_StoreReg
r8_0 = r2_4;
{
}
// generate_CallPropertyLookup
{
void *args[] = { nullptr };
const QMetaType types[] = { QMetaType() };
#ifndef QT_NO_DEBUG
aotContext->setInstructionPointer(76);
#endif
while (!aotContext->callObjectPropertyLookup(873, r8_0, args, types, 0)) {
#ifdef QT_NO_DEBUG
aotContext->setInstructionPointer(76);
#endif
aotContext->initCallObjectPropertyLookup(873);
if (aotContext->engine->hasError()) {
aotContext->setReturnValueUndefined();
return;
}
}
}
{
}
{
}
// generate_Ret
return;
label_0:;
{
}
{
}
// generate_LoadRuntimeString
r2_0 = QStringLiteral("Restarting stabilityTimer due to change in Data2");
{
}
// generate_StoreReg
r10_0 = std::move(r2_0);
{
}
// generate_CallPropertyLookup
{
    bool firstArgIsCategory = false;
    const QLoggingCategory *category = aotContext->resolveLoggingCategory(nullptr, &firstArgIsCategory);
    if (category && category->isEnabled(QtDebugMsg)) {
        const QString message = std::move(r10_0);
        aotContext->setInstructionPointer(109);
        aotContext->writeToConsole(QtDebugMsg, message, category);
    }
}
{
}
// generate_LoadQmlContextPropertyLookup
#ifndef QT_NO_DEBUG
aotContext->setInstructionPointer(114);
#endif
while (!aotContext->loadContextIdLookup(876, &r2_5)) {
#ifdef QT_NO_DEBUG
aotContext->setInstructionPointer(114);
#endif
aotContext->initLoadContextIdLookup(876);
if (aotContext->engine->hasError()) {
aotContext->setReturnValueUndefined();
return;
}
}
{
}
// generate_StoreReg
r7_1 = r2_5;
{
}
// generate_CallPropertyLookup
{
void *args[] = { nullptr };
const QMetaType types[] = { QMetaType() };
#ifndef QT_NO_DEBUG
aotContext->setInstructionPointer(133);
#endif
while (!aotContext->callObjectPropertyLookup(877, r7_1, args, types, 0)) {
#ifdef QT_NO_DEBUG
aotContext->setInstructionPointer(133);
#endif
aotContext->initCallObjectPropertyLookup(877);
if (aotContext->engine->hasError()) {
aotContext->setReturnValueUndefined();
return;
}
}
}
{
}
{
}
// generate_PopContext
{}
}
{
}
{
}
// generate_Ret
return;
}
 },{ 228, 0, [](QV4::ExecutableCompilationUnit *unit, QMetaType *argTypes) {
    struct { QV4::ExecutableCompilationUnit *compilationUnit; } c { unit };
    const auto *aotContext = &c;
    Q_UNUSED(aotContext);
    argTypes[0] = QMetaType::fromType<int>();
}, 
    [](const QQmlPrivate::AOTCompiledContext *aotContext, void **argv) {
Q_UNUSED(aotContext)
Q_UNUSED(argv)
// expression for pixelSize at line 847, column 5
double r2_1;
double r7_0;
int r2_3;
double r2_2;
QObject *r2_0;
// generate_LoadQmlContextPropertyLookup
#ifndef QT_NO_DEBUG
aotContext->setInstructionPointer(5);
#endif
while (!aotContext->loadScopeObjectPropertyLookup(878, &r2_0)) {
#ifdef QT_NO_DEBUG
aotContext->setInstructionPointer(5);
#endif
aotContext->initLoadScopeObjectPropertyLookup(878, []() { static const auto t = QMetaType::fromName("QQuickItem*"); return t; }());
if (aotContext->engine->hasError()) {
aotContext->setReturnValueUndefined();
if (argv[0]) {
    *static_cast<int *>(argv[0]) = int();
}
return;
}
}
{
}
// generate_GetLookup
#ifndef QT_NO_DEBUG
aotContext->setInstructionPointer(10);
#endif
while (!aotContext->getObjectLookup(879, r2_0, &r2_1)) {
#ifdef QT_NO_DEBUG
aotContext->setInstructionPointer(10);
#endif
aotContext->initGetObjectLookup(879, r2_0, QMetaType::fromType<double>());
if (aotContext->engine->hasError()) {
aotContext->setReturnValueUndefined();
if (argv[0]) {
    *static_cast<int *>(argv[0]) = int();
}
return;
}
}
{
}
// generate_StoreReg
r7_0 = r2_1;
{
}
// generate_LoadInt
r2_2 = double(40);
{
}
// generate_Div
r2_3 = QJSNumberCoercion::toInteger((r7_0 / r2_2));
{
}
{
}
// generate_Ret
if (argv[0]) {
    *static_cast<int *>(argv[0]) = r2_3;
}
return;
}
 },{ 233, 0, [](QV4::ExecutableCompilationUnit *unit, QMetaType *argTypes) {
    struct { QV4::ExecutableCompilationUnit *compilationUnit; } c { unit };
    const auto *aotContext = &c;
    Q_UNUSED(aotContext);
    argTypes[0] = QMetaType::fromType<double>();
}, 
    [](const QQmlPrivate::AOTCompiledContext *aotContext, void **argv) {
Q_UNUSED(aotContext)
Q_UNUSED(argv)
// expression for x at line 931, column 9
double r2_1;
double r7_0;
QObject *r2_0;
double r2_2;
// generate_LoadQmlContextPropertyLookup
#ifndef QT_NO_DEBUG
aotContext->setInstructionPointer(5);
#endif
while (!aotContext->loadScopeObjectPropertyLookup(908, &r2_0)) {
#ifdef QT_NO_DEBUG
aotContext->setInstructionPointer(5);
#endif
aotContext->initLoadScopeObjectPropertyLookup(908, []() { static const auto t = QMetaType::fromName("QQuickItem*"); return t; }());
if (aotContext->engine->hasError()) {
aotContext->setReturnValueUndefined();
if (argv[0]) {
    *static_cast<double *>(argv[0]) = double();
}
return;
}
}
{
}
// generate_GetLookup
#ifndef QT_NO_DEBUG
aotContext->setInstructionPointer(10);
#endif
while (!aotContext->getObjectLookup(909, r2_0, &r2_1)) {
#ifdef QT_NO_DEBUG
aotContext->setInstructionPointer(10);
#endif
aotContext->initGetObjectLookup(909, r2_0, QMetaType::fromType<double>());
if (aotContext->engine->hasError()) {
aotContext->setReturnValueUndefined();
if (argv[0]) {
    *static_cast<double *>(argv[0]) = double();
}
return;
}
}
{
}
// generate_StoreReg
r7_0 = r2_1;
{
}
// generate_LoadInt
r2_2 = double(3);
{
}
// generate_Div
r2_2 = (r7_0 / r2_2);
{
}
{
}
// generate_Ret
if (argv[0]) {
    *static_cast<double *>(argv[0]) = r2_2;
}
return;
}
 },{ 235, 0, [](QV4::ExecutableCompilationUnit *unit, QMetaType *argTypes) {
    struct { QV4::ExecutableCompilationUnit *compilationUnit; } c { unit };
    const auto *aotContext = &c;
    Q_UNUSED(aotContext);
    argTypes[0] = QMetaType::fromType<double>();
}, 
    [](const QQmlPrivate::AOTCompiledContext *aotContext, void **argv) {
Q_UNUSED(aotContext)
Q_UNUSED(argv)
// expression for width at line 933, column 9
double r7_0;
double r8_0;
double r2_1;
QObject *r2_0;
double r2_2;
// generate_LoadQmlContextPropertyLookup
#ifndef QT_NO_DEBUG
aotContext->setInstructionPointer(5);
#endif
while (!aotContext->loadScopeObjectPropertyLookup(913, &r2_0)) {
#ifdef QT_NO_DEBUG
aotContext->setInstructionPointer(5);
#endif
aotContext->initLoadScopeObjectPropertyLookup(913, []() { static const auto t = QMetaType::fromName("QQuickItem*"); return t; }());
if (aotContext->engine->hasError()) {
aotContext->setReturnValueUndefined();
if (argv[0]) {
    *static_cast<double *>(argv[0]) = double();
}
return;
}
}
{
}
// generate_GetLookup
#ifndef QT_NO_DEBUG
aotContext->setInstructionPointer(10);
#endif
while (!aotContext->getObjectLookup(914, r2_0, &r2_1)) {
#ifdef QT_NO_DEBUG
aotContext->setInstructionPointer(10);
#endif
aotContext->initGetObjectLookup(914, r2_0, QMetaType::fromType<double>());
if (aotContext->engine->hasError()) {
aotContext->setReturnValueUndefined();
if (argv[0]) {
    *static_cast<double *>(argv[0]) = double();
}
return;
}
}
{
}
// generate_StoreReg
r7_0 = r2_1;
{
}
// generate_LoadInt
r2_2 = double(2);
{
}
// generate_Mul
r2_2 = (r7_0 * r2_2);
{
}
// generate_StoreReg
r8_0 = r2_2;
{
}
// generate_LoadInt
r2_2 = double(3);
{
}
// generate_Div
r2_2 = (r8_0 / r2_2);
{
}
{
}
// generate_Ret
if (argv[0]) {
    *static_cast<double *>(argv[0]) = r2_2;
}
return;
}
 },{ 237, 0, [](QV4::ExecutableCompilationUnit *unit, QMetaType *argTypes) {
    struct { QV4::ExecutableCompilationUnit *compilationUnit; } c { unit };
    const auto *aotContext = &c;
    Q_UNUSED(aotContext);
    argTypes[0] = QMetaType::fromType<int>();
}, 
    [](const QQmlPrivate::AOTCompiledContext *aotContext, void **argv) {
Q_UNUSED(aotContext)
Q_UNUSED(argv)
// expression for pixelSize at line 937, column 9
double r7_0;
QObject *r2_0;
int r2_3;
double r2_2;
double r2_1;
// generate_LoadQmlContextPropertyLookup
#ifndef QT_NO_DEBUG
aotContext->setInstructionPointer(5);
#endif
while (!aotContext->loadScopeObjectPropertyLookup(918, &r2_0)) {
#ifdef QT_NO_DEBUG
aotContext->setInstructionPointer(5);
#endif
aotContext->initLoadScopeObjectPropertyLookup(918, []() { static const auto t = QMetaType::fromName("QQuickItem*"); return t; }());
if (aotContext->engine->hasError()) {
aotContext->setReturnValueUndefined();
if (argv[0]) {
    *static_cast<int *>(argv[0]) = int();
}
return;
}
}
{
}
// generate_GetLookup
#ifndef QT_NO_DEBUG
aotContext->setInstructionPointer(10);
#endif
while (!aotContext->getObjectLookup(919, r2_0, &r2_1)) {
#ifdef QT_NO_DEBUG
aotContext->setInstructionPointer(10);
#endif
aotContext->initGetObjectLookup(919, r2_0, QMetaType::fromType<double>());
if (aotContext->engine->hasError()) {
aotContext->setReturnValueUndefined();
if (argv[0]) {
    *static_cast<int *>(argv[0]) = int();
}
return;
}
}
{
}
// generate_StoreReg
r7_0 = r2_1;
{
}
// generate_LoadInt
r2_2 = double(40);
{
}
// generate_Div
r2_3 = QJSNumberCoercion::toInteger((r7_0 / r2_2));
{
}
{
}
// generate_Ret
if (argv[0]) {
    *static_cast<int *>(argv[0]) = r2_3;
}
return;
}
 },{ 238, 0, [](QV4::ExecutableCompilationUnit *unit, QMetaType *argTypes) {
    struct { QV4::ExecutableCompilationUnit *compilationUnit; } c { unit };
    const auto *aotContext = &c;
    Q_UNUSED(aotContext);
    argTypes[0] = QMetaType::fromType<double>();
}, 
    [](const QQmlPrivate::AOTCompiledContext *aotContext, void **argv) {
Q_UNUSED(aotContext)
Q_UNUSED(argv)
// expression for x at line 942, column 9
double r2_2;
QObject *r2_0;
double r2_1;
double r7_0;
// generate_LoadQmlContextPropertyLookup
#ifndef QT_NO_DEBUG
aotContext->setInstructionPointer(5);
#endif
while (!aotContext->loadScopeObjectPropertyLookup(920, &r2_0)) {
#ifdef QT_NO_DEBUG
aotContext->setInstructionPointer(5);
#endif
aotContext->initLoadScopeObjectPropertyLookup(920, []() { static const auto t = QMetaType::fromName("QQuickItem*"); return t; }());
if (aotContext->engine->hasError()) {
aotContext->setReturnValueUndefined();
if (argv[0]) {
    *static_cast<double *>(argv[0]) = double();
}
return;
}
}
{
}
// generate_GetLookup
#ifndef QT_NO_DEBUG
aotContext->setInstructionPointer(10);
#endif
while (!aotContext->getObjectLookup(921, r2_0, &r2_1)) {
#ifdef QT_NO_DEBUG
aotContext->setInstructionPointer(10);
#endif
aotContext->initGetObjectLookup(921, r2_0, QMetaType::fromType<double>());
if (aotContext->engine->hasError()) {
aotContext->setReturnValueUndefined();
if (argv[0]) {
    *static_cast<double *>(argv[0]) = double();
}
return;
}
}
{
}
// generate_StoreReg
r7_0 = r2_1;
{
}
// generate_LoadInt
r2_2 = double(3);
{
}
// generate_Div
r2_2 = (r7_0 / r2_2);
{
}
{
}
// generate_Ret
if (argv[0]) {
    *static_cast<double *>(argv[0]) = r2_2;
}
return;
}
 },{ 240, 0, [](QV4::ExecutableCompilationUnit *unit, QMetaType *argTypes) {
    struct { QV4::ExecutableCompilationUnit *compilationUnit; } c { unit };
    const auto *aotContext = &c;
    Q_UNUSED(aotContext);
    argTypes[0] = QMetaType::fromType<double>();
}, 
    [](const QQmlPrivate::AOTCompiledContext *aotContext, void **argv) {
Q_UNUSED(aotContext)
Q_UNUSED(argv)
// expression for width at line 944, column 9
double r8_0;
double r2_1;
double r7_0;
double r2_2;
QObject *r2_0;
// generate_LoadQmlContextPropertyLookup
#ifndef QT_NO_DEBUG
aotContext->setInstructionPointer(5);
#endif
while (!aotContext->loadScopeObjectPropertyLookup(925, &r2_0)) {
#ifdef QT_NO_DEBUG
aotContext->setInstructionPointer(5);
#endif
aotContext->initLoadScopeObjectPropertyLookup(925, []() { static const auto t = QMetaType::fromName("QQuickItem*"); return t; }());
if (aotContext->engine->hasError()) {
aotContext->setReturnValueUndefined();
if (argv[0]) {
    *static_cast<double *>(argv[0]) = double();
}
return;
}
}
{
}
// generate_GetLookup
#ifndef QT_NO_DEBUG
aotContext->setInstructionPointer(10);
#endif
while (!aotContext->getObjectLookup(926, r2_0, &r2_1)) {
#ifdef QT_NO_DEBUG
aotContext->setInstructionPointer(10);
#endif
aotContext->initGetObjectLookup(926, r2_0, QMetaType::fromType<double>());
if (aotContext->engine->hasError()) {
aotContext->setReturnValueUndefined();
if (argv[0]) {
    *static_cast<double *>(argv[0]) = double();
}
return;
}
}
{
}
// generate_StoreReg
r7_0 = r2_1;
{
}
// generate_LoadInt
r2_2 = double(2);
{
}
// generate_Mul
r2_2 = (r7_0 * r2_2);
{
}
// generate_StoreReg
r8_0 = r2_2;
{
}
// generate_LoadInt
r2_2 = double(3);
{
}
// generate_Div
r2_2 = (r8_0 / r2_2);
{
}
{
}
// generate_Ret
if (argv[0]) {
    *static_cast<double *>(argv[0]) = r2_2;
}
return;
}
 },{ 242, 0, [](QV4::ExecutableCompilationUnit *unit, QMetaType *argTypes) {
    struct { QV4::ExecutableCompilationUnit *compilationUnit; } c { unit };
    const auto *aotContext = &c;
    Q_UNUSED(aotContext);
    argTypes[0] = QMetaType::fromType<int>();
}, 
    [](const QQmlPrivate::AOTCompiledContext *aotContext, void **argv) {
Q_UNUSED(aotContext)
Q_UNUSED(argv)
// expression for pixelSize at line 948, column 9
int r2_3;
double r2_1;
double r2_2;
double r7_0;
QObject *r2_0;
// generate_LoadQmlContextPropertyLookup
#ifndef QT_NO_DEBUG
aotContext->setInstructionPointer(5);
#endif
while (!aotContext->loadScopeObjectPropertyLookup(930, &r2_0)) {
#ifdef QT_NO_DEBUG
aotContext->setInstructionPointer(5);
#endif
aotContext->initLoadScopeObjectPropertyLookup(930, []() { static const auto t = QMetaType::fromName("QQuickItem*"); return t; }());
if (aotContext->engine->hasError()) {
aotContext->setReturnValueUndefined();
if (argv[0]) {
    *static_cast<int *>(argv[0]) = int();
}
return;
}
}
{
}
// generate_GetLookup
#ifndef QT_NO_DEBUG
aotContext->setInstructionPointer(10);
#endif
while (!aotContext->getObjectLookup(931, r2_0, &r2_1)) {
#ifdef QT_NO_DEBUG
aotContext->setInstructionPointer(10);
#endif
aotContext->initGetObjectLookup(931, r2_0, QMetaType::fromType<double>());
if (aotContext->engine->hasError()) {
aotContext->setReturnValueUndefined();
if (argv[0]) {
    *static_cast<int *>(argv[0]) = int();
}
return;
}
}
{
}
// generate_StoreReg
r7_0 = r2_1;
{
}
// generate_LoadInt
r2_2 = double(40);
{
}
// generate_Div
r2_3 = QJSNumberCoercion::toInteger((r7_0 / r2_2));
{
}
{
}
// generate_Ret
if (argv[0]) {
    *static_cast<int *>(argv[0]) = r2_3;
}
return;
}
 },{ 243, 0, [](QV4::ExecutableCompilationUnit *unit, QMetaType *argTypes) {
    struct { QV4::ExecutableCompilationUnit *compilationUnit; } c { unit };
    const auto *aotContext = &c;
    Q_UNUSED(aotContext);
    argTypes[0] = QMetaType::fromType<double>();
}, 
    [](const QQmlPrivate::AOTCompiledContext *aotContext, void **argv) {
Q_UNUSED(aotContext)
Q_UNUSED(argv)
// expression for x at line 953, column 9
QObject *r2_0;
double r2_2;
double r7_0;
double r2_1;
// generate_LoadQmlContextPropertyLookup
#ifndef QT_NO_DEBUG
aotContext->setInstructionPointer(5);
#endif
while (!aotContext->loadScopeObjectPropertyLookup(932, &r2_0)) {
#ifdef QT_NO_DEBUG
aotContext->setInstructionPointer(5);
#endif
aotContext->initLoadScopeObjectPropertyLookup(932, []() { static const auto t = QMetaType::fromName("QQuickItem*"); return t; }());
if (aotContext->engine->hasError()) {
aotContext->setReturnValueUndefined();
if (argv[0]) {
    *static_cast<double *>(argv[0]) = double();
}
return;
}
}
{
}
// generate_GetLookup
#ifndef QT_NO_DEBUG
aotContext->setInstructionPointer(10);
#endif
while (!aotContext->getObjectLookup(933, r2_0, &r2_1)) {
#ifdef QT_NO_DEBUG
aotContext->setInstructionPointer(10);
#endif
aotContext->initGetObjectLookup(933, r2_0, QMetaType::fromType<double>());
if (aotContext->engine->hasError()) {
aotContext->setReturnValueUndefined();
if (argv[0]) {
    *static_cast<double *>(argv[0]) = double();
}
return;
}
}
{
}
// generate_StoreReg
r7_0 = r2_1;
{
}
// generate_LoadInt
r2_2 = double(3);
{
}
// generate_Div
r2_2 = (r7_0 / r2_2);
{
}
{
}
// generate_Ret
if (argv[0]) {
    *static_cast<double *>(argv[0]) = r2_2;
}
return;
}
 },{ 245, 0, [](QV4::ExecutableCompilationUnit *unit, QMetaType *argTypes) {
    struct { QV4::ExecutableCompilationUnit *compilationUnit; } c { unit };
    const auto *aotContext = &c;
    Q_UNUSED(aotContext);
    argTypes[0] = QMetaType::fromType<double>();
}, 
    [](const QQmlPrivate::AOTCompiledContext *aotContext, void **argv) {
Q_UNUSED(aotContext)
Q_UNUSED(argv)
// expression for width at line 955, column 9
double r8_0;
double r2_2;
QObject *r2_0;
double r7_0;
double r2_1;
// generate_LoadQmlContextPropertyLookup
#ifndef QT_NO_DEBUG
aotContext->setInstructionPointer(5);
#endif
while (!aotContext->loadScopeObjectPropertyLookup(937, &r2_0)) {
#ifdef QT_NO_DEBUG
aotContext->setInstructionPointer(5);
#endif
aotContext->initLoadScopeObjectPropertyLookup(937, []() { static const auto t = QMetaType::fromName("QQuickItem*"); return t; }());
if (aotContext->engine->hasError()) {
aotContext->setReturnValueUndefined();
if (argv[0]) {
    *static_cast<double *>(argv[0]) = double();
}
return;
}
}
{
}
// generate_GetLookup
#ifndef QT_NO_DEBUG
aotContext->setInstructionPointer(10);
#endif
while (!aotContext->getObjectLookup(938, r2_0, &r2_1)) {
#ifdef QT_NO_DEBUG
aotContext->setInstructionPointer(10);
#endif
aotContext->initGetObjectLookup(938, r2_0, QMetaType::fromType<double>());
if (aotContext->engine->hasError()) {
aotContext->setReturnValueUndefined();
if (argv[0]) {
    *static_cast<double *>(argv[0]) = double();
}
return;
}
}
{
}
// generate_StoreReg
r7_0 = r2_1;
{
}
// generate_LoadInt
r2_2 = double(2);
{
}
// generate_Mul
r2_2 = (r7_0 * r2_2);
{
}
// generate_StoreReg
r8_0 = r2_2;
{
}
// generate_LoadInt
r2_2 = double(3);
{
}
// generate_Div
r2_2 = (r8_0 / r2_2);
{
}
{
}
// generate_Ret
if (argv[0]) {
    *static_cast<double *>(argv[0]) = r2_2;
}
return;
}
 },{ 247, 0, [](QV4::ExecutableCompilationUnit *unit, QMetaType *argTypes) {
    struct { QV4::ExecutableCompilationUnit *compilationUnit; } c { unit };
    const auto *aotContext = &c;
    Q_UNUSED(aotContext);
    argTypes[0] = QMetaType::fromType<int>();
}, 
    [](const QQmlPrivate::AOTCompiledContext *aotContext, void **argv) {
Q_UNUSED(aotContext)
Q_UNUSED(argv)
// expression for pixelSize at line 959, column 9
int r2_3;
QObject *r2_0;
double r2_2;
double r7_0;
double r2_1;
// generate_LoadQmlContextPropertyLookup
#ifndef QT_NO_DEBUG
aotContext->setInstructionPointer(5);
#endif
while (!aotContext->loadScopeObjectPropertyLookup(942, &r2_0)) {
#ifdef QT_NO_DEBUG
aotContext->setInstructionPointer(5);
#endif
aotContext->initLoadScopeObjectPropertyLookup(942, []() { static const auto t = QMetaType::fromName("QQuickItem*"); return t; }());
if (aotContext->engine->hasError()) {
aotContext->setReturnValueUndefined();
if (argv[0]) {
    *static_cast<int *>(argv[0]) = int();
}
return;
}
}
{
}
// generate_GetLookup
#ifndef QT_NO_DEBUG
aotContext->setInstructionPointer(10);
#endif
while (!aotContext->getObjectLookup(943, r2_0, &r2_1)) {
#ifdef QT_NO_DEBUG
aotContext->setInstructionPointer(10);
#endif
aotContext->initGetObjectLookup(943, r2_0, QMetaType::fromType<double>());
if (aotContext->engine->hasError()) {
aotContext->setReturnValueUndefined();
if (argv[0]) {
    *static_cast<int *>(argv[0]) = int();
}
return;
}
}
{
}
// generate_StoreReg
r7_0 = r2_1;
{
}
// generate_LoadInt
r2_2 = double(40);
{
}
// generate_Div
r2_3 = QJSNumberCoercion::toInteger((r7_0 / r2_2));
{
}
{
}
// generate_Ret
if (argv[0]) {
    *static_cast<int *>(argv[0]) = r2_3;
}
return;
}
 },{ 248, 0, [](QV4::ExecutableCompilationUnit *unit, QMetaType *argTypes) {
    struct { QV4::ExecutableCompilationUnit *compilationUnit; } c { unit };
    const auto *aotContext = &c;
    Q_UNUSED(aotContext);
    argTypes[0] = QMetaType::fromType<double>();
}, 
    [](const QQmlPrivate::AOTCompiledContext *aotContext, void **argv) {
Q_UNUSED(aotContext)
Q_UNUSED(argv)
// expression for x at line 964, column 9
QObject *r2_0;
double r2_2;
double r2_1;
double r7_0;
// generate_LoadQmlContextPropertyLookup
#ifndef QT_NO_DEBUG
aotContext->setInstructionPointer(5);
#endif
while (!aotContext->loadScopeObjectPropertyLookup(944, &r2_0)) {
#ifdef QT_NO_DEBUG
aotContext->setInstructionPointer(5);
#endif
aotContext->initLoadScopeObjectPropertyLookup(944, []() { static const auto t = QMetaType::fromName("QQuickItem*"); return t; }());
if (aotContext->engine->hasError()) {
aotContext->setReturnValueUndefined();
if (argv[0]) {
    *static_cast<double *>(argv[0]) = double();
}
return;
}
}
{
}
// generate_GetLookup
#ifndef QT_NO_DEBUG
aotContext->setInstructionPointer(10);
#endif
while (!aotContext->getObjectLookup(945, r2_0, &r2_1)) {
#ifdef QT_NO_DEBUG
aotContext->setInstructionPointer(10);
#endif
aotContext->initGetObjectLookup(945, r2_0, QMetaType::fromType<double>());
if (aotContext->engine->hasError()) {
aotContext->setReturnValueUndefined();
if (argv[0]) {
    *static_cast<double *>(argv[0]) = double();
}
return;
}
}
{
}
// generate_StoreReg
r7_0 = r2_1;
{
}
// generate_LoadInt
r2_2 = double(3);
{
}
// generate_Div
r2_2 = (r7_0 / r2_2);
{
}
{
}
// generate_Ret
if (argv[0]) {
    *static_cast<double *>(argv[0]) = r2_2;
}
return;
}
 },{ 250, 0, [](QV4::ExecutableCompilationUnit *unit, QMetaType *argTypes) {
    struct { QV4::ExecutableCompilationUnit *compilationUnit; } c { unit };
    const auto *aotContext = &c;
    Q_UNUSED(aotContext);
    argTypes[0] = QMetaType::fromType<double>();
}, 
    [](const QQmlPrivate::AOTCompiledContext *aotContext, void **argv) {
Q_UNUSED(aotContext)
Q_UNUSED(argv)
// expression for width at line 966, column 9
double r8_0;
QObject *r2_0;
double r2_2;
double r7_0;
double r2_1;
// generate_LoadQmlContextPropertyLookup
#ifndef QT_NO_DEBUG
aotContext->setInstructionPointer(5);
#endif
while (!aotContext->loadScopeObjectPropertyLookup(949, &r2_0)) {
#ifdef QT_NO_DEBUG
aotContext->setInstructionPointer(5);
#endif
aotContext->initLoadScopeObjectPropertyLookup(949, []() { static const auto t = QMetaType::fromName("QQuickItem*"); return t; }());
if (aotContext->engine->hasError()) {
aotContext->setReturnValueUndefined();
if (argv[0]) {
    *static_cast<double *>(argv[0]) = double();
}
return;
}
}
{
}
// generate_GetLookup
#ifndef QT_NO_DEBUG
aotContext->setInstructionPointer(10);
#endif
while (!aotContext->getObjectLookup(950, r2_0, &r2_1)) {
#ifdef QT_NO_DEBUG
aotContext->setInstructionPointer(10);
#endif
aotContext->initGetObjectLookup(950, r2_0, QMetaType::fromType<double>());
if (aotContext->engine->hasError()) {
aotContext->setReturnValueUndefined();
if (argv[0]) {
    *static_cast<double *>(argv[0]) = double();
}
return;
}
}
{
}
// generate_StoreReg
r7_0 = r2_1;
{
}
// generate_LoadInt
r2_2 = double(2);
{
}
// generate_Mul
r2_2 = (r7_0 * r2_2);
{
}
// generate_StoreReg
r8_0 = r2_2;
{
}
// generate_LoadInt
r2_2 = double(3);
{
}
// generate_Div
r2_2 = (r8_0 / r2_2);
{
}
{
}
// generate_Ret
if (argv[0]) {
    *static_cast<double *>(argv[0]) = r2_2;
}
return;
}
 },{ 252, 0, [](QV4::ExecutableCompilationUnit *unit, QMetaType *argTypes) {
    struct { QV4::ExecutableCompilationUnit *compilationUnit; } c { unit };
    const auto *aotContext = &c;
    Q_UNUSED(aotContext);
    argTypes[0] = QMetaType::fromType<int>();
}, 
    [](const QQmlPrivate::AOTCompiledContext *aotContext, void **argv) {
Q_UNUSED(aotContext)
Q_UNUSED(argv)
// expression for pixelSize at line 970, column 9
int r2_3;
double r2_2;
QObject *r2_0;
double r7_0;
double r2_1;
// generate_LoadQmlContextPropertyLookup
#ifndef QT_NO_DEBUG
aotContext->setInstructionPointer(5);
#endif
while (!aotContext->loadScopeObjectPropertyLookup(954, &r2_0)) {
#ifdef QT_NO_DEBUG
aotContext->setInstructionPointer(5);
#endif
aotContext->initLoadScopeObjectPropertyLookup(954, []() { static const auto t = QMetaType::fromName("QQuickItem*"); return t; }());
if (aotContext->engine->hasError()) {
aotContext->setReturnValueUndefined();
if (argv[0]) {
    *static_cast<int *>(argv[0]) = int();
}
return;
}
}
{
}
// generate_GetLookup
#ifndef QT_NO_DEBUG
aotContext->setInstructionPointer(10);
#endif
while (!aotContext->getObjectLookup(955, r2_0, &r2_1)) {
#ifdef QT_NO_DEBUG
aotContext->setInstructionPointer(10);
#endif
aotContext->initGetObjectLookup(955, r2_0, QMetaType::fromType<double>());
if (aotContext->engine->hasError()) {
aotContext->setReturnValueUndefined();
if (argv[0]) {
    *static_cast<int *>(argv[0]) = int();
}
return;
}
}
{
}
// generate_StoreReg
r7_0 = r2_1;
{
}
// generate_LoadInt
r2_2 = double(40);
{
}
// generate_Div
r2_3 = QJSNumberCoercion::toInteger((r7_0 / r2_2));
{
}
{
}
// generate_Ret
if (argv[0]) {
    *static_cast<int *>(argv[0]) = r2_3;
}
return;
}
 },{ 253, 0, [](QV4::ExecutableCompilationUnit *unit, QMetaType *argTypes) {
    struct { QV4::ExecutableCompilationUnit *compilationUnit; } c { unit };
    const auto *aotContext = &c;
    Q_UNUSED(aotContext);
    argTypes[0] = QMetaType::fromType<double>();
}, 
    [](const QQmlPrivate::AOTCompiledContext *aotContext, void **argv) {
Q_UNUSED(aotContext)
Q_UNUSED(argv)
// expression for x at line 974, column 9
QObject *r2_0;
double r2_2;
double r7_0;
double r2_1;
// generate_LoadQmlContextPropertyLookup
#ifndef QT_NO_DEBUG
aotContext->setInstructionPointer(5);
#endif
while (!aotContext->loadScopeObjectPropertyLookup(956, &r2_0)) {
#ifdef QT_NO_DEBUG
aotContext->setInstructionPointer(5);
#endif
aotContext->initLoadScopeObjectPropertyLookup(956, []() { static const auto t = QMetaType::fromName("QQuickItem*"); return t; }());
if (aotContext->engine->hasError()) {
aotContext->setReturnValueUndefined();
if (argv[0]) {
    *static_cast<double *>(argv[0]) = double();
}
return;
}
}
{
}
// generate_GetLookup
#ifndef QT_NO_DEBUG
aotContext->setInstructionPointer(10);
#endif
while (!aotContext->getObjectLookup(957, r2_0, &r2_1)) {
#ifdef QT_NO_DEBUG
aotContext->setInstructionPointer(10);
#endif
aotContext->initGetObjectLookup(957, r2_0, QMetaType::fromType<double>());
if (aotContext->engine->hasError()) {
aotContext->setReturnValueUndefined();
if (argv[0]) {
    *static_cast<double *>(argv[0]) = double();
}
return;
}
}
{
}
// generate_StoreReg
r7_0 = r2_1;
{
}
// generate_LoadInt
r2_2 = double(3);
{
}
// generate_Div
r2_2 = (r7_0 / r2_2);
{
}
{
}
// generate_Ret
if (argv[0]) {
    *static_cast<double *>(argv[0]) = r2_2;
}
return;
}
 },{ 255, 0, [](QV4::ExecutableCompilationUnit *unit, QMetaType *argTypes) {
    struct { QV4::ExecutableCompilationUnit *compilationUnit; } c { unit };
    const auto *aotContext = &c;
    Q_UNUSED(aotContext);
    argTypes[0] = QMetaType::fromType<double>();
}, 
    [](const QQmlPrivate::AOTCompiledContext *aotContext, void **argv) {
Q_UNUSED(aotContext)
Q_UNUSED(argv)
// expression for width at line 976, column 9
double r8_0;
double r2_2;
double r7_0;
double r2_1;
QObject *r2_0;
// generate_LoadQmlContextPropertyLookup
#ifndef QT_NO_DEBUG
aotContext->setInstructionPointer(5);
#endif
while (!aotContext->loadScopeObjectPropertyLookup(961, &r2_0)) {
#ifdef QT_NO_DEBUG
aotContext->setInstructionPointer(5);
#endif
aotContext->initLoadScopeObjectPropertyLookup(961, []() { static const auto t = QMetaType::fromName("QQuickItem*"); return t; }());
if (aotContext->engine->hasError()) {
aotContext->setReturnValueUndefined();
if (argv[0]) {
    *static_cast<double *>(argv[0]) = double();
}
return;
}
}
{
}
// generate_GetLookup
#ifndef QT_NO_DEBUG
aotContext->setInstructionPointer(10);
#endif
while (!aotContext->getObjectLookup(962, r2_0, &r2_1)) {
#ifdef QT_NO_DEBUG
aotContext->setInstructionPointer(10);
#endif
aotContext->initGetObjectLookup(962, r2_0, QMetaType::fromType<double>());
if (aotContext->engine->hasError()) {
aotContext->setReturnValueUndefined();
if (argv[0]) {
    *static_cast<double *>(argv[0]) = double();
}
return;
}
}
{
}
// generate_StoreReg
r7_0 = r2_1;
{
}
// generate_LoadInt
r2_2 = double(2);
{
}
// generate_Mul
r2_2 = (r7_0 * r2_2);
{
}
// generate_StoreReg
r8_0 = r2_2;
{
}
// generate_LoadInt
r2_2 = double(3);
{
}
// generate_Div
r2_2 = (r8_0 / r2_2);
{
}
{
}
// generate_Ret
if (argv[0]) {
    *static_cast<double *>(argv[0]) = r2_2;
}
return;
}
 },{ 257, 0, [](QV4::ExecutableCompilationUnit *unit, QMetaType *argTypes) {
    struct { QV4::ExecutableCompilationUnit *compilationUnit; } c { unit };
    const auto *aotContext = &c;
    Q_UNUSED(aotContext);
    argTypes[0] = QMetaType::fromType<int>();
}, 
    [](const QQmlPrivate::AOTCompiledContext *aotContext, void **argv) {
Q_UNUSED(aotContext)
Q_UNUSED(argv)
// expression for pixelSize at line 980, column 9
int r2_3;
double r2_2;
double r2_1;
QObject *r2_0;
double r7_0;
// generate_LoadQmlContextPropertyLookup
#ifndef QT_NO_DEBUG
aotContext->setInstructionPointer(5);
#endif
while (!aotContext->loadScopeObjectPropertyLookup(966, &r2_0)) {
#ifdef QT_NO_DEBUG
aotContext->setInstructionPointer(5);
#endif
aotContext->initLoadScopeObjectPropertyLookup(966, []() { static const auto t = QMetaType::fromName("QQuickItem*"); return t; }());
if (aotContext->engine->hasError()) {
aotContext->setReturnValueUndefined();
if (argv[0]) {
    *static_cast<int *>(argv[0]) = int();
}
return;
}
}
{
}
// generate_GetLookup
#ifndef QT_NO_DEBUG
aotContext->setInstructionPointer(10);
#endif
while (!aotContext->getObjectLookup(967, r2_0, &r2_1)) {
#ifdef QT_NO_DEBUG
aotContext->setInstructionPointer(10);
#endif
aotContext->initGetObjectLookup(967, r2_0, QMetaType::fromType<double>());
if (aotContext->engine->hasError()) {
aotContext->setReturnValueUndefined();
if (argv[0]) {
    *static_cast<int *>(argv[0]) = int();
}
return;
}
}
{
}
// generate_StoreReg
r7_0 = r2_1;
{
}
// generate_LoadInt
r2_2 = double(40);
{
}
// generate_Div
r2_3 = QJSNumberCoercion::toInteger((r7_0 / r2_2));
{
}
{
}
// generate_Ret
if (argv[0]) {
    *static_cast<int *>(argv[0]) = r2_3;
}
return;
}
 },{ 258, 0, [](QV4::ExecutableCompilationUnit *unit, QMetaType *argTypes) {
    struct { QV4::ExecutableCompilationUnit *compilationUnit; } c { unit };
    const auto *aotContext = &c;
    Q_UNUSED(aotContext);
    argTypes[0] = QMetaType::fromType<double>();
}, 
    [](const QQmlPrivate::AOTCompiledContext *aotContext, void **argv) {
Q_UNUSED(aotContext)
Q_UNUSED(argv)
// expression for y at line 1008, column 5
QObject *r2_0;
double r2_1;
double r8_0;
double r7_0;
double r2_3;
QObject *r2_2;
double r2_4;
// generate_LoadQmlContextPropertyLookup
#ifndef QT_NO_DEBUG
aotContext->setInstructionPointer(5);
#endif
while (!aotContext->loadContextIdLookup(968, &r2_0)) {
#ifdef QT_NO_DEBUG
aotContext->setInstructionPointer(5);
#endif
aotContext->initLoadContextIdLookup(968);
if (aotContext->engine->hasError()) {
aotContext->setReturnValueUndefined();
if (argv[0]) {
    *static_cast<double *>(argv[0]) = double();
}
return;
}
}
{
}
// generate_GetLookup
#ifndef QT_NO_DEBUG
aotContext->setInstructionPointer(10);
#endif
while (!aotContext->getObjectLookup(969, r2_0, &r2_1)) {
#ifdef QT_NO_DEBUG
aotContext->setInstructionPointer(10);
#endif
aotContext->initGetObjectLookup(969, r2_0, QMetaType::fromType<double>());
if (aotContext->engine->hasError()) {
aotContext->setReturnValueUndefined();
if (argv[0]) {
    *static_cast<double *>(argv[0]) = double();
}
return;
}
}
{
}
// generate_StoreReg
r7_0 = r2_1;
{
}
// generate_LoadQmlContextPropertyLookup
#ifndef QT_NO_DEBUG
aotContext->setInstructionPointer(17);
#endif
while (!aotContext->loadContextIdLookup(970, &r2_2)) {
#ifdef QT_NO_DEBUG
aotContext->setInstructionPointer(17);
#endif
aotContext->initLoadContextIdLookup(970);
if (aotContext->engine->hasError()) {
aotContext->setReturnValueUndefined();
if (argv[0]) {
    *static_cast<double *>(argv[0]) = double();
}
return;
}
}
{
}
// generate_GetLookup
#ifndef QT_NO_DEBUG
aotContext->setInstructionPointer(22);
#endif
while (!aotContext->getObjectLookup(971, r2_2, &r2_3)) {
#ifdef QT_NO_DEBUG
aotContext->setInstructionPointer(22);
#endif
aotContext->initGetObjectLookup(971, r2_2, QMetaType::fromType<double>());
if (aotContext->engine->hasError()) {
aotContext->setReturnValueUndefined();
if (argv[0]) {
    *static_cast<double *>(argv[0]) = double();
}
return;
}
}
{
}
// generate_Add
r2_4 = (r7_0 + r2_3);
{
}
// generate_StoreReg
r8_0 = r2_4;
{
}
// generate_LoadInt
r2_4 = double(80);
{
}
// generate_Sub
r2_4 = (r8_0 - r2_4);
{
}
{
}
// generate_Ret
if (argv[0]) {
    *static_cast<double *>(argv[0]) = r2_4;
}
return;
}
 },{ 259, 0, [](QV4::ExecutableCompilationUnit *unit, QMetaType *argTypes) {
    struct { QV4::ExecutableCompilationUnit *compilationUnit; } c { unit };
    const auto *aotContext = &c;
    Q_UNUSED(aotContext);
    argTypes[0] = QMetaType::fromType<double>();
}, 
    [](const QQmlPrivate::AOTCompiledContext *aotContext, void **argv) {
Q_UNUSED(aotContext)
Q_UNUSED(argv)
// expression for width at line 1009, column 5
double r2_2;
QObject *r2_0;
double r7_0;
double r2_1;
// generate_LoadQmlContextPropertyLookup
#ifndef QT_NO_DEBUG
aotContext->setInstructionPointer(5);
#endif
while (!aotContext->loadScopeObjectPropertyLookup(972, &r2_0)) {
#ifdef QT_NO_DEBUG
aotContext->setInstructionPointer(5);
#endif
aotContext->initLoadScopeObjectPropertyLookup(972, []() { static const auto t = QMetaType::fromName("QQuickItem*"); return t; }());
if (aotContext->engine->hasError()) {
aotContext->setReturnValueUndefined();
if (argv[0]) {
    *static_cast<double *>(argv[0]) = double();
}
return;
}
}
{
}
// generate_GetLookup
#ifndef QT_NO_DEBUG
aotContext->setInstructionPointer(10);
#endif
while (!aotContext->getObjectLookup(973, r2_0, &r2_1)) {
#ifdef QT_NO_DEBUG
aotContext->setInstructionPointer(10);
#endif
aotContext->initGetObjectLookup(973, r2_0, QMetaType::fromType<double>());
if (aotContext->engine->hasError()) {
aotContext->setReturnValueUndefined();
if (argv[0]) {
    *static_cast<double *>(argv[0]) = double();
}
return;
}
}
{
}
// generate_StoreReg
r7_0 = r2_1;
{
}
// generate_LoadInt
r2_2 = double(40);
{
}
// generate_Sub
r2_2 = (r7_0 - r2_2);
{
}
{
}
// generate_Ret
if (argv[0]) {
    *static_cast<double *>(argv[0]) = r2_2;
}
return;
}
 },{ 261, 0, [](QV4::ExecutableCompilationUnit *unit, QMetaType *argTypes) {
    struct { QV4::ExecutableCompilationUnit *compilationUnit; } c { unit };
    const auto *aotContext = &c;
    Q_UNUSED(aotContext);
    argTypes[0] = QMetaType::fromType<int>();
}, 
    [](const QQmlPrivate::AOTCompiledContext *aotContext, void **argv) {
Q_UNUSED(aotContext)
Q_UNUSED(argv)
// expression for pixelSize at line 1013, column 5
QObject *r2_0;
int r2_3;
double r2_2;
double r7_0;
double r2_1;
// generate_LoadQmlContextPropertyLookup
#ifndef QT_NO_DEBUG
aotContext->setInstructionPointer(5);
#endif
while (!aotContext->loadScopeObjectPropertyLookup(977, &r2_0)) {
#ifdef QT_NO_DEBUG
aotContext->setInstructionPointer(5);
#endif
aotContext->initLoadScopeObjectPropertyLookup(977, []() { static const auto t = QMetaType::fromName("QQuickItem*"); return t; }());
if (aotContext->engine->hasError()) {
aotContext->setReturnValueUndefined();
if (argv[0]) {
    *static_cast<int *>(argv[0]) = int();
}
return;
}
}
{
}
// generate_GetLookup
#ifndef QT_NO_DEBUG
aotContext->setInstructionPointer(10);
#endif
while (!aotContext->getObjectLookup(978, r2_0, &r2_1)) {
#ifdef QT_NO_DEBUG
aotContext->setInstructionPointer(10);
#endif
aotContext->initGetObjectLookup(978, r2_0, QMetaType::fromType<double>());
if (aotContext->engine->hasError()) {
aotContext->setReturnValueUndefined();
if (argv[0]) {
    *static_cast<int *>(argv[0]) = int();
}
return;
}
}
{
}
// generate_StoreReg
r7_0 = r2_1;
{
}
// generate_LoadInt
r2_2 = double(35);
{
}
// generate_Div
r2_3 = QJSNumberCoercion::toInteger((r7_0 / r2_2));
{
}
{
}
// generate_Ret
if (argv[0]) {
    *static_cast<int *>(argv[0]) = r2_3;
}
return;
}
 },{ 262, 0, [](QV4::ExecutableCompilationUnit *unit, QMetaType *argTypes) {
    struct { QV4::ExecutableCompilationUnit *compilationUnit; } c { unit };
    const auto *aotContext = &c;
    Q_UNUSED(aotContext);
    argTypes[0] = QMetaType::fromType<double>();
}, 
    [](const QQmlPrivate::AOTCompiledContext *aotContext, void **argv) {
Q_UNUSED(aotContext)
Q_UNUSED(argv)
// expression for y at line 1020, column 5
double r2_3;
QObject *r2_0;
QObject *r2_2;
double r2_4;
double r7_0;
double r2_1;
// generate_LoadQmlContextPropertyLookup
#ifndef QT_NO_DEBUG
aotContext->setInstructionPointer(5);
#endif
while (!aotContext->loadContextIdLookup(979, &r2_0)) {
#ifdef QT_NO_DEBUG
aotContext->setInstructionPointer(5);
#endif
aotContext->initLoadContextIdLookup(979);
if (aotContext->engine->hasError()) {
aotContext->setReturnValueUndefined();
if (argv[0]) {
    *static_cast<double *>(argv[0]) = double();
}
return;
}
}
{
}
// generate_GetLookup
#ifndef QT_NO_DEBUG
aotContext->setInstructionPointer(10);
#endif
while (!aotContext->getObjectLookup(980, r2_0, &r2_1)) {
#ifdef QT_NO_DEBUG
aotContext->setInstructionPointer(10);
#endif
aotContext->initGetObjectLookup(980, r2_0, QMetaType::fromType<double>());
if (aotContext->engine->hasError()) {
aotContext->setReturnValueUndefined();
if (argv[0]) {
    *static_cast<double *>(argv[0]) = double();
}
return;
}
}
{
}
// generate_StoreReg
r7_0 = r2_1;
{
}
// generate_LoadQmlContextPropertyLookup
#ifndef QT_NO_DEBUG
aotContext->setInstructionPointer(17);
#endif
while (!aotContext->loadContextIdLookup(981, &r2_2)) {
#ifdef QT_NO_DEBUG
aotContext->setInstructionPointer(17);
#endif
aotContext->initLoadContextIdLookup(981);
if (aotContext->engine->hasError()) {
aotContext->setReturnValueUndefined();
if (argv[0]) {
    *static_cast<double *>(argv[0]) = double();
}
return;
}
}
{
}
// generate_GetLookup
#ifndef QT_NO_DEBUG
aotContext->setInstructionPointer(22);
#endif
while (!aotContext->getObjectLookup(982, r2_2, &r2_3)) {
#ifdef QT_NO_DEBUG
aotContext->setInstructionPointer(22);
#endif
aotContext->initGetObjectLookup(982, r2_2, QMetaType::fromType<double>());
if (aotContext->engine->hasError()) {
aotContext->setReturnValueUndefined();
if (argv[0]) {
    *static_cast<double *>(argv[0]) = double();
}
return;
}
}
{
}
// generate_Add
r2_4 = (r7_0 + r2_3);
{
}
{
}
// generate_Ret
if (argv[0]) {
    *static_cast<double *>(argv[0]) = r2_4;
}
return;
}
 },{ 263, 0, [](QV4::ExecutableCompilationUnit *unit, QMetaType *argTypes) {
    struct { QV4::ExecutableCompilationUnit *compilationUnit; } c { unit };
    const auto *aotContext = &c;
    Q_UNUSED(aotContext);
    argTypes[0] = QMetaType::fromType<double>();
}, 
    [](const QQmlPrivate::AOTCompiledContext *aotContext, void **argv) {
Q_UNUSED(aotContext)
Q_UNUSED(argv)
// expression for width at line 1021, column 5
double r2_2;
double r2_1;
double r7_0;
QObject *r2_0;
// generate_LoadQmlContextPropertyLookup
#ifndef QT_NO_DEBUG
aotContext->setInstructionPointer(5);
#endif
while (!aotContext->loadScopeObjectPropertyLookup(983, &r2_0)) {
#ifdef QT_NO_DEBUG
aotContext->setInstructionPointer(5);
#endif
aotContext->initLoadScopeObjectPropertyLookup(983, []() { static const auto t = QMetaType::fromName("QQuickItem*"); return t; }());
if (aotContext->engine->hasError()) {
aotContext->setReturnValueUndefined();
if (argv[0]) {
    *static_cast<double *>(argv[0]) = double();
}
return;
}
}
{
}
// generate_GetLookup
#ifndef QT_NO_DEBUG
aotContext->setInstructionPointer(10);
#endif
while (!aotContext->getObjectLookup(984, r2_0, &r2_1)) {
#ifdef QT_NO_DEBUG
aotContext->setInstructionPointer(10);
#endif
aotContext->initGetObjectLookup(984, r2_0, QMetaType::fromType<double>());
if (aotContext->engine->hasError()) {
aotContext->setReturnValueUndefined();
if (argv[0]) {
    *static_cast<double *>(argv[0]) = double();
}
return;
}
}
{
}
// generate_StoreReg
r7_0 = r2_1;
{
}
// generate_LoadInt
r2_2 = double(40);
{
}
// generate_Sub
r2_2 = (r7_0 - r2_2);
{
}
{
}
// generate_Ret
if (argv[0]) {
    *static_cast<double *>(argv[0]) = r2_2;
}
return;
}
 },{ 266, 0, [](QV4::ExecutableCompilationUnit *unit, QMetaType *argTypes) {
    struct { QV4::ExecutableCompilationUnit *compilationUnit; } c { unit };
    const auto *aotContext = &c;
    Q_UNUSED(aotContext);
    argTypes[0] = []() { static const auto t = QMetaType::fromName("QQuickText::WrapMode"); return t; }();
}, 
    [](const QQmlPrivate::AOTCompiledContext *aotContext, void **argv) {
Q_UNUSED(aotContext)
Q_UNUSED(argv)
// expression for wrapMode at line 1031, column 5
int r2_0;
{
}
// generate_GetLookup
#ifndef QT_NO_DEBUG
aotContext->setInstructionPointer(10);
#endif
while (!aotContext->getEnumLookup(1002, &r2_0)) {
#ifdef QT_NO_DEBUG
aotContext->setInstructionPointer(10);
#endif
aotContext->initGetEnumLookup(1002, []() { static const auto t = QMetaType::fromName("QQuickText*"); return t; }().metaObject(), "WrapMode", "WordWrap");
if (aotContext->engine->hasError()) {
aotContext->setReturnValueUndefined();
if (argv[0]) {
    const QMetaType returnType = []() { static const auto t = QMetaType::fromName("QQuickText::WrapMode"); return t; }();
    returnType.destruct(argv[0]);
    returnType.construct(argv[0]);
 }
return;
}
}
{
}
{
}
// generate_Ret
if (argv[0]) {
    const QMetaType returnType = QMetaType::fromType<int>();
    returnType.destruct(argv[0]);
    returnType.construct(argv[0], &r2_0);
}
return;
}
 },{ 267, 0, [](QV4::ExecutableCompilationUnit *unit, QMetaType *argTypes) {
    struct { QV4::ExecutableCompilationUnit *compilationUnit; } c { unit };
    const auto *aotContext = &c;
    Q_UNUSED(aotContext);
    argTypes[0] = QMetaType::fromType<int>();
}, 
    [](const QQmlPrivate::AOTCompiledContext *aotContext, void **argv) {
Q_UNUSED(aotContext)
Q_UNUSED(argv)
// expression for pixelSize at line 1030, column 5
double r7_0;
int r2_3;
double r2_1;
double r2_2;
QObject *r2_0;
// generate_LoadQmlContextPropertyLookup
#ifndef QT_NO_DEBUG
aotContext->setInstructionPointer(5);
#endif
while (!aotContext->loadScopeObjectPropertyLookup(1003, &r2_0)) {
#ifdef QT_NO_DEBUG
aotContext->setInstructionPointer(5);
#endif
aotContext->initLoadScopeObjectPropertyLookup(1003, []() { static const auto t = QMetaType::fromName("QQuickItem*"); return t; }());
if (aotContext->engine->hasError()) {
aotContext->setReturnValueUndefined();
if (argv[0]) {
    *static_cast<int *>(argv[0]) = int();
}
return;
}
}
{
}
// generate_GetLookup
#ifndef QT_NO_DEBUG
aotContext->setInstructionPointer(10);
#endif
while (!aotContext->getObjectLookup(1004, r2_0, &r2_1)) {
#ifdef QT_NO_DEBUG
aotContext->setInstructionPointer(10);
#endif
aotContext->initGetObjectLookup(1004, r2_0, QMetaType::fromType<double>());
if (aotContext->engine->hasError()) {
aotContext->setReturnValueUndefined();
if (argv[0]) {
    *static_cast<int *>(argv[0]) = int();
}
return;
}
}
{
}
// generate_StoreReg
r7_0 = r2_1;
{
}
// generate_LoadInt
r2_2 = double(45);
{
}
// generate_Div
r2_3 = QJSNumberCoercion::toInteger((r7_0 / r2_2));
{
}
{
}
// generate_Ret
if (argv[0]) {
    *static_cast<int *>(argv[0]) = r2_3;
}
return;
}
 },{ 268, 0, [](QV4::ExecutableCompilationUnit *unit, QMetaType *argTypes) {
    struct { QV4::ExecutableCompilationUnit *compilationUnit; } c { unit };
    const auto *aotContext = &c;
    Q_UNUSED(aotContext);
    argTypes[0] = QMetaType::fromType<double>();
}, 
    [](const QQmlPrivate::AOTCompiledContext *aotContext, void **argv) {
Q_UNUSED(aotContext)
Q_UNUSED(argv)
// expression for y at line 1038, column 5
QObject *r2_2;
double r7_0;
double r2_1;
double r2_4;
double r2_3;
QObject *r2_0;
// generate_LoadQmlContextPropertyLookup
#ifndef QT_NO_DEBUG
aotContext->setInstructionPointer(5);
#endif
while (!aotContext->loadContextIdLookup(1005, &r2_0)) {
#ifdef QT_NO_DEBUG
aotContext->setInstructionPointer(5);
#endif
aotContext->initLoadContextIdLookup(1005);
if (aotContext->engine->hasError()) {
aotContext->setReturnValueUndefined();
if (argv[0]) {
    *static_cast<double *>(argv[0]) = double();
}
return;
}
}
{
}
// generate_GetLookup
#ifndef QT_NO_DEBUG
aotContext->setInstructionPointer(10);
#endif
while (!aotContext->getObjectLookup(1006, r2_0, &r2_1)) {
#ifdef QT_NO_DEBUG
aotContext->setInstructionPointer(10);
#endif
aotContext->initGetObjectLookup(1006, r2_0, QMetaType::fromType<double>());
if (aotContext->engine->hasError()) {
aotContext->setReturnValueUndefined();
if (argv[0]) {
    *static_cast<double *>(argv[0]) = double();
}
return;
}
}
{
}
// generate_StoreReg
r7_0 = r2_1;
{
}
// generate_LoadQmlContextPropertyLookup
#ifndef QT_NO_DEBUG
aotContext->setInstructionPointer(17);
#endif
while (!aotContext->loadContextIdLookup(1007, &r2_2)) {
#ifdef QT_NO_DEBUG
aotContext->setInstructionPointer(17);
#endif
aotContext->initLoadContextIdLookup(1007);
if (aotContext->engine->hasError()) {
aotContext->setReturnValueUndefined();
if (argv[0]) {
    *static_cast<double *>(argv[0]) = double();
}
return;
}
}
{
}
// generate_GetLookup
#ifndef QT_NO_DEBUG
aotContext->setInstructionPointer(22);
#endif
while (!aotContext->getObjectLookup(1008, r2_2, &r2_3)) {
#ifdef QT_NO_DEBUG
aotContext->setInstructionPointer(22);
#endif
aotContext->initGetObjectLookup(1008, r2_2, QMetaType::fromType<double>());
if (aotContext->engine->hasError()) {
aotContext->setReturnValueUndefined();
if (argv[0]) {
    *static_cast<double *>(argv[0]) = double();
}
return;
}
}
{
}
// generate_Add
r2_4 = (r7_0 + r2_3);
{
}
{
}
// generate_Ret
if (argv[0]) {
    *static_cast<double *>(argv[0]) = r2_4;
}
return;
}
 },{ 269, 0, [](QV4::ExecutableCompilationUnit *unit, QMetaType *argTypes) {
    struct { QV4::ExecutableCompilationUnit *compilationUnit; } c { unit };
    const auto *aotContext = &c;
    Q_UNUSED(aotContext);
    argTypes[0] = QMetaType::fromType<double>();
}, 
    [](const QQmlPrivate::AOTCompiledContext *aotContext, void **argv) {
Q_UNUSED(aotContext)
Q_UNUSED(argv)
// expression for width at line 1039, column 5
double r2_1;
double r7_0;
QObject *r2_0;
double r2_2;
// generate_LoadQmlContextPropertyLookup
#ifndef QT_NO_DEBUG
aotContext->setInstructionPointer(5);
#endif
while (!aotContext->loadScopeObjectPropertyLookup(1009, &r2_0)) {
#ifdef QT_NO_DEBUG
aotContext->setInstructionPointer(5);
#endif
aotContext->initLoadScopeObjectPropertyLookup(1009, []() { static const auto t = QMetaType::fromName("QQuickItem*"); return t; }());
if (aotContext->engine->hasError()) {
aotContext->setReturnValueUndefined();
if (argv[0]) {
    *static_cast<double *>(argv[0]) = double();
}
return;
}
}
{
}
// generate_GetLookup
#ifndef QT_NO_DEBUG
aotContext->setInstructionPointer(10);
#endif
while (!aotContext->getObjectLookup(1010, r2_0, &r2_1)) {
#ifdef QT_NO_DEBUG
aotContext->setInstructionPointer(10);
#endif
aotContext->initGetObjectLookup(1010, r2_0, QMetaType::fromType<double>());
if (aotContext->engine->hasError()) {
aotContext->setReturnValueUndefined();
if (argv[0]) {
    *static_cast<double *>(argv[0]) = double();
}
return;
}
}
{
}
// generate_StoreReg
r7_0 = r2_1;
{
}
// generate_LoadInt
r2_2 = double(40);
{
}
// generate_Sub
r2_2 = (r7_0 - r2_2);
{
}
{
}
// generate_Ret
if (argv[0]) {
    *static_cast<double *>(argv[0]) = r2_2;
}
return;
}
 },{ 272, 0, [](QV4::ExecutableCompilationUnit *unit, QMetaType *argTypes) {
    struct { QV4::ExecutableCompilationUnit *compilationUnit; } c { unit };
    const auto *aotContext = &c;
    Q_UNUSED(aotContext);
    argTypes[0] = []() { static const auto t = QMetaType::fromName("QQuickText::WrapMode"); return t; }();
}, 
    [](const QQmlPrivate::AOTCompiledContext *aotContext, void **argv) {
Q_UNUSED(aotContext)
Q_UNUSED(argv)
// expression for wrapMode at line 1049, column 5
int r2_0;
{
}
// generate_GetLookup
#ifndef QT_NO_DEBUG
aotContext->setInstructionPointer(10);
#endif
while (!aotContext->getEnumLookup(1028, &r2_0)) {
#ifdef QT_NO_DEBUG
aotContext->setInstructionPointer(10);
#endif
aotContext->initGetEnumLookup(1028, []() { static const auto t = QMetaType::fromName("QQuickText*"); return t; }().metaObject(), "WrapMode", "WordWrap");
if (aotContext->engine->hasError()) {
aotContext->setReturnValueUndefined();
if (argv[0]) {
    const QMetaType returnType = []() { static const auto t = QMetaType::fromName("QQuickText::WrapMode"); return t; }();
    returnType.destruct(argv[0]);
    returnType.construct(argv[0]);
 }
return;
}
}
{
}
{
}
// generate_Ret
if (argv[0]) {
    const QMetaType returnType = QMetaType::fromType<int>();
    returnType.destruct(argv[0]);
    returnType.construct(argv[0], &r2_0);
}
return;
}
 },{ 273, 0, [](QV4::ExecutableCompilationUnit *unit, QMetaType *argTypes) {
    struct { QV4::ExecutableCompilationUnit *compilationUnit; } c { unit };
    const auto *aotContext = &c;
    Q_UNUSED(aotContext);
    argTypes[0] = QMetaType::fromType<int>();
}, 
    [](const QQmlPrivate::AOTCompiledContext *aotContext, void **argv) {
Q_UNUSED(aotContext)
Q_UNUSED(argv)
// expression for pixelSize at line 1048, column 5
double r7_0;
double r2_1;
int r2_3;
double r2_2;
QObject *r2_0;
// generate_LoadQmlContextPropertyLookup
#ifndef QT_NO_DEBUG
aotContext->setInstructionPointer(5);
#endif
while (!aotContext->loadScopeObjectPropertyLookup(1029, &r2_0)) {
#ifdef QT_NO_DEBUG
aotContext->setInstructionPointer(5);
#endif
aotContext->initLoadScopeObjectPropertyLookup(1029, []() { static const auto t = QMetaType::fromName("QQuickItem*"); return t; }());
if (aotContext->engine->hasError()) {
aotContext->setReturnValueUndefined();
if (argv[0]) {
    *static_cast<int *>(argv[0]) = int();
}
return;
}
}
{
}
// generate_GetLookup
#ifndef QT_NO_DEBUG
aotContext->setInstructionPointer(10);
#endif
while (!aotContext->getObjectLookup(1030, r2_0, &r2_1)) {
#ifdef QT_NO_DEBUG
aotContext->setInstructionPointer(10);
#endif
aotContext->initGetObjectLookup(1030, r2_0, QMetaType::fromType<double>());
if (aotContext->engine->hasError()) {
aotContext->setReturnValueUndefined();
if (argv[0]) {
    *static_cast<int *>(argv[0]) = int();
}
return;
}
}
{
}
// generate_StoreReg
r7_0 = r2_1;
{
}
// generate_LoadInt
r2_2 = double(45);
{
}
// generate_Div
r2_3 = QJSNumberCoercion::toInteger((r7_0 / r2_2));
{
}
{
}
// generate_Ret
if (argv[0]) {
    *static_cast<int *>(argv[0]) = r2_3;
}
return;
}
 },{ 275, 0, [](QV4::ExecutableCompilationUnit *unit, QMetaType *argTypes) {
    struct { QV4::ExecutableCompilationUnit *compilationUnit; } c { unit };
    const auto *aotContext = &c;
    Q_UNUSED(aotContext);
    argTypes[0] = QMetaType::fromType<double>();
}, 
    [](const QQmlPrivate::AOTCompiledContext *aotContext, void **argv) {
Q_UNUSED(aotContext)
Q_UNUSED(argv)
// expression for width at line 1066, column 9
double r7_0;
double r2_1;
QObject *r2_0;
double r2_2;
// generate_LoadQmlContextPropertyLookup
#ifndef QT_NO_DEBUG
aotContext->setInstructionPointer(5);
#endif
while (!aotContext->loadScopeObjectPropertyLookup(1034, &r2_0)) {
#ifdef QT_NO_DEBUG
aotContext->setInstructionPointer(5);
#endif
aotContext->initLoadScopeObjectPropertyLookup(1034, []() { static const auto t = QMetaType::fromName("QQuickItem*"); return t; }());
if (aotContext->engine->hasError()) {
aotContext->setReturnValueUndefined();
if (argv[0]) {
    *static_cast<double *>(argv[0]) = double();
}
return;
}
}
{
}
// generate_GetLookup
#ifndef QT_NO_DEBUG
aotContext->setInstructionPointer(10);
#endif
while (!aotContext->getObjectLookup(1035, r2_0, &r2_1)) {
#ifdef QT_NO_DEBUG
aotContext->setInstructionPointer(10);
#endif
aotContext->initGetObjectLookup(1035, r2_0, QMetaType::fromType<double>());
if (aotContext->engine->hasError()) {
aotContext->setReturnValueUndefined();
if (argv[0]) {
    *static_cast<double *>(argv[0]) = double();
}
return;
}
}
{
}
// generate_StoreReg
r7_0 = r2_1;
{
}
// generate_LoadInt
r2_2 = double(20);
{
}
// generate_Sub
r2_2 = (r7_0 - r2_2);
{
}
{
}
// generate_Ret
if (argv[0]) {
    *static_cast<double *>(argv[0]) = r2_2;
}
return;
}
 },{ 276, 0, [](QV4::ExecutableCompilationUnit *unit, QMetaType *argTypes) {
    struct { QV4::ExecutableCompilationUnit *compilationUnit; } c { unit };
    const auto *aotContext = &c;
    Q_UNUSED(aotContext);
    argTypes[0] = QMetaType::fromType<double>();
}, 
    [](const QQmlPrivate::AOTCompiledContext *aotContext, void **argv) {
Q_UNUSED(aotContext)
Q_UNUSED(argv)
// expression for height at line 1067, column 9
QObject *r2_0;
double r2_1;
double r7_0;
double r2_2;
// generate_LoadQmlContextPropertyLookup
#ifndef QT_NO_DEBUG
aotContext->setInstructionPointer(5);
#endif
while (!aotContext->loadScopeObjectPropertyLookup(1036, &r2_0)) {
#ifdef QT_NO_DEBUG
aotContext->setInstructionPointer(5);
#endif
aotContext->initLoadScopeObjectPropertyLookup(1036, []() { static const auto t = QMetaType::fromName("QQuickItem*"); return t; }());
if (aotContext->engine->hasError()) {
aotContext->setReturnValueUndefined();
if (argv[0]) {
    *static_cast<double *>(argv[0]) = double();
}
return;
}
}
{
}
// generate_GetLookup
#ifndef QT_NO_DEBUG
aotContext->setInstructionPointer(10);
#endif
while (!aotContext->getObjectLookup(1037, r2_0, &r2_1)) {
#ifdef QT_NO_DEBUG
aotContext->setInstructionPointer(10);
#endif
aotContext->initGetObjectLookup(1037, r2_0, QMetaType::fromType<double>());
if (aotContext->engine->hasError()) {
aotContext->setReturnValueUndefined();
if (argv[0]) {
    *static_cast<double *>(argv[0]) = double();
}
return;
}
}
{
}
// generate_StoreReg
r7_0 = r2_1;
{
}
// generate_LoadInt
r2_2 = double(30);
{
}
// generate_Div
r2_2 = (r7_0 / r2_2);
{
}
{
}
// generate_Ret
if (argv[0]) {
    *static_cast<double *>(argv[0]) = r2_2;
}
return;
}
 },{ 278, 0, [](QV4::ExecutableCompilationUnit *unit, QMetaType *argTypes) {
    struct { QV4::ExecutableCompilationUnit *compilationUnit; } c { unit };
    const auto *aotContext = &c;
    Q_UNUSED(aotContext);
    argTypes[0] = QMetaType::fromType<double>();
}, 
    [](const QQmlPrivate::AOTCompiledContext *aotContext, void **argv) {
Q_UNUSED(aotContext)
Q_UNUSED(argv)
// expression for height at line 1078, column 9
double r7_0;
double r2_1;
QObject *r2_0;
double r2_2;
// generate_LoadQmlContextPropertyLookup
#ifndef QT_NO_DEBUG
aotContext->setInstructionPointer(5);
#endif
while (!aotContext->loadScopeObjectPropertyLookup(1041, &r2_0)) {
#ifdef QT_NO_DEBUG
aotContext->setInstructionPointer(5);
#endif
aotContext->initLoadScopeObjectPropertyLookup(1041, []() { static const auto t = QMetaType::fromName("QQuickItem*"); return t; }());
if (aotContext->engine->hasError()) {
aotContext->setReturnValueUndefined();
if (argv[0]) {
    *static_cast<double *>(argv[0]) = double();
}
return;
}
}
{
}
// generate_GetLookup
#ifndef QT_NO_DEBUG
aotContext->setInstructionPointer(10);
#endif
while (!aotContext->getObjectLookup(1042, r2_0, &r2_1)) {
#ifdef QT_NO_DEBUG
aotContext->setInstructionPointer(10);
#endif
aotContext->initGetObjectLookup(1042, r2_0, QMetaType::fromType<double>());
if (aotContext->engine->hasError()) {
aotContext->setReturnValueUndefined();
if (argv[0]) {
    *static_cast<double *>(argv[0]) = double();
}
return;
}
}
{
}
// generate_StoreReg
r7_0 = r2_1;
{
}
// generate_LoadInt
r2_2 = double(30);
{
}
// generate_Div
r2_2 = (r7_0 / r2_2);
{
}
{
}
// generate_Ret
if (argv[0]) {
    *static_cast<double *>(argv[0]) = r2_2;
}
return;
}
 },{ 311, 0, [](QV4::ExecutableCompilationUnit *unit, QMetaType *argTypes) {
    struct { QV4::ExecutableCompilationUnit *compilationUnit; } c { unit };
    const auto *aotContext = &c;
    Q_UNUSED(aotContext);
    argTypes[0] = QMetaType::fromType<double>();
}, 
    [](const QQmlPrivate::AOTCompiledContext *aotContext, void **argv) {
Q_UNUSED(aotContext)
Q_UNUSED(argv)
// expression for width at line 1210, column 13
double r2_1;
QObject *r2_0;
// generate_LoadQmlContextPropertyLookup
#ifndef QT_NO_DEBUG
aotContext->setInstructionPointer(5);
#endif
while (!aotContext->loadScopeObjectPropertyLookup(1167, &r2_0)) {
#ifdef QT_NO_DEBUG
aotContext->setInstructionPointer(5);
#endif
aotContext->initLoadScopeObjectPropertyLookup(1167, []() { static const auto t = QMetaType::fromName("QQuickItem*"); return t; }());
if (aotContext->engine->hasError()) {
aotContext->setReturnValueUndefined();
if (argv[0]) {
    *static_cast<double *>(argv[0]) = double();
}
return;
}
}
{
}
// generate_GetLookup
#ifndef QT_NO_DEBUG
aotContext->setInstructionPointer(10);
#endif
while (!aotContext->getObjectLookup(1168, r2_0, &r2_1)) {
#ifdef QT_NO_DEBUG
aotContext->setInstructionPointer(10);
#endif
aotContext->initGetObjectLookup(1168, r2_0, QMetaType::fromType<double>());
if (aotContext->engine->hasError()) {
aotContext->setReturnValueUndefined();
if (argv[0]) {
    *static_cast<double *>(argv[0]) = double();
}
return;
}
}
{
}
{
}
// generate_Ret
if (argv[0]) {
    *static_cast<double *>(argv[0]) = r2_1;
}
return;
}
 },{ 312, 0, [](QV4::ExecutableCompilationUnit *unit, QMetaType *argTypes) {
    struct { QV4::ExecutableCompilationUnit *compilationUnit; } c { unit };
    const auto *aotContext = &c;
    Q_UNUSED(aotContext);
    argTypes[0] = []() { static const auto t = QMetaType::fromName("QQuickItem*"); return t; }();
}, 
    [](const QQmlPrivate::AOTCompiledContext *aotContext, void **argv) {
Q_UNUSED(aotContext)
Q_UNUSED(argv)
// expression for centerIn at line 1208, column 13
QObject *r2_0;
// generate_LoadQmlContextPropertyLookup
#ifndef QT_NO_DEBUG
aotContext->setInstructionPointer(5);
#endif
while (!aotContext->loadScopeObjectPropertyLookup(1169, &r2_0)) {
#ifdef QT_NO_DEBUG
aotContext->setInstructionPointer(5);
#endif
aotContext->initLoadScopeObjectPropertyLookup(1169, []() { static const auto t = QMetaType::fromName("QQuickItem*"); return t; }());
if (aotContext->engine->hasError()) {
aotContext->setReturnValueUndefined();
if (argv[0]) {
    *static_cast<QObject * *>(argv[0]) = nullptr;
}
return;
}
}
{
}
{
}
// generate_Ret
if (argv[0]) {
    *static_cast<QObject * *>(argv[0]) = r2_0;
}
return;
}
 },{ 313, 0, [](QV4::ExecutableCompilationUnit *unit, QMetaType *argTypes) {
    struct { QV4::ExecutableCompilationUnit *compilationUnit; } c { unit };
    const auto *aotContext = &c;
    Q_UNUSED(aotContext);
    argTypes[0] = []() { static const auto t = QMetaType::fromName("QQuickText::HAlignment"); return t; }();
}, 
    [](const QQmlPrivate::AOTCompiledContext *aotContext, void **argv) {
Q_UNUSED(aotContext)
Q_UNUSED(argv)
// expression for horizontalAlignment at line 1217, column 17
int r2_0;
{
}
// generate_GetLookup
#ifndef QT_NO_DEBUG
aotContext->setInstructionPointer(10);
#endif
while (!aotContext->getEnumLookup(1171, &r2_0)) {
#ifdef QT_NO_DEBUG
aotContext->setInstructionPointer(10);
#endif
aotContext->initGetEnumLookup(1171, []() { static const auto t = QMetaType::fromName("QQuickText*"); return t; }().metaObject(), "HAlignment", "AlignHCenter");
if (aotContext->engine->hasError()) {
aotContext->setReturnValueUndefined();
if (argv[0]) {
    const QMetaType returnType = []() { static const auto t = QMetaType::fromName("QQuickText::HAlignment"); return t; }();
    returnType.destruct(argv[0]);
    returnType.construct(argv[0]);
 }
return;
}
}
{
}
{
}
// generate_Ret
if (argv[0]) {
    const QMetaType returnType = QMetaType::fromType<int>();
    returnType.destruct(argv[0]);
    returnType.construct(argv[0], &r2_0);
}
return;
}
 },{ 314, 0, [](QV4::ExecutableCompilationUnit *unit, QMetaType *argTypes) {
    struct { QV4::ExecutableCompilationUnit *compilationUnit; } c { unit };
    const auto *aotContext = &c;
    Q_UNUSED(aotContext);
    argTypes[0] = []() { static const auto t = QMetaType::fromName("QQuickText::VAlignment"); return t; }();
}, 
    [](const QQmlPrivate::AOTCompiledContext *aotContext, void **argv) {
Q_UNUSED(aotContext)
Q_UNUSED(argv)
// expression for verticalAlignment at line 1218, column 17
int r2_0;
{
}
// generate_GetLookup
#ifndef QT_NO_DEBUG
aotContext->setInstructionPointer(10);
#endif
while (!aotContext->getEnumLookup(1173, &r2_0)) {
#ifdef QT_NO_DEBUG
aotContext->setInstructionPointer(10);
#endif
aotContext->initGetEnumLookup(1173, []() { static const auto t = QMetaType::fromName("QQuickText*"); return t; }().metaObject(), "VAlignment", "AlignVCenter");
if (aotContext->engine->hasError()) {
aotContext->setReturnValueUndefined();
if (argv[0]) {
    const QMetaType returnType = []() { static const auto t = QMetaType::fromName("QQuickText::VAlignment"); return t; }();
    returnType.destruct(argv[0]);
    returnType.construct(argv[0]);
 }
return;
}
}
{
}
{
}
// generate_Ret
if (argv[0]) {
    const QMetaType returnType = QMetaType::fromType<int>();
    returnType.destruct(argv[0]);
    returnType.construct(argv[0], &r2_0);
}
return;
}
 },{ 315, 0, [](QV4::ExecutableCompilationUnit *unit, QMetaType *argTypes) {
    struct { QV4::ExecutableCompilationUnit *compilationUnit; } c { unit };
    const auto *aotContext = &c;
    Q_UNUSED(aotContext);
    argTypes[0] = []() { static const auto t = QMetaType::fromName("QQuickAnchorLine"); return t; }();
}, 
    [](const QQmlPrivate::AOTCompiledContext *aotContext, void **argv) {
Q_UNUSED(aotContext)
Q_UNUSED(argv)
// expression for horizontalCenter at line 1219, column 17
QObject *r2_0;
QVariant r2_1;
// generate_LoadQmlContextPropertyLookup
#ifndef QT_NO_DEBUG
aotContext->setInstructionPointer(5);
#endif
while (!aotContext->loadScopeObjectPropertyLookup(1174, &r2_0)) {
#ifdef QT_NO_DEBUG
aotContext->setInstructionPointer(5);
#endif
aotContext->initLoadScopeObjectPropertyLookup(1174, []() { static const auto t = QMetaType::fromName("QQuickItem*"); return t; }());
if (aotContext->engine->hasError()) {
aotContext->setReturnValueUndefined();
if (argv[0]) {
    const QMetaType returnType = []() { static const auto t = QMetaType::fromName("QQuickAnchorLine"); return t; }();
    returnType.destruct(argv[0]);
    returnType.construct(argv[0]);
 }
return;
}
}
{
}
// generate_GetLookup
#ifndef QT_NO_DEBUG
aotContext->setInstructionPointer(10);
#endif
r2_1 = QVariant(aotContext->lookupResultMetaType(1175));
while (!aotContext->getObjectLookup(1175, r2_0, r2_1.data())) {
#ifdef QT_NO_DEBUG
aotContext->setInstructionPointer(10);
#endif
aotContext->initGetObjectLookup(1175, r2_0, r2_1.metaType());
if (aotContext->engine->hasError()) {
aotContext->setReturnValueUndefined();
if (argv[0]) {
    const QMetaType returnType = []() { static const auto t = QMetaType::fromName("QQuickAnchorLine"); return t; }();
    returnType.destruct(argv[0]);
    returnType.construct(argv[0]);
 }
return;
}
r2_1 = QVariant(aotContext->lookupResultMetaType(1175));
}
{
}
{
}
// generate_Ret
if (argv[0]) {
    if (!r2_1.isValid())
        aotContext->setReturnValueUndefined();
    const QMetaType returnType = r2_1.metaType();
    returnType.destruct(argv[0]);
    returnType.construct(argv[0], r2_1.data());
}
return;
}
 },{ 316, 0, [](QV4::ExecutableCompilationUnit *unit, QMetaType *argTypes) {
    struct { QV4::ExecutableCompilationUnit *compilationUnit; } c { unit };
    const auto *aotContext = &c;
    Q_UNUSED(aotContext);
    argTypes[0] = []() { static const auto t = QMetaType::fromName("QQuickText::HAlignment"); return t; }();
}, 
    [](const QQmlPrivate::AOTCompiledContext *aotContext, void **argv) {
Q_UNUSED(aotContext)
Q_UNUSED(argv)
// expression for horizontalAlignment at line 1227, column 17
int r2_0;
{
}
// generate_GetLookup
#ifndef QT_NO_DEBUG
aotContext->setInstructionPointer(10);
#endif
while (!aotContext->getEnumLookup(1177, &r2_0)) {
#ifdef QT_NO_DEBUG
aotContext->setInstructionPointer(10);
#endif
aotContext->initGetEnumLookup(1177, []() { static const auto t = QMetaType::fromName("QQuickText*"); return t; }().metaObject(), "HAlignment", "AlignHCenter");
if (aotContext->engine->hasError()) {
aotContext->setReturnValueUndefined();
if (argv[0]) {
    const QMetaType returnType = []() { static const auto t = QMetaType::fromName("QQuickText::HAlignment"); return t; }();
    returnType.destruct(argv[0]);
    returnType.construct(argv[0]);
 }
return;
}
}
{
}
{
}
// generate_Ret
if (argv[0]) {
    const QMetaType returnType = QMetaType::fromType<int>();
    returnType.destruct(argv[0]);
    returnType.construct(argv[0], &r2_0);
}
return;
}
 },{ 317, 0, [](QV4::ExecutableCompilationUnit *unit, QMetaType *argTypes) {
    struct { QV4::ExecutableCompilationUnit *compilationUnit; } c { unit };
    const auto *aotContext = &c;
    Q_UNUSED(aotContext);
    argTypes[0] = []() { static const auto t = QMetaType::fromName("QQuickText::VAlignment"); return t; }();
}, 
    [](const QQmlPrivate::AOTCompiledContext *aotContext, void **argv) {
Q_UNUSED(aotContext)
Q_UNUSED(argv)
// expression for verticalAlignment at line 1228, column 17
int r2_0;
{
}
// generate_GetLookup
#ifndef QT_NO_DEBUG
aotContext->setInstructionPointer(10);
#endif
while (!aotContext->getEnumLookup(1179, &r2_0)) {
#ifdef QT_NO_DEBUG
aotContext->setInstructionPointer(10);
#endif
aotContext->initGetEnumLookup(1179, []() { static const auto t = QMetaType::fromName("QQuickText*"); return t; }().metaObject(), "VAlignment", "AlignVCenter");
if (aotContext->engine->hasError()) {
aotContext->setReturnValueUndefined();
if (argv[0]) {
    const QMetaType returnType = []() { static const auto t = QMetaType::fromName("QQuickText::VAlignment"); return t; }();
    returnType.destruct(argv[0]);
    returnType.construct(argv[0]);
 }
return;
}
}
{
}
{
}
// generate_Ret
if (argv[0]) {
    const QMetaType returnType = QMetaType::fromType<int>();
    returnType.destruct(argv[0]);
    returnType.construct(argv[0], &r2_0);
}
return;
}
 },{ 318, 0, [](QV4::ExecutableCompilationUnit *unit, QMetaType *argTypes) {
    struct { QV4::ExecutableCompilationUnit *compilationUnit; } c { unit };
    const auto *aotContext = &c;
    Q_UNUSED(aotContext);
    argTypes[0] = []() { static const auto t = QMetaType::fromName("QQuickAnchorLine"); return t; }();
}, 
    [](const QQmlPrivate::AOTCompiledContext *aotContext, void **argv) {
Q_UNUSED(aotContext)
Q_UNUSED(argv)
// expression for horizontalCenter at line 1229, column 17
QObject *r2_0;
QVariant r2_1;
// generate_LoadQmlContextPropertyLookup
#ifndef QT_NO_DEBUG
aotContext->setInstructionPointer(5);
#endif
while (!aotContext->loadScopeObjectPropertyLookup(1180, &r2_0)) {
#ifdef QT_NO_DEBUG
aotContext->setInstructionPointer(5);
#endif
aotContext->initLoadScopeObjectPropertyLookup(1180, []() { static const auto t = QMetaType::fromName("QQuickItem*"); return t; }());
if (aotContext->engine->hasError()) {
aotContext->setReturnValueUndefined();
if (argv[0]) {
    const QMetaType returnType = []() { static const auto t = QMetaType::fromName("QQuickAnchorLine"); return t; }();
    returnType.destruct(argv[0]);
    returnType.construct(argv[0]);
 }
return;
}
}
{
}
// generate_GetLookup
#ifndef QT_NO_DEBUG
aotContext->setInstructionPointer(10);
#endif
r2_1 = QVariant(aotContext->lookupResultMetaType(1181));
while (!aotContext->getObjectLookup(1181, r2_0, r2_1.data())) {
#ifdef QT_NO_DEBUG
aotContext->setInstructionPointer(10);
#endif
aotContext->initGetObjectLookup(1181, r2_0, r2_1.metaType());
if (aotContext->engine->hasError()) {
aotContext->setReturnValueUndefined();
if (argv[0]) {
    const QMetaType returnType = []() { static const auto t = QMetaType::fromName("QQuickAnchorLine"); return t; }();
    returnType.destruct(argv[0]);
    returnType.construct(argv[0]);
 }
return;
}
r2_1 = QVariant(aotContext->lookupResultMetaType(1181));
}
{
}
{
}
// generate_Ret
if (argv[0]) {
    if (!r2_1.isValid())
        aotContext->setReturnValueUndefined();
    const QMetaType returnType = r2_1.metaType();
    returnType.destruct(argv[0]);
    returnType.construct(argv[0], r2_1.data());
}
return;
}
 },{ 0, 0, nullptr, nullptr }};
QT_WARNING_POP
}
}
